2026-10-03T14:22:05.9520833Z Current runner version: '2.337.0'
2026-10-03T14:22:05.9548595Z ##[group]Runner Image Provisioner
2026-10-03T14:22:05.9549618Z Hosted Compute Agent
2026-10-03T14:22:05.9550242Z Version: 20260901.588
2026-10-03T14:22:05.9550877Z Commit: f88ec8081b781fac6c440065ac7ff9e710ce3d0b
2026-10-03T14:22:05.9552196Z Build Date: 2026-09-01T19:56:44Z
2026-10-03T14:22:05.9552978Z Worker ID: {92705f05-def5-45ab-8509-df4706cc154c}
2026-10-03T14:22:05.9553823Z Azure Region: eastus2
2026-10-03T14:22:05.9554430Z ##[endgroup]
2026-10-03T14:22:05.9555957Z ##[group]Operating System
2026-10-03T14:22:05.9556767Z Ubuntu
2026-10-03T14:22:05.9557417Z 24.04.5
2026-10-03T14:22:05.9558047Z LTS
2026-10-03T14:22:05.9558631Z ##[endgroup]
2026-10-03T14:22:05.9559207Z ##[group]Runner Image
2026-10-03T14:22:05.9559867Z Image: ubuntu-24.04
2026-10-03T14:22:05.9560495Z Version: 20260927.320.1
2026-10-03T14:22:05.9562049Z Included Software: https://github.com/actions/runner-images/blob/ubuntu24/20260927.320/images/ubuntu/Ubuntu2404-Readme.md
2026-10-03T14:22:05.9563986Z Image Release: https://github.com/actions/runner-images/releases/tag/ubuntu24%2F20260927.320
2026-10-03T14:22:05.9565076Z ##[endgroup]
2026-10-03T14:22:05.9566319Z ##[group]GITHUB_TOKEN Permissions
2026-10-03T14:22:05.9568511Z Contents: read
2026-10-03T14:22:05.9569167Z Metadata: read
2026-10-03T14:22:05.9569828Z Packages: read
2026-10-03T14:22:05.9570434Z ##[endgroup]
2026-10-03T14:22:05.9572725Z Secret source: Actions
2026-10-03T14:22:05.9573776Z Cache mode: write
2026-10-03T14:22:05.9574819Z Prepare workflow directory
2026-10-03T14:22:05.9899487Z Prepare all required actions
2026-10-03T14:22:05.9946502Z Getting action download info
2026-10-03T14:22:06.2629627Z Download action repository 'actions/checkout@v4' (SHA:11d5960a326750d5838078e36cf38b85af677262)
2026-10-03T14:22:06.3847640Z Download action repository 'actions/setup-python@v5' (SHA:a26af69be951a213d495a4c3e4e4022e16d87065)
2026-10-03T14:22:06.5680196Z Complete job name: portable (3.14)
2026-10-03T14:22:06.6429977Z ##[group]Run actions/checkout@v4
2026-10-03T14:22:06.6430893Z with:
2026-10-03T14:22:06.6431354Z   repository: Zefan-Cai/Open-Jev
2026-10-03T14:22:06.6435835Z   token: ***
2026-10-03T14:22:06.6436285Z   ssh-strict: true
2026-10-03T14:22:06.6436736Z   ssh-user: git
2026-10-03T14:22:06.6437205Z   persist-credentials: true
2026-10-03T14:22:06.6437724Z   clean: true
2026-10-03T14:22:06.6438187Z   sparse-checkout-cone-mode: true
2026-10-03T14:22:06.6438720Z   fetch-depth: 1
2026-10-03T14:22:06.6439171Z   fetch-tags: false
2026-10-03T14:22:06.6439625Z   show-progress: true
2026-10-03T14:22:06.6440087Z   lfs: false
2026-10-03T14:22:06.6440515Z   submodules: false
2026-10-03T14:22:06.6440977Z   set-safe-directory: true
2026-10-03T14:22:06.6441656Z   allow-unsafe-pr-checkout: false
2026-10-03T14:22:06.6442490Z ##[endgroup]
2026-10-03T14:22:06.7426350Z Syncing repository: Zefan-Cai/Open-Jev
2026-10-03T14:22:06.7428272Z ##[group]Getting Git version info
2026-10-03T14:22:06.7429099Z Working directory is '/home/runner/work/Open-Jev/Open-Jev'
2026-10-03T14:22:06.7430162Z [command]/usr/bin/git version
2026-10-03T14:22:06.7499723Z git version 2.55.0
2026-10-03T14:22:06.7522606Z ##[endgroup]
2026-10-03T14:22:06.7553838Z Temporarily overriding HOME='/home/runner/work/_temp/03da79b0-fb92-4eda-9295-9d6b2a0872a4' before making global git config changes
2026-10-03T14:22:06.7556297Z Adding repository directory to the temporary git global config as a safe directory
2026-10-03T14:22:06.7558272Z [command]/usr/bin/git config --global --add safe.directory /home/runner/work/Open-Jev/Open-Jev
2026-10-03T14:22:06.7609462Z Deleting the contents of '/home/runner/work/Open-Jev/Open-Jev'
2026-10-03T14:22:06.7616483Z ##[group]Initializing the repository
2026-10-03T14:22:06.7622701Z [command]/usr/bin/git init /home/runner/work/Open-Jev/Open-Jev
2026-10-03T14:22:06.7751057Z hint: Using 'master' as the name for the initial branch. This default branch name
2026-10-03T14:22:06.7753162Z hint: will change to "main" in Git 3.0. To configure the initial branch name
2026-10-03T14:22:06.7755123Z hint: to use in all of your new repositories, which will suppress this warning,
2026-10-03T14:22:06.7756499Z hint: call:
2026-10-03T14:22:06.7757219Z hint:
2026-10-03T14:22:06.7758050Z hint: 	git config --global init.defaultBranch <name>
2026-10-03T14:22:06.7759029Z hint:
2026-10-03T14:22:06.7760101Z hint: Names commonly chosen instead of 'master' are 'main', 'trunk' and
2026-10-03T14:22:06.7762072Z hint: 'development'. The just-created branch can be renamed via this command:
2026-10-03T14:22:06.7763419Z hint:
2026-10-03T14:22:06.7764156Z hint: 	git branch -m <name>
2026-10-03T14:22:06.7764984Z hint:
2026-10-03T14:22:06.7766064Z hint: Disable this message with "git config set advice.defaultBranchName false"
2026-10-03T14:22:06.7768322Z Initialized empty Git repository in /home/runner/work/Open-Jev/Open-Jev/.git/
2026-10-03T14:22:06.7770982Z [command]/usr/bin/git remote add origin https://github.com/Zefan-Cai/Open-Jev
2026-10-03T14:22:06.7852126Z ##[endgroup]
2026-10-03T14:22:06.7853600Z ##[group]Disabling automatic garbage collection
2026-10-03T14:22:06.7855697Z [command]/usr/bin/git config --local gc.auto 0
2026-10-03T14:22:06.7888190Z ##[endgroup]
2026-10-03T14:22:06.7889394Z ##[group]Setting up auth
2026-10-03T14:22:06.7895638Z [command]/usr/bin/git config --local --name-only --get-regexp core\.sshCommand
2026-10-03T14:22:06.7934153Z [command]/usr/bin/git submodule foreach --recursive sh -c "git config --local --name-only --get-regexp 'core\.sshCommand' && git config --local --unset-all 'core.sshCommand' || :"
2026-10-03T14:22:06.8316247Z [command]/usr/bin/git config --local --name-only --get-regexp http\.https\:\/\/github\.com\/\.extraheader
2026-10-03T14:22:06.8356906Z [command]/usr/bin/git submodule foreach --recursive sh -c "git config --local --name-only --get-regexp 'http\.https\:\/\/github\.com\/\.extraheader' && git config --local --unset-all 'http.https://github.com/.extraheader' || :"
2026-10-03T14:22:06.8578921Z [command]/usr/bin/git config --local --name-only --get-regexp ^includeIf\.gitdir:
2026-10-03T14:22:06.8616132Z [command]/usr/bin/git submodule foreach --recursive git config --local --show-origin --name-only --get-regexp remote.origin.url
2026-10-03T14:22:06.8837222Z [command]/usr/bin/git config --local http.https://github.com/.extraheader AUTHORIZATION: basic ***
2026-10-03T14:22:06.8876944Z ##[endgroup]
2026-10-03T14:22:06.8877835Z ##[group]Fetching the repository
2026-10-03T14:22:06.8886920Z [command]/usr/bin/git -c protocol.version=2 fetch --no-tags --prune --no-recurse-submodules --depth=1 origin +2571666656e5b470a6198f9abe6e37591c8a445e:refs/remotes/origin/codex/open-jev-v8-source-loader-20261003
2026-10-03T14:22:08.2130532Z From https://github.com/Zefan-Cai/Open-Jev
2026-10-03T14:22:08.2153692Z  * [new ref]         2571666656e5b470a6198f9abe6e37591c8a445e -> origin/codex/open-jev-v8-source-loader-20261003
2026-10-03T14:22:08.2164903Z ##[endgroup]
2026-10-03T14:22:08.2166276Z ##[group]Determining the checkout info
2026-10-03T14:22:08.2167892Z ##[endgroup]
2026-10-03T14:22:08.2168839Z [command]/usr/bin/git sparse-checkout disable
2026-10-03T14:22:08.2205422Z [command]/usr/bin/git config --local --unset-all extensions.worktreeConfig
2026-10-03T14:22:08.2240374Z ##[group]Checking out the ref
2026-10-03T14:22:08.2255042Z [command]/usr/bin/git checkout --progress --force -B codex/open-jev-v8-source-loader-20261003 refs/remotes/origin/codex/open-jev-v8-source-loader-20261003
2026-10-03T14:22:08.6416127Z Switched to a new branch 'codex/open-jev-v8-source-loader-20261003'
2026-10-03T14:22:08.6444147Z branch 'codex/open-jev-v8-source-loader-20261003' set up to track 'origin/codex/open-jev-v8-source-loader-20261003'.
2026-10-03T14:22:08.6451405Z ##[endgroup]
2026-10-03T14:22:08.6504847Z [command]/usr/bin/git log -1 --format=%H
2026-10-03T14:22:08.6533447Z 2571666656e5b470a6198f9abe6e37591c8a445e
2026-10-03T14:22:08.6815297Z ##[group]Run actions/setup-python@v5
2026-10-03T14:22:08.6815757Z with:
2026-10-03T14:22:08.6816041Z   python-version: 3.14
2026-10-03T14:22:08.6816369Z   check-latest: false
2026-10-03T14:22:08.6819805Z   token: ***
2026-10-03T14:22:08.6820120Z   update-environment: true
2026-10-03T14:22:08.6820455Z   allow-prereleases: false
2026-10-03T14:22:08.6820787Z   freethreaded: false
2026-10-03T14:22:08.6821090Z ##[endgroup]
2026-10-03T14:22:08.8134207Z ##[group]Installed versions
2026-10-03T14:22:08.8218044Z (node:2275) [DEP0040] DeprecationWarning: The `punycode` module is deprecated. Please use a userland alternative instead.
2026-10-03T14:22:08.8219792Z (Use `node --trace-deprecation ...` to show where the warning was created)
2026-10-03T14:22:08.8220721Z Successfully set up CPython (3.14.7)
2026-10-03T14:22:08.8222025Z ##[endgroup]
2026-10-03T14:22:08.8399983Z ##[group]Run python -m pip install build
2026-10-03T14:22:08.8400582Z [36;1mpython -m pip install build[0m
2026-10-03T14:22:08.8817265Z shell: /usr/bin/bash -e {0}
2026-10-03T14:22:08.8817811Z env:
2026-10-03T14:22:08.8818258Z   pythonLocation: /opt/hostedtoolcache/Python/3.14.7/x64
2026-10-03T14:22:08.8818970Z   PKG_CONFIG_PATH: /opt/hostedtoolcache/Python/3.14.7/x64/lib/pkgconfig
2026-10-03T14:22:08.8819633Z   Python_ROOT_DIR: /opt/hostedtoolcache/Python/3.14.7/x64
2026-10-03T14:22:08.8820237Z   Python2_ROOT_DIR: /opt/hostedtoolcache/Python/3.14.7/x64
2026-10-03T14:22:08.8886914Z   Python3_ROOT_DIR: /opt/hostedtoolcache/Python/3.14.7/x64
2026-10-03T14:22:08.8887993Z   LD_LIBRARY_PATH: /opt/hostedtoolcache/Python/3.14.7/x64/lib
2026-10-03T14:22:08.8888860Z ##[endgroup]
2026-10-03T14:22:12.0384627Z Collecting build
2026-10-03T14:22:12.0988654Z   Downloading build-1.6.1-py3-none-any.whl.metadata (5.6 kB)
2026-10-03T14:22:12.1224652Z Collecting packaging>=24.0 (from build)
2026-10-03T14:22:12.1301346Z   Downloading packaging-26.3-py3-none-any.whl.metadata (3.5 kB)
2026-10-03T14:22:12.1447794Z Collecting pyproject_hooks (from build)
2026-10-03T14:22:12.1526573Z   Downloading pyproject_hooks-1.3.3-py3-none-any.whl.metadata (1.3 kB)
2026-10-03T14:22:12.1640921Z Downloading build-1.6.1-py3-none-any.whl (31 kB)
2026-10-03T14:22:12.1805190Z Downloading packaging-26.3-py3-none-any.whl (129 kB)
2026-10-03T14:22:12.1981418Z Downloading pyproject_hooks-1.3.3-py3-none-any.whl (10 kB)
2026-10-03T14:22:12.3468833Z Installing collected packages: pyproject_hooks, packaging, build
2026-10-03T14:22:12.5086188Z 
2026-10-03T14:22:12.5098892Z Successfully installed build-1.6.1 packaging-26.3 pyproject_hooks-1.3.3
2026-10-03T14:22:12.5717591Z ##[group]Run python -m unittest discover -s tests -v
2026-10-03T14:22:12.5718047Z [36;1mpython -m unittest discover -s tests -v[0m
2026-10-03T14:22:12.5785128Z shell: /usr/bin/bash -e {0}
2026-10-03T14:22:12.5785454Z env:
2026-10-03T14:22:12.5785752Z   pythonLocation: /opt/hostedtoolcache/Python/3.14.7/x64
2026-10-03T14:22:12.5786249Z   PKG_CONFIG_PATH: /opt/hostedtoolcache/Python/3.14.7/x64/lib/pkgconfig
2026-10-03T14:22:12.5786740Z   Python_ROOT_DIR: /opt/hostedtoolcache/Python/3.14.7/x64
2026-10-03T14:22:12.5787175Z   Python2_ROOT_DIR: /opt/hostedtoolcache/Python/3.14.7/x64
2026-10-03T14:22:12.5787618Z   Python3_ROOT_DIR: /opt/hostedtoolcache/Python/3.14.7/x64
2026-10-03T14:22:12.5788053Z   LD_LIBRARY_PATH: /opt/hostedtoolcache/Python/3.14.7/x64/lib
2026-10-03T14:22:12.5788426Z ##[endgroup]
2026-10-03T14:22:15.2375631Z test_case_family_split_and_all_candidate_coverage_are_checked (test_amount_extraction_control.AmountCorpusAuditTest.test_case_family_split_and_all_candidate_coverage_are_checked) ... ok
2026-10-03T14:22:15.2409951Z test_generator_refuses_existing_dataset (test_amount_extraction_control.AmountCorpusAuditTest.test_generator_refuses_existing_dataset) ... ok
2026-10-03T14:22:15.3330765Z test_hidden_labels_and_metadata_do_not_enter_candidate_prompts (test_amount_extraction_control.AmountCorpusAuditTest.test_hidden_labels_and_metadata_do_not_enter_candidate_prompts) ... ok
2026-10-03T14:22:15.5042027Z test_joint_selection_reference_and_target_mutation_is_rejected (test_amount_extraction_control.AmountCorpusAuditTest.test_joint_selection_reference_and_target_mutation_is_rejected) ... ok
2026-10-03T14:22:15.8501830Z test_original_dataset_counts_recall_and_all_candidate_attributes (test_amount_extraction_control.AmountCorpusAuditTest.test_original_dataset_counts_recall_and_all_candidate_attributes) ... ok
2026-10-03T14:22:16.2189578Z test_output_exclusive_creation_preserves_concurrent_file (test_amount_extraction_control.AmountCorpusAuditTest.test_output_exclusive_creation_preserves_concurrent_file) ... ok
2026-10-03T14:22:16.2304070Z test_output_rejects_dataset_paths_aliases_existing_files_and_symlinks (test_amount_extraction_control.AmountCorpusAuditTest.test_output_rejects_dataset_paths_aliases_existing_files_and_symlinks) ... ok
2026-10-03T14:22:16.2424289Z test_source_hash_binding_and_unsealed_bytes_fail (test_amount_extraction_control.AmountCorpusAuditTest.test_source_hash_binding_and_unsealed_bytes_fail) ... ok
2026-10-03T14:22:16.5811426Z test_undefined_is_credit_cannot_gain_a_false_supervised_target (test_amount_extraction_control.AmountCorpusAuditTest.test_undefined_is_credit_cannot_gain_a_false_supervised_target) ... ok
2026-10-03T14:22:16.9390250Z test_visible_flow_mutation_and_wrong_normalization_are_independently_detected (test_amount_extraction_control.AmountCorpusAuditTest.test_visible_flow_mutation_and_wrong_normalization_are_independently_detected) ... ok
2026-10-03T14:22:16.9408595Z test_absent_unsupported_and_unrecalled_populated_fields_remain_distinct (test_amount_extraction_control.AmountRuntimeTest.test_absent_unsupported_and_unrecalled_populated_fields_remain_distinct) ... ok
2026-10-03T14:22:16.9435217Z test_ascii_numeric_grammar_rejects_mixed_unicode_malformed_grouping_and_signs (test_amount_extraction_control.AmountRuntimeTest.test_ascii_numeric_grammar_rejects_mixed_unicode_malformed_grouping_and_signs) ... ok
2026-10-03T14:22:16.9469770Z test_candidate_limit_no_candidates_and_actual_candidate_binding (test_amount_extraction_control.AmountRuntimeTest.test_candidate_limit_no_candidates_and_actual_candidate_binding) ... ok
2026-10-03T14:22:16.9477768Z test_candidates_are_query_blind_and_preserve_original_character_offsets (test_amount_extraction_control.AmountRuntimeTest.test_candidates_are_query_blind_and_preserve_original_character_offsets) ... ok
2026-10-03T14:22:16.9489395Z test_exact_long_decimal_credit_and_zero_ignore_decimal_context (test_amount_extraction_control.AmountRuntimeTest.test_exact_long_decimal_credit_and_zero_ignore_decimal_context) ... ok
2026-10-03T14:22:16.9513484Z test_independent_candidate_scanner_matches_prefix_suffix_and_boundary_cases (test_amount_extraction_control.AmountRuntimeTest.test_independent_candidate_scanner_matches_prefix_suffix_and_boundary_cases) ... ok
2026-10-03T14:22:16.9516305Z test_locale_headers_are_required_unique_and_consistent (test_amount_extraction_control.AmountRuntimeTest.test_locale_headers_are_required_unique_and_consistent) ... ok
2026-10-03T14:22:16.9526784Z test_partial_candidates_cannot_be_rescued_by_counterfeit_predictions (test_amount_extraction_control.AmountRuntimeTest.test_partial_candidates_cannot_be_rescued_by_counterfeit_predictions) ... ok
2026-10-03T14:22:16.9532469Z test_same_value_different_offsets_and_duplicate_target_roles (test_amount_extraction_control.AmountRuntimeTest.test_same_value_different_offsets_and_duplicate_target_roles) ... ok
2026-10-03T14:22:16.9556147Z test_unsigned_signed_conflicting_and_unknown_directions (test_amount_extraction_control.AmountRuntimeTest.test_unsigned_signed_conflicting_and_unknown_directions) ... ok
2026-10-03T14:22:16.9591271Z test_visible_currency_markers_declarations_and_unsupported_currency (test_amount_extraction_control.AmountRuntimeTest.test_visible_currency_markers_declarations_and_unsupported_currency) ... ok
2026-10-03T14:22:16.9632226Z test_changed_artifact_manifest_and_producer_fail_before_dispatch (test_amount_service.AmountDriverFixtures.test_changed_artifact_manifest_and_producer_fail_before_dispatch) ... ok
2026-10-03T14:22:16.9726117Z test_driver_preserves_actual_wire_and_labels_fixture_evidence (test_amount_service.AmountDriverFixtures.test_driver_preserves_actual_wire_and_labels_fixture_evidence) ... ok
2026-10-03T14:22:16.9789870Z test_failed_default_http_path_never_marks_model_quality_evidence (test_amount_service.AmountDriverFixtures.test_failed_default_http_path_never_marks_model_quality_evidence) ... ok
2026-10-03T14:22:16.9853783Z test_interruption_during_b_retains_a_and_all_fixed_denominators (test_amount_service.AmountDriverFixtures.test_interruption_during_b_retains_a_and_all_fixed_denominators) ... ok
2026-10-03T14:22:16.9858797Z test_invalid_identity_split_and_transport_flags_fail_before_dispatch (test_amount_service.AmountDriverFixtures.test_invalid_identity_split_and_transport_flags_fail_before_dispatch) ... ok
2026-10-03T14:22:16.9896593Z test_loader_never_decodes_nonheldout_or_typed_targets (test_amount_service.AmountDriverFixtures.test_loader_never_decodes_nonheldout_or_typed_targets) ... ok
2026-10-03T14:22:16.9924907Z test_outputs_cannot_overwrite_data_or_follow_output_symlink (test_amount_service.AmountDriverFixtures.test_outputs_cannot_overwrite_data_or_follow_output_symlink) ... ok
2026-10-03T14:22:17.0012189Z test_postrun_artifact_change_invalidates_evidence (test_amount_service.AmountDriverFixtures.test_postrun_artifact_change_invalidates_evidence) ... ok
2026-10-03T14:22:17.0031188Z test_absent_and_ambiguous_refusals_have_no_unique_target_denominator (test_amount_service.AmountPipelineFixtures.test_absent_and_ambiguous_refusals_have_no_unique_target_denominator) ... ok
2026-10-03T14:22:17.0069393Z test_b_http_schema_and_identity_failure_preserve_a (test_amount_service.AmountPipelineFixtures.test_b_http_schema_and_identity_failure_preserve_a) ... ok
2026-10-03T14:22:17.0089671Z test_b_uses_actual_wrong_role_even_when_presence_is_false (test_amount_service.AmountPipelineFixtures.test_b_uses_actual_wrong_role_even_when_presence_is_false) ... ok
2026-10-03T14:22:17.0108787Z test_equal_amount_at_other_offset_is_not_extraction_success (test_amount_service.AmountPipelineFixtures.test_equal_amount_at_other_offset_is_not_extraction_success) ... ok
2026-10-03T14:22:17.0119476Z test_forced_single_none_still_requires_a_valid_response (test_amount_service.AmountPipelineFixtures.test_forced_single_none_still_requires_a_valid_response) ... ok
2026-10-03T14:22:17.0134610Z test_metadata_locks_before_invalid_a_answers (test_amount_service.AmountPipelineFixtures.test_metadata_locks_before_invalid_a_answers) ... ok
2026-10-03T14:22:17.0144890Z test_miss_none_is_span_correct_but_never_extracted (test_amount_service.AmountPipelineFixtures.test_miss_none_is_span_correct_but_never_extracted) ... ok
2026-10-03T14:22:17.0160987Z test_partial_selection_cannot_be_repaired_by_predicted_known (test_amount_service.AmountPipelineFixtures.test_partial_selection_cannot_be_repaired_by_predicted_known) ... ok
2026-10-03T14:22:17.0180166Z test_predicted_known_cannot_make_unknown_reference_normalizable (test_amount_service.AmountPipelineFixtures.test_predicted_known_cannot_make_unknown_reference_normalizable) ... ok
2026-10-03T14:22:17.0197169Z test_presence_false_keeps_value_score_but_fails_complete_output (test_amount_service.AmountPipelineFixtures.test_presence_false_keeps_value_score_but_fails_complete_output) ... ok
2026-10-03T14:22:17.0213917Z test_reference_currency_review_keeps_known_credit_denominator (test_amount_service.AmountPipelineFixtures.test_reference_currency_review_keeps_known_credit_denominator) ... ok
2026-10-03T14:22:17.0246080Z test_reference_known_credit_scored_even_when_predicted_unknown (test_amount_service.AmountPipelineFixtures.test_reference_known_credit_scored_even_when_predicted_unknown) ... ok
2026-10-03T14:22:17.0308426Z test_supported_currencies_signs_and_long_decimal_remain_exact (test_amount_service.AmountPipelineFixtures.test_supported_currencies_signs_and_long_decimal_remain_exact) ... ok
2026-10-03T14:22:17.0357013Z test_undefined_credit_still_requires_protocol_valid_probability (test_amount_service.AmountPipelineFixtures.test_undefined_credit_still_requires_protocol_valid_probability) ... ok
2026-10-03T14:22:17.0402706Z test_undefined_credit_valid_probabilities_do_not_change_defined_score (test_amount_service.AmountPipelineFixtures.test_undefined_credit_valid_probabilities_do_not_change_defined_score) ... ok
2026-10-03T14:22:17.0449566Z test_wrong_b_heads_collapsing_to_review_do_not_succeed (test_amount_service.AmountPipelineFixtures.test_wrong_b_heads_collapsing_to_review_do_not_succeed) ... ok
2026-10-03T14:22:17.0452036Z test_all_primitives_have_exact_typed_outputs (test_api.TypedAPITest.test_all_primitives_have_exact_typed_outputs) ... ok
2026-10-03T14:22:17.0721657Z test_api_cold_import_has_no_torch_dependency (test_api.TypedAPITest.test_api_cold_import_has_no_torch_dependency) ... ok
2026-10-03T14:22:17.0727309Z test_cardinality_and_primitive_validation (test_api.TypedAPITest.test_cardinality_and_primitive_validation) ... ok
2026-10-03T14:22:17.0729035Z test_input_mutation_does_not_modify_compiled_state (test_api.TypedAPITest.test_input_mutation_does_not_modify_compiled_state) ... ok
2026-10-03T14:22:17.0731129Z test_invalid_model_probabilities_are_never_formatted_as_answers (test_api.TypedAPITest.test_invalid_model_probabilities_are_never_formatted_as_answers) ... ok
2026-10-03T14:22:17.0733426Z test_noul_accepts_optional_true_and_false_criteria (test_api.TypedAPITest.test_noul_accepts_optional_true_and_false_criteria) ... ok
2026-10-03T14:22:17.0735410Z test_question_ids_labels_targets_and_siblings_are_isolated (test_api.TypedAPITest.test_question_ids_labels_targets_and_siblings_are_isolated) ... ok
2026-10-03T14:22:17.0737334Z test_score_sees_own_description_without_neighbor_or_number (test_api.TypedAPITest.test_score_sees_own_description_without_neighbor_or_number) ... ok
2026-10-03T14:22:17.0739292Z test_structured_descriptions_and_null_choice_descriptions (test_api.TypedAPITest.test_structured_descriptions_and_null_choice_descriptions) ... ok
2026-10-03T14:22:17.1461384Z test_cli_writes_fresh_receipt_and_sparse_stdout (test_audit_boundary_controls_v7.IndependentDirectoryTests.test_cli_writes_fresh_receipt_and_sparse_stdout) ... ok
2026-10-03T14:22:17.1818124Z test_complete_hand_authored_groups_and_structural_limits (test_audit_boundary_controls_v7.IndependentDirectoryTests.test_complete_hand_authored_groups_and_structural_limits) ... ok
2026-10-03T14:22:17.2563781Z test_condition_target_and_incomplete_group_rejected (test_audit_boundary_controls_v7.IndependentDirectoryTests.test_condition_target_and_incomplete_group_rejected) ... ok
2026-10-03T14:22:17.3257939Z test_directory_receipt_hashes_and_changed_bytes (test_audit_boundary_controls_v7.IndependentDirectoryTests.test_directory_receipt_hashes_and_changed_bytes) ... ok
2026-10-03T14:22:17.3665767Z test_kind_truth_coupled_structure_rejected (test_audit_boundary_controls_v7.IndependentDirectoryTests.test_kind_truth_coupled_structure_rejected) ... ok
2026-10-03T14:22:17.4209531Z test_rehashed_wrong_rule_still_fails_independent_replay (test_audit_boundary_controls_v7.IndependentDirectoryTests.test_rehashed_wrong_rule_still_fails_independent_replay) ... ok
2026-10-03T14:22:17.4214084Z test_gregorian_offset_manual_epoch_fixtures (test_audit_boundary_controls_v7.IndependentGoldTests.test_gregorian_offset_manual_epoch_fixtures) ... ok
2026-10-03T14:22:17.4216430Z test_integer_ledger_cancellation_negative_and_one_cent_without_float (test_audit_boundary_controls_v7.IndependentGoldTests.test_integer_ledger_cancellation_negative_and_one_cent_without_float) ... ok
2026-10-03T14:22:17.4218506Z test_joint_latest_valid_scope_and_minimum_capacity (test_audit_boundary_controls_v7.IndependentGoldTests.test_joint_latest_valid_scope_and_minimum_capacity) ... ok
2026-10-03T14:22:17.4220604Z test_policy_withdrawal_and_absence_precede_fraud_no_fallback (test_audit_boundary_controls_v7.IndependentGoldTests.test_policy_withdrawal_and_absence_precede_fraud_no_fallback) ... ok
2026-10-03T14:22:17.4222423Z test_revocation_precedes_missing_consent (test_audit_boundary_controls_v7.IndependentGoldTests.test_revocation_precedes_missing_consent) ... ok
2026-10-03T14:22:17.4223953Z test_temporal_closed_endpoints_and_exception_precedence (test_audit_boundary_controls_v7.IndependentGoldTests.test_temporal_closed_endpoints_and_exception_precedence) ... ok
2026-10-03T14:22:17.4225461Z test_visible_question_and_contract_mutations_rejected (test_audit_boundary_controls_v7.IndependentGoldTests.test_visible_question_and_contract_mutations_rejected) ... ok
2026-10-03T14:22:17.4226781Z test_exact_integer_and_boolean_types (test_audit_frontier_controls_v8.PrimitiveOracleTests.test_exact_integer_and_boolean_types) ... ok
2026-10-03T14:22:17.4228194Z test_money_format_is_exact_for_negative_and_large_cents (test_audit_frontier_controls_v8.PrimitiveOracleTests.test_money_format_is_exact_for_negative_and_large_cents) ... ok
2026-10-03T14:22:17.4231675Z test_time_uses_absolute_instants_across_offsets_and_leap_day (test_audit_frontier_controls_v8.PrimitiveOracleTests.test_time_uses_absolute_instants_across_offsets_and_leap_day) ... ok
2026-10-03T14:22:17.4234707Z test_account_closed_paused_unknown_active_priority_and_latest_status (test_audit_frontier_controls_v8.StateOracleTests.test_account_closed_paused_unknown_active_priority_and_latest_status) ... ok
2026-10-03T14:22:17.4239113Z test_canonical_balance_candidates_and_visible_proposition (test_audit_frontier_controls_v8.StateOracleTests.test_canonical_balance_candidates_and_visible_proposition) ... ok
2026-10-03T14:22:17.4242193Z test_composed_signed_ledgers_and_no_boolean_or_neutral_operands (test_audit_frontier_controls_v8.StateOracleTests.test_composed_signed_ledgers_and_no_boolean_or_neutral_operands) ... ok
2026-10-03T14:22:17.4245109Z test_department_fraud_before_missing_or_withdrawn_policy (test_audit_frontier_controls_v8.StateOracleTests.test_department_fraud_before_missing_or_withdrawn_policy) ... ok
2026-10-03T14:22:17.4249945Z test_department_normalization_preserves_unequal_components_under_reversal (test_audit_frontier_controls_v8.StateOracleTests.test_department_normalization_preserves_unequal_components_under_reversal) ... ok
2026-10-03T14:22:17.4252941Z test_foreign_reference_equality_is_preserved_even_when_gold_ignores_it (test_audit_frontier_controls_v8.StateOracleTests.test_foreign_reference_equality_is_preserved_even_when_gold_ignores_it) ... ok
2026-10-03T14:22:17.4255941Z test_full_matcher_accepts_consistent_renaming_and_rejects_identity_merge (test_audit_frontier_controls_v8.StateOracleTests.test_full_matcher_accepts_consistent_renaming_and_rejects_identity_merge) ... ok
2026-10-03T14:22:17.4258331Z test_full_typed_presentation_matcher_preserves_all_ids_and_values (test_audit_frontier_controls_v8.StateOracleTests.test_full_typed_presentation_matcher_preserves_all_ids_and_values) ... ok
2026-10-03T14:22:17.4260117Z test_joint_exact_capacity_scope_and_revoke_before_missing_or_amount (test_audit_frontier_controls_v8.StateOracleTests.test_joint_exact_capacity_scope_and_revoke_before_missing_or_amount) ... ok
2026-10-03T14:22:17.4261931Z test_joint_regrant_and_tied_authority (test_audit_frontier_controls_v8.StateOracleTests.test_joint_regrant_and_tied_authority) ... ok
2026-10-03T14:22:17.4269926Z test_old_directory_and_symlink_are_rejected_before_any_row_read (test_audit_frontier_controls_v8.StateOracleTests.test_old_directory_and_symlink_are_rejected_before_any_row_read) ... ok
2026-10-03T14:22:17.4272888Z test_policy_identity_normalization_ignores_mapping_key_order (test_audit_frontier_controls_v8.StateOracleTests.test_policy_identity_normalization_ignores_mapping_key_order) ... ok
2026-10-03T14:22:17.4284390Z test_provisional_split_hash_rejected_before_row_json_parse (test_audit_frontier_controls_v8.StateOracleTests.test_provisional_split_hash_rejected_before_row_json_parse) ... ok
2026-10-03T14:22:17.4287958Z test_refund_canonical_first_last_annotations_survive_verified_reversal (test_audit_frontier_controls_v8.StateOracleTests.test_refund_canonical_first_last_annotations_survive_verified_reversal) ... ok
2026-10-03T14:22:17.4289544Z test_refund_recall_before_document_ineligibility_and_total_capacity (test_audit_frontier_controls_v8.StateOracleTests.test_refund_recall_before_document_ineligibility_and_total_capacity) ... ok
2026-10-03T14:22:17.4292064Z test_temporal_advance_and_duplicate_applicable_sequences (test_audit_frontier_controls_v8.StateOracleTests.test_temporal_advance_and_duplicate_applicable_sequences) ... ok
2026-10-03T14:22:17.4294584Z test_temporal_corrected_anchor_inclusive_endpoints_exception_and_invalid_records (test_audit_frontier_controls_v8.StateOracleTests.test_temporal_corrected_anchor_inclusive_endpoints_exception_and_invalid_records) ... ok
2026-10-03T14:22:17.4296637Z test_topic_scope_exactness_and_duplicate_valid_revision (test_audit_frontier_controls_v8.StateOracleTests.test_topic_scope_exactness_and_duplicate_valid_revision) ... ok
2026-10-03T14:22:17.4299158Z test_topics_resolve_all_authority_before_fraud_and_ignore_invalid_high_revision (test_audit_frontier_controls_v8.StateOracleTests.test_topics_resolve_all_authority_before_fraud_and_ignore_invalid_high_revision) ... ok
2026-10-03T14:22:17.4301245Z test_visible_policy_and_proposition_gold_ignore_metadata_conditions (test_audit_frontier_controls_v8.StateOracleTests.test_visible_policy_and_proposition_gold_ignore_metadata_conditions) ... ok
2026-10-03T14:22:17.4323981Z test_every_git_variable_scrubbed_and_exact_commit_used (test_audit_frontier_training_v8.CommittedSourceTests.test_every_git_variable_scrubbed_and_exact_commit_used) ... ok
2026-10-03T14:22:17.4351745Z test_wrong_repository_root_or_source_bytes_rejected (test_audit_frontier_training_v8.CommittedSourceTests.test_wrong_repository_root_or_source_bytes_rejected) ... ok
2026-10-03T14:22:17.4373446Z test_full_numeric_menu_origin_changes_block_but_shared_atom_alone_does_not (test_audit_frontier_training_v8.InputIsolationTests.test_full_numeric_menu_origin_changes_block_but_shared_atom_alone_does_not) ... ok
2026-10-03T14:22:17.4386927Z test_inherited_typed_query_clone_blocks_and_exports_no_old_body (test_audit_frontier_training_v8.InputIsolationTests.test_inherited_typed_query_clone_blocks_and_exports_no_old_body) ... ok
2026-10-03T14:22:17.4390769Z test_noul_query_outcome_and_negation_cannot_be_ignored (test_audit_frontier_training_v8.InputIsolationTests.test_noul_query_outcome_and_negation_cannot_be_ignored) ... ok
2026-10-03T14:22:17.4396432Z test_option_rotation_and_invisible_metadata_do_not_disguise_compiled_copy (test_audit_frontier_training_v8.InputIsolationTests.test_option_rotation_and_invisible_metadata_do_not_disguise_compiled_copy) ... ok
2026-10-03T14:22:17.4422078Z test_parent_closure_excludes_unmatched_siblings_without_label_selection (test_audit_frontier_training_v8.InputIsolationTests.test_parent_closure_excludes_unmatched_siblings_without_label_selection) ... ok
2026-10-03T14:22:17.4428232Z test_parent_identifier_cannot_cross_splits_with_different_facts (test_audit_frontier_training_v8.InputIsolationTests.test_parent_identifier_cannot_cross_splits_with_different_facts) ... ok
2026-10-03T14:22:17.4512214Z test_preserved_full_receipt_to_exact_declared_derivative_passes (test_audit_frontier_training_v8.InputIsolationTests.test_preserved_full_receipt_to_exact_declared_derivative_passes) ... ok
2026-10-03T14:22:17.4519912Z test_reserved_to_reserved_collision_is_checked (test_audit_frontier_training_v8.InputIsolationTests.test_reserved_to_reserved_collision_is_checked) ... ok
2026-10-03T14:22:17.4527232Z test_subject_edges_are_preserved_independently (test_audit_frontier_training_v8.InputIsolationTests.test_subject_edges_are_preserved_independently) ... ok
2026-10-03T14:22:17.4544958Z test_unreviewed_question_does_not_claim_proven_semantic_clone (test_audit_frontier_training_v8.InputIsolationTests.test_unreviewed_question_does_not_claim_proven_semantic_clone) ... ok
2026-10-03T14:22:17.4573151Z test_actual_bytes_and_order_pass (test_audit_frontier_training_v8.StageIsolationTests.test_actual_bytes_and_order_pass) ... ok
2026-10-03T14:22:17.4574803Z test_blocked_preflight_fails_before_directory_read (test_audit_frontier_training_v8.StageIsolationTests.test_blocked_preflight_fails_before_directory_read) ... ok
2026-10-03T14:22:17.4606210Z test_changed_input_receipt_binding_rejected (test_audit_frontier_training_v8.StageIsolationTests.test_changed_input_receipt_binding_rejected) ... ok
2026-10-03T14:22:17.4722205Z test_declared_blocks_counts_and_membership_cannot_be_forged (test_audit_frontier_training_v8.StageIsolationTests.test_declared_blocks_counts_and_membership_cannot_be_forged) ... ok
2026-10-03T14:22:17.4771433Z test_missing_retained_or_changed_bytes_rejected (test_audit_frontier_training_v8.StageIsolationTests.test_missing_retained_or_changed_bytes_rejected) ... ok
2026-10-03T14:22:17.4850426Z test_promotion_model_calls_or_executable_argv_is_rejected (test_audit_frontier_training_v8.StageIsolationTests.test_promotion_model_calls_or_executable_argv_is_rejected) ... ok
2026-10-03T14:22:17.4912856Z test_reordered_or_mutated_row_is_rejected_even_if_manifest_self_consistent (test_audit_frontier_training_v8.StageIsolationTests.test_reordered_or_mutated_row_is_rejected_even_if_manifest_self_consistent) ... ok
2026-10-03T14:22:17.4999508Z test_unexpected_nonjsonl_jsonl_symlink_and_fifo_rejected_before_read (test_audit_frontier_training_v8.StageIsolationTests.test_unexpected_nonjsonl_jsonl_symlink_and_fifo_rejected_before_read) ... ok
2026-10-03T14:22:17.5008383Z test_bad_probabilities_and_derived_fields_are_schema_failures (test_benchmark_generation.GenerationBenchmarkTest.test_bad_probabilities_and_derived_fields_are_schema_failures) ... ok
2026-10-03T14:22:17.5025129Z test_cli_rejects_unknown_contract_and_existing_outputs_before_model_loading (test_benchmark_generation.GenerationBenchmarkTest.test_cli_rejects_unknown_contract_and_existing_outputs_before_model_loading) ... ok
2026-10-03T14:22:17.5029524Z test_complete_typed_response_and_json_validate (test_benchmark_generation.GenerationBenchmarkTest.test_complete_typed_response_and_json_validate) ... ok
2026-10-03T14:22:17.5033839Z test_contracts_are_explicit_and_never_inferred_from_output (test_benchmark_generation.GenerationBenchmarkTest.test_contracts_are_explicit_and_never_inferred_from_output) ... ok
2026-10-03T14:22:17.5036520Z test_generation_prompt_contains_same_state_all_questions_and_full_output (test_benchmark_generation.GenerationBenchmarkTest.test_generation_prompt_contains_same_state_all_questions_and_full_output) ... ok
2026-10-03T14:22:17.5040619Z test_missing_questions_candidates_and_fields_are_coverage_failures (test_benchmark_generation.GenerationBenchmarkTest.test_missing_questions_candidates_and_fields_are_coverage_failures) ... ok
2026-10-03T14:22:17.5043299Z test_no_ratio_when_even_one_output_is_invalid (test_benchmark_generation.GenerationBenchmarkTest.test_no_ratio_when_even_one_output_is_invalid) ... ok
2026-10-03T14:22:17.5045254Z test_parse_failure_is_not_repaired (test_benchmark_generation.GenerationBenchmarkTest.test_parse_failure_is_not_repaired) ... ok
2026-10-03T14:22:17.5049173Z test_probability_json_rejects_fences_duplicate_keys_and_nonfinite_literals (test_benchmark_generation.GenerationBenchmarkTest.test_probability_json_rejects_fences_duplicate_keys_and_nonfinite_literals) ... ok
2026-10-03T14:22:17.5054955Z test_probability_mapping_requires_exact_question_and_candidate_coverage (test_benchmark_generation.GenerationBenchmarkTest.test_probability_mapping_requires_exact_question_and_candidate_coverage) ... ok
2026-10-03T14:22:17.5059868Z test_probability_mapping_uses_identical_typed_formatter_without_mutation (test_benchmark_generation.GenerationBenchmarkTest.test_probability_mapping_uses_identical_typed_formatter_without_mutation) ... ok
2026-10-03T14:22:17.5063011Z test_probability_prompt_retains_request_and_omits_derived_output_fields (test_benchmark_generation.GenerationBenchmarkTest.test_probability_prompt_retains_request_and_omits_derived_output_fields) ... ok
2026-10-03T14:22:17.5073522Z test_probability_simplex_is_strict_and_invalid_numbers_are_not_repaired (test_benchmark_generation.GenerationBenchmarkTest.test_probability_simplex_is_strict_and_invalid_numbers_are_not_repaired) ... ok
2026-10-03T14:22:17.5081221Z test_timed_probability_trials_retain_raw_text_on_success_and_failure (test_benchmark_generation.GenerationBenchmarkTest.test_timed_probability_trials_retain_raw_text_on_success_and_failure) ... ok
2026-10-03T14:22:17.7480812Z test_complete_schema_split_counts_independent_replay_and_determinism (test_boundary_controls_v7.BoundaryControlsV7Tests.test_complete_schema_split_counts_independent_replay_and_determinism) ... ok
2026-10-03T14:22:17.7681250Z test_condition_kind_truth_correct_position_and_action_coverage (test_boundary_controls_v7.BoundaryControlsV7Tests.test_condition_kind_truth_correct_position_and_action_coverage) ... ok
2026-10-03T14:22:18.1850095Z test_corrupt_target_proposal_incomplete_group_and_same_split_duplicate (test_boundary_controls_v7.BoundaryControlsV7Tests.test_corrupt_target_proposal_incomplete_group_and_same_split_duplicate) ... ok
2026-10-03T14:22:18.5287924Z test_frozen_output_hashes_and_hidden_metadata_are_absent_from_prompts (test_boundary_controls_v7.BoundaryControlsV7Tests.test_frozen_output_hashes_and_hidden_metadata_are_absent_from_prompts) ... ok
2026-10-03T14:22:18.5296384Z test_independent_replay_rejects_malformed_authority_facts (test_boundary_controls_v7.BoundaryControlsV7Tests.test_independent_replay_rejects_malformed_authority_facts) ... ok
2026-10-03T14:22:18.5302615Z test_joint_scope_sequence_revocation_missing_and_one_cent_mutations (test_boundary_controls_v7.BoundaryControlsV7Tests.test_joint_scope_sequence_revocation_missing_and_one_cent_mutations) ... ok
2026-10-03T14:22:18.5306157Z test_latest_authority_missing_withdrawal_and_fraud_priority_mutations (test_boundary_controls_v7.BoundaryControlsV7Tests.test_latest_authority_missing_withdrawal_and_fraud_priority_mutations) ... ok
2026-10-03T14:22:18.5366212Z test_numeric_signed_zero_cancelled_integer_money_and_nonmedian_gold (test_boundary_controls_v7.BoundaryControlsV7Tests.test_numeric_signed_zero_cancelled_integer_money_and_nonmedian_gold) ... ok
2026-10-03T14:22:19.0864915Z test_separate_audit_rejects_changed_rules_conditions_and_labels (test_boundary_controls_v7.BoundaryControlsV7Tests.test_separate_audit_rejects_changed_rules_conditions_and_labels) ... ok
2026-10-03T14:22:19.0918857Z test_structural_alternatives_cross_kind_and_noul_truth (test_boundary_controls_v7.BoundaryControlsV7Tests.test_structural_alternatives_cross_kind_and_noul_truth) ... ok
2026-10-03T14:22:19.0957233Z test_temporal_inclusive_offsets_exception_and_equivalent_negative (test_boundary_controls_v7.BoundaryControlsV7Tests.test_temporal_inclusive_offsets_exception_and_equivalent_negative) ... ok
2026-10-03T14:22:19.0960016Z test_exact_frozen_train_and_only_train_row_file_read (test_boundary_train_coverage.TrainCoverageTests.test_exact_frozen_train_and_only_train_row_file_read) ... skipped 'Frozen Train artifact is not part of a clean checkout'
2026-10-03T14:22:19.0970624Z test_exact_state_margins_and_authority_blocked_exclusion (test_boundary_train_coverage.TrainCoverageTests.test_exact_state_margins_and_authority_blocked_exclusion) ... ok
2026-10-03T14:22:19.0976971Z test_missing_choice_action_and_no_input_mutation (test_boundary_train_coverage.TrainCoverageTests.test_missing_choice_action_and_no_input_mutation) ... ok
2026-10-03T14:22:19.0978728Z test_non_train_rows_rejected (test_boundary_train_coverage.TrainCoverageTests.test_non_train_rows_rejected) ... ok
2026-10-03T14:22:19.0986674Z test_symlink_to_heldout_filename_rejected_before_read (test_boundary_train_coverage.TrainCoverageTests.test_symlink_to_heldout_filename_rejected_before_read) ... ok
2026-10-03T14:22:19.0993869Z test_unsafe_heldout_filename_rejected_before_read (test_boundary_train_coverage.TrainCoverageTests.test_unsafe_heldout_filename_rejected_before_read) ... ok
2026-10-03T14:22:19.0998798Z test_wrong_hash_rejected_before_json_parsing (test_boundary_train_coverage.TrainCoverageTests.test_wrong_hash_rejected_before_json_parsing) ... ok
2026-10-03T14:22:19.7137693Z test_disclosed_done_wait_blocked_precedence (test_browser_data.BrowserDataTest.test_disclosed_done_wait_blocked_precedence) ... ok
2026-10-03T14:22:20.5213704Z test_disk_roundtrip_preserves_runtime_indices_and_refuses_overwrite (test_browser_data.BrowserDataTest.test_disk_roundtrip_preserves_runtime_indices_and_refuses_overwrite) ... ok
2026-10-03T14:22:20.5236748Z test_exact_scope_ignores_completed_or_busy_distractors (test_browser_data.BrowserDataTest.test_exact_scope_ignores_completed_or_busy_distractors) ... ok
2026-10-03T14:22:20.5642374Z test_forced_active_heads_are_counted_and_never_invent_candidates (test_browser_data.BrowserDataTest.test_forced_active_heads_are_counted_and_never_invent_candidates) ... ok
2026-10-03T14:22:20.9187203Z test_group_and_ood_isolation_and_determinism (test_browser_data.BrowserDataTest.test_group_and_ood_isolation_and_determinism) ... ok
2026-10-03T14:22:20.9799078Z test_id_and_order_permutation_preserves_semantic_proposal (test_browser_data.BrowserDataTest.test_id_and_order_permutation_preserves_semantic_proposal) ... ok
2026-10-03T14:22:20.9815510Z test_injection_cannot_change_any_active_answer (test_browser_data.BrowserDataTest.test_injection_cannot_change_any_active_answer) ... ok
2026-10-03T14:22:20.9888472Z test_metadata_cannot_leak_into_model_prompts (test_browser_data.BrowserDataTest.test_metadata_cannot_leak_into_model_prompts) ... ok
2026-10-03T14:22:20.9908727Z test_rejects_changed_runtime_questions_and_saved_answers (test_browser_data.BrowserDataTest.test_rejects_changed_runtime_questions_and_saved_answers) ... ok
2026-10-03T14:22:21.3003668Z test_rows_are_exact_runtime_inputs_with_only_active_labels (test_browser_data.BrowserDataTest.test_rows_are_exact_runtime_inputs_with_only_active_labels) ... ok
2026-10-03T14:22:21.3445940Z test_same_snapshot_value_counterfactuals_require_the_goal (test_browser_data.BrowserDataTest.test_same_snapshot_value_counterfactuals_require_the_goal) ... ok
2026-10-03T14:22:21.3468922Z test_unavailable_or_nonunique_values_are_blocked (test_browser_data.BrowserDataTest.test_unavailable_or_nonunique_values_are_blocked) ... ok
2026-10-03T14:22:21.4676567Z test_active_heads_are_scored_even_for_wrong_operation_and_forced_heads_are_separate (test_browser_service_eval.BrowserServiceEvaluationTests.test_active_heads_are_scored_even_for_wrong_operation_and_forced_heads_are_separate) ... ok
2026-10-03T14:22:21.4765129Z test_confidence_is_required_and_consistent_even_on_inactive_heads (test_browser_service_eval.BrowserServiceEvaluationTests.test_confidence_is_required_and_consistent_even_on_inactive_heads) ... ok
2026-10-03T14:22:22.1139258Z test_identity_drift_and_missing_checkpoint_are_failures (test_browser_service_eval.BrowserServiceEvaluationTests.test_identity_drift_and_missing_checkpoint_are_failures) ... ok
2026-10-03T14:22:23.4109977Z test_real_http_failures_remain_in_denominators_and_wire_bytes_are_retained (test_browser_service_eval.BrowserServiceEvaluationTests.test_real_http_failures_remain_in_denominators_and_wire_bytes_are_retained) ... ok
2026-10-03T14:22:23.4467791Z test_selection_is_label_independent_grouped_balanced_and_order_invariant (test_browser_service_eval.BrowserServiceEvaluationTests.test_selection_is_label_independent_grouped_balanced_and_order_invariant) ... ok
2026-10-03T14:22:23.4470422Z test_largest_fanout_is_not_necessarily_longest_sequence (test_candidate_length_audit.CandidateLengthStatsTests.test_largest_fanout_is_not_necessarily_longest_sequence) ... ok
2026-10-03T14:22:23.4473219Z test_limits_count_rows_and_sequences_with_strict_exceeds_semantics (test_candidate_length_audit.CandidateLengthStatsTests.test_limits_count_rows_and_sequences_with_strict_exceeds_semantics) ... ok
2026-10-03T14:22:23.4939867Z test_cosmetic_reproduction_does_not_describe_broken_functionality (test_case_customer.CustomerCaseTests.test_cosmetic_reproduction_does_not_describe_broken_functionality) ... ok
2026-10-03T14:22:23.4942741Z test_hidden_worlds_with_identical_observations_have_identical_targets (test_case_customer.CustomerCaseTests.test_hidden_worlds_with_identical_observations_have_identical_targets) ... ok
2026-10-03T14:22:23.4944453Z test_latent_marginal_is_defined_not_a_guessed_confidence (test_case_customer.CustomerCaseTests.test_latent_marginal_is_defined_not_a_guessed_confidence) ... ok
2026-10-03T14:22:23.5257136Z test_ood_full_utterances_and_templates_are_reserved (test_case_customer.CustomerCaseTests.test_ood_full_utterances_and_templates_are_reserved) ... ok
2026-10-03T14:22:23.6113659Z test_saved_workflow_choice_order_roundtrip (test_case_customer.CustomerCaseTests.test_saved_workflow_choice_order_roundtrip) ... ok
2026-10-03T14:22:23.6115180Z test_source_question_forms_and_independent_score_descriptions (test_case_customer.CustomerCaseTests.test_source_question_forms_and_independent_score_descriptions) ... ok
2026-10-03T14:22:23.7196064Z test_workflows_compile_to_the_training_inputs_and_targets (test_case_customer.CustomerCaseTests.test_workflows_compile_to_the_training_inputs_and_targets) ... ok
2026-10-03T14:22:23.7198083Z test_bearing_coordinate_convention_and_wrap (test_case_doom.DoomDecisionTests.test_bearing_coordinate_convention_and_wrap) ... ok
2026-10-03T14:22:23.7230656Z test_episode_splits_and_ood_seed_ranges (test_case_doom.DoomDecisionTests.test_episode_splits_and_ood_seed_ranges) ... ok
2026-10-03T14:22:23.7232711Z test_movement_momentum_and_action_button_order (test_case_doom.DoomDecisionTests.test_movement_momentum_and_action_button_order) ... ok
2026-10-03T14:22:23.7234406Z test_shot_grade_boundaries_and_attack (test_case_doom.DoomDecisionTests.test_shot_grade_boundaries_and_attack) ... ok
2026-10-03T14:22:23.7238133Z test_three_tasks_share_episode_group_and_keep_labels_out_of_input (test_case_doom.DoomDecisionTests.test_three_tasks_share_episode_group_and_keep_labels_out_of_input) ... ok
2026-10-03T14:22:23.7240374Z test_real_rollout_replay_and_tamper_detection (test_case_doom.DoomEngineTests.test_real_rollout_replay_and_tamper_detection) ... skipped 'optional vizdoom environment unavailable'
2026-10-03T14:22:23.7243042Z test_small_engine_dataset_validates_and_replays_id_and_ood (test_case_doom.DoomEngineTests.test_small_engine_dataset_validates_and_replays_id_and_ood) ... skipped 'optional vizdoom environment unavailable'
2026-10-03T14:22:23.7244462Z test_arithmetic_uses_exact_integer_floor_and_remainder (test_case_reasoning.ReasoningControlTest.test_arithmetic_uses_exact_integer_floor_and_remainder) ... ok
2026-10-03T14:22:23.7312233Z test_code_interpreter_matches_hand_calculated_branches (test_case_reasoning.ReasoningControlTest.test_code_interpreter_matches_hand_calculated_branches) ... ok
2026-10-03T14:22:23.7315188Z test_directed_reachability_handles_cycles_and_disconnected_nodes (test_case_reasoning.ReasoningControlTest.test_directed_reachability_handles_cycles_and_disconnected_nodes) ... ok
2026-10-03T14:22:23.7318152Z test_evidence_filters_aliases_retractions_and_tied_conflicts (test_case_reasoning.ReasoningControlTest.test_evidence_filters_aliases_retractions_and_tied_conflicts) ... ok
2026-10-03T14:22:23.7320604Z test_filter_sort_and_missing_rank (test_case_reasoning.ReasoningControlTest.test_filter_sort_and_missing_rank) ... ok
2026-10-03T14:22:23.7869054Z test_generated_records_have_domain_coverage_and_grouped_splits (test_case_reasoning.ReasoningControlTest.test_generated_records_have_domain_coverage_and_grouped_splits) ... ok
2026-10-03T14:22:23.7870947Z test_logic_truth_tables (test_case_reasoning.ReasoningControlTest.test_logic_truth_tables) ... ok
2026-10-03T14:22:23.7873866Z test_oracles_labels_and_ids_do_not_leak_into_candidate_prompts (test_case_reasoning.ReasoningControlTest.test_oracles_labels_and_ids_do_not_leak_into_candidate_prompts) ... ok
2026-10-03T14:22:23.7876064Z test_temporal_order_compares_instants_not_local_dates (test_case_reasoning.ReasoningControlTest.test_temporal_order_compares_instants_not_local_dates) ... ok
2026-10-03T14:22:23.7878366Z test_all_unreachable_candidates_are_filtered_without_gold_insertion (test_case_wikiracing.WikiCaseTest.test_all_unreachable_candidates_are_filtered_without_gold_insertion) ... ok
2026-10-03T14:22:23.7880453Z test_browser_back_replays_navigation_stack (test_case_wikiracing.WikiCaseTest.test_browser_back_replays_navigation_stack) ... ok
2026-10-03T14:22:23.7883935Z test_candidates_do_not_change_with_hidden_distances_or_human_trace (test_case_wikiracing.WikiCaseTest.test_candidates_do_not_change_with_hidden_distances_or_human_trace) ... ok
2026-10-03T14:22:23.7885793Z test_invalid_limits_are_rejected (test_case_wikiracing.WikiCaseTest.test_invalid_limits_are_rejected) ... ok
2026-10-03T14:22:23.7888206Z test_path_separators_are_split_before_title_decoding (test_case_wikiracing.WikiCaseTest.test_path_separators_are_split_before_title_decoding) ... ok
2026-10-03T14:22:23.7892023Z test_policy_ties_are_uniform_over_best_candidates (test_case_wikiracing.WikiCaseTest.test_policy_ties_are_uniform_over_best_candidates) ... ok
2026-10-03T14:22:23.7894059Z test_reverse_bfs_is_directed_and_leaves_unreachable_absent (test_case_wikiracing.WikiCaseTest.test_reverse_bfs_is_directed_and_leaves_unreachable_absent) ... ok
2026-10-03T14:22:23.8161745Z test_target_isolation_determinism_and_workflow_paths (test_case_wikiracing.WikiCaseTest.test_target_isolation_determinism_and_workflow_paths) ... ok
2026-10-03T14:22:23.8164591Z test_unreachable_option_is_zero_and_distance_stays_metadata (test_case_wikiracing.WikiCaseTest.test_unreachable_option_is_zero_and_distance_stays_metadata) ... ok
2026-10-03T14:22:23.8812688Z test_calibration_split_count_ids_temperature_and_targets_are_bound (test_checkpoint_package.CheckpointPackageTests.test_calibration_split_count_ids_temperature_and_targets_are_bound) ... ok
2026-10-03T14:22:23.9546175Z test_completed_single_2b_9b_and_ddp_27b_package_without_source_data (test_checkpoint_package.CheckpointPackageTests.test_completed_single_2b_9b_and_ddp_27b_package_without_source_data) ... ok
2026-10-03T14:22:23.9761886Z test_data_relocation_keeps_hashes_and_changes_are_rejected (test_checkpoint_package.CheckpointPackageTests.test_data_relocation_keeps_hashes_and_changes_are_rejected) ... ok
2026-10-03T14:22:23.9764081Z test_duplicate_json_keys_are_rejected (test_checkpoint_package.CheckpointPackageTests.test_duplicate_json_keys_are_rejected) ... ok
2026-10-03T14:22:24.0092055Z test_incomplete_resume_only_and_noncontiguous_training_are_rejected (test_checkpoint_package.CheckpointPackageTests.test_incomplete_resume_only_and_noncontiguous_training_are_rejected) ... ok
2026-10-03T14:22:24.0370421Z test_missing_extra_symlinked_and_ambiguous_checkpoint_files_are_rejected (test_checkpoint_package.CheckpointPackageTests.test_missing_extra_symlinked_and_ambiguous_checkpoint_files_are_rejected) ... ok
2026-10-03T14:22:24.1136797Z test_model_revision_adapter_and_ddp_identity_are_bound (test_checkpoint_package.CheckpointPackageTests.test_model_revision_adapter_and_ddp_identity_are_bound) ... ok
2026-10-03T14:22:24.1344473Z test_output_no_overwrite_and_source_race_leaves_no_published_partial (test_checkpoint_package.CheckpointPackageTests.test_output_no_overwrite_and_source_race_leaves_no_published_partial) ... ok
2026-10-03T14:22:24.1738274Z test_pinned_upstream_license_and_metric_scope_are_required (test_checkpoint_package.CheckpointPackageTests.test_pinned_upstream_license_and_metric_scope_are_required) ... ok
2026-10-03T14:22:24.2273931Z test_reload_requires_finite_equal_shape_real_saved_evidence (test_checkpoint_package.CheckpointPackageTests.test_reload_requires_finite_equal_shape_real_saved_evidence) ... ok
2026-10-03T14:22:24.2936564Z test_stale_metrics_calibration_and_prediction_grouping_are_rejected (test_checkpoint_package.CheckpointPackageTests.test_stale_metrics_calibration_and_prediction_grouping_are_rejected) ... ok
2026-10-03T14:22:24.5043018Z test_absent_quote_cannot_acquire_confidence_or_a_semantic_record (test_citation_control.CitationCorpusAuditTest.test_absent_quote_cannot_acquire_confidence_or_a_semantic_record) ... ok
2026-10-03T14:22:24.5795689Z test_auxiliary_spec_is_not_the_semantic_oracle (test_citation_control.CitationCorpusAuditTest.test_auxiliary_spec_is_not_the_semantic_oracle) ... ok
2026-10-03T14:22:24.5816511Z test_build_refuses_to_overwrite_existing_corpus (test_citation_control.CitationCorpusAuditTest.test_build_refuses_to_overwrite_existing_corpus) ... ok
2026-10-03T14:22:24.6183100Z test_entire_source_document_and_claims_remain_in_one_split (test_citation_control.CitationCorpusAuditTest.test_entire_source_document_and_claims_remain_in_one_split) ... ok
2026-10-03T14:22:24.6611002Z test_final_rendered_fact_change_is_detected_despite_unchanged_auxiliary_spec (test_citation_control.CitationCorpusAuditTest.test_final_rendered_fact_change_is_detected_despite_unchanged_auxiliary_spec) ... ok
2026-10-03T14:22:24.7157263Z test_gate_offsets_and_typography_modes_are_checked (test_citation_control.CitationCorpusAuditTest.test_gate_offsets_and_typography_modes_are_checked) ... ok
2026-10-03T14:22:24.7250501Z test_labels_ids_provenance_and_specs_are_absent_from_model_inputs (test_citation_control.CitationCorpusAuditTest.test_labels_ids_provenance_and_specs_are_absent_from_model_inputs) ... ok
2026-10-03T14:22:24.7728716Z test_matching_wrong_reference_and_target_are_rejected (test_citation_control.CitationCorpusAuditTest.test_matching_wrong_reference_and_target_are_rejected) ... ok
2026-10-03T14:22:24.9075557Z test_original_corpus_audits_and_generation_is_deterministic (test_citation_control.CitationCorpusAuditTest.test_original_corpus_audits_and_generation_is_deterministic) ... ok
2026-10-03T14:22:25.0482502Z test_report_can_only_create_a_new_file_and_uses_exclusive_open (test_citation_control.CitationCorpusAuditTest.test_report_can_only_create_a_new_file_and_uses_exclusive_open) ... ok
2026-10-03T14:22:25.0531870Z test_report_cannot_write_inside_input_data_or_through_directory_alias (test_citation_control.CitationCorpusAuditTest.test_report_cannot_write_inside_input_data_or_through_directory_alias) ... ok
2026-10-03T14:22:25.0563850Z test_report_refuses_existing_files_and_normal_or_dangling_symlinks (test_citation_control.CitationCorpusAuditTest.test_report_refuses_existing_files_and_normal_or_dangling_symlinks) ... ok
2026-10-03T14:22:25.0592938Z test_unsealed_bytes_fail_before_semantic_audit (test_citation_control.CitationCorpusAuditTest.test_unsealed_bytes_fail_before_semantic_audit) ... ok
2026-10-03T14:22:25.0600843Z test_delivery_negation_and_irrelevant_numbers (test_citation_control.CitationSemanticsTest.test_delivery_negation_and_irrelevant_numbers) ... ok
2026-10-03T14:22:25.0608475Z test_inclusive_amount_and_leap_date_boundaries_in_both_grammars (test_citation_control.CitationSemanticsTest.test_inclusive_amount_and_leap_date_boundaries_in_both_grammars) ... ok
2026-10-03T14:22:25.0610921Z test_quote_gate_only_normalizes_typography_and_whitespace (test_citation_control.CitationSemanticsTest.test_quote_gate_only_normalizes_typography_and_whitespace) ... ok
2026-10-03T14:22:25.0622435Z test_unknown_completions_and_dominating_known_failure (test_citation_control.CitationSemanticsTest.test_unknown_completions_and_dominating_known_failure) ... ok
2026-10-03T14:22:25.0625539Z test_unsupported_rules_ambiguous_registers_and_claims_fail_closed (test_citation_control.CitationSemanticsTest.test_unsupported_rules_ambiguous_registers_and_claims_fail_closed) ... ok
2026-10-03T14:22:25.0646646Z test_browser_does_not_offer_arbitrary_text_generation (test_community.CommunityTest.test_browser_does_not_offer_arbitrary_text_generation) ... ok
2026-10-03T14:22:25.0664557Z test_browser_rejects_missing_and_duplicate_observations (test_community.CommunityTest.test_browser_rejects_missing_and_duplicate_observations) ... ok
2026-10-03T14:22:25.0683488Z test_browser_rejects_stale_revision_before_postprocessing (test_community.CommunityTest.test_browser_rejects_stale_revision_before_postprocessing) ... ok
2026-10-03T14:22:25.0703799Z test_browser_resolves_only_supplied_text_and_observed_target (test_community.CommunityTest.test_browser_resolves_only_supplied_text_and_observed_target) ... ok
2026-10-03T14:22:25.0725171Z test_browser_select_options_and_click_ids_remain_observed (test_community.CommunityTest.test_browser_select_options_and_click_ids_remain_observed) ... ok
2026-10-03T14:22:25.0742813Z test_builders_reject_empty_observations (test_community.CommunityTest.test_builders_reject_empty_observations) ... ok
2026-10-03T14:22:25.0764119Z test_drone_requires_verified_climb_clearance_and_never_motor_commands (test_community.CommunityTest.test_drone_requires_verified_climb_clearance_and_never_motor_commands) ... ok
2026-10-03T14:22:25.0794208Z test_every_example_compiles_and_declared_field_scales_are_exact (test_community.CommunityTest.test_every_example_compiles_and_declared_field_scales_are_exact) ... ok
2026-10-03T14:22:25.0814274Z test_heist_uses_one_guards_local_observation_and_allows_no_target (test_community.CommunityTest.test_heist_uses_one_guards_local_observation_and_allows_no_target) ... ok
2026-10-03T14:22:25.0836686Z test_malformed_responses_cannot_become_proposals (test_community.CommunityTest.test_malformed_responses_cannot_become_proposals) ... ok
2026-10-03T14:22:25.0857569Z test_pokemon_faint_forecast_is_conditioned_on_selected_move (test_community.CommunityTest.test_pokemon_faint_forecast_is_conditioned_on_selected_move) ... ok
2026-10-03T14:22:25.0876358Z test_runescape_keeps_catalog_and_poll_intervals_closed (test_community.CommunityTest.test_runescape_keeps_catalog_and_poll_intervals_closed) ... ok
2026-10-03T14:22:25.3906493Z test_candidate_permutation_and_metadata_do_not_determine_the_label (test_community_diversity_v2.CommunityDiversityV2Test.test_candidate_permutation_and_metadata_do_not_determine_the_label) ... ok
2026-10-03T14:22:25.5726745Z test_eighty_authored_families_and_all_schema_kinds (test_community_diversity_v2.CommunityDiversityV2Test.test_eighty_authored_families_and_all_schema_kinds) ... ok
2026-10-03T14:22:26.8413247Z test_family_and_source_instance_are_disjoint (test_community_diversity_v2.CommunityDiversityV2Test.test_family_and_source_instance_are_disjoint) ... ok
2026-10-03T14:22:28.2646456Z test_generation_has_no_input_file_reads_and_is_reproducible (test_community_diversity_v2.CommunityDiversityV2Test.test_generation_has_no_input_file_reads_and_is_reproducible) ... ok
2026-10-03T14:22:28.3214422Z test_minimal_counterfactuals_change_winner_and_only_one_visible_fact (test_community_diversity_v2.CommunityDiversityV2Test.test_minimal_counterfactuals_change_winner_and_only_one_visible_fact) ... ok
2026-10-03T14:22:28.3885452Z test_target_tampering_and_visible_policy_tampering_fail (test_community_diversity_v2.CommunityDiversityV2Test.test_target_tampering_and_visible_policy_tampering_fail) ... ok
2026-10-03T14:22:28.3888196Z test_three_valued_negation_exception_and_arithmetic (test_community_diversity_v2.CommunityDiversityV2Test.test_three_valued_negation_exception_and_arithmetic) ... ok
2026-10-03T14:22:28.3890557Z test_boolean_truth_tables_and_unknown_comparisons (test_community_diversity_v2_audit.IndependentVisibleRulesTest.test_boolean_truth_tables_and_unknown_comparisons) ... ok
2026-10-03T14:22:28.3897879Z test_independent_end_to_end_choice_probe_and_target_corruption (test_community_diversity_v2_audit.IndependentVisibleRulesTest.test_independent_end_to_end_choice_probe_and_target_corruption) ... ok
2026-10-03T14:22:28.3900328Z test_nested_arithmetic_sets_and_quoted_literals (test_community_diversity_v2_audit.IndependentVisibleRulesTest.test_nested_arithmetic_sets_and_quoted_literals) ... ok
2026-10-03T14:22:28.3902834Z test_benchmark_labels_are_excluded_and_candidate_order_ignored (test_community_hard_mix.HardMixtureTests.test_benchmark_labels_are_excluded_and_candidate_order_ignored) ... ok
2026-10-03T14:22:28.3904392Z test_empty_benchmark_cannot_pass_screen (test_community_hard_mix.HardMixtureTests.test_empty_benchmark_cannot_pass_screen) ... ok
2026-10-03T14:22:28.3938502Z test_mixture_allows_empty_output_but_never_overwrites_existing_data (test_community_hard_mix.HardMixtureTests.test_mixture_allows_empty_output_but_never_overwrites_existing_data) ... ok
2026-10-03T14:22:28.4008347Z test_mixture_checks_both_manifest_schemas_and_caps_across_replay_folders (test_community_hard_mix.HardMixtureTests.test_mixture_checks_both_manifest_schemas_and_caps_across_replay_folders) ... ok
2026-10-03T14:22:28.4034690Z test_mixture_rejects_stale_or_missing_source_hashes (test_community_hard_mix.HardMixtureTests.test_mixture_rejects_stale_or_missing_source_hashes) ... ok
2026-10-03T14:22:28.4083211Z test_quarantine_removes_whole_training_group (test_community_hard_mix.HardMixtureTests.test_quarantine_removes_whole_training_group) ... ok
2026-10-03T14:22:28.4085913Z test_replay_spreads_across_groups_and_never_duplicates (test_community_hard_mix.HardMixtureTests.test_replay_spreads_across_groups_and_never_duplicates) ... ok
2026-10-03T14:22:28.4087506Z test_request_index_reads_only_visible_fields (test_community_hard_mix.HardMixtureTests.test_request_index_reads_only_visible_fields) ... ok
2026-10-03T14:22:28.4432615Z test_screen_never_exports_benchmark_text_or_uses_gold (test_community_hard_mix.HardMixtureTests.test_screen_never_exports_benchmark_text_or_uses_gold) ... ok
2026-10-03T14:22:28.4450230Z test_candidate_microbatches_preserve_all_logits_without_gold (test_community_pair.CommunityPairTest.test_candidate_microbatches_preserve_all_logits_without_gold) ... ok
2026-10-03T14:22:28.4523573Z test_completed_checkpoint_identity_and_changed_content (test_community_pair.CommunityPairTest.test_completed_checkpoint_identity_and_changed_content) ... ok
2026-10-03T14:22:28.4584989Z test_cpu_panel_validation_precedes_gpu_environment_check (test_community_pair.CommunityPairTest.test_cpu_panel_validation_precedes_gpu_environment_check) ... ok
2026-10-03T14:22:28.4609627Z test_errors_and_soft_targets_keep_complete_denominators (test_community_pair.CommunityPairTest.test_errors_and_soft_targets_keep_complete_denominators) ... ok
2026-10-03T14:22:28.4700789Z test_frozen_panel_and_all_five_source_hashes_are_checked (test_community_pair.CommunityPairTest.test_frozen_panel_and_all_five_source_hashes_are_checked) ... ok
2026-10-03T14:22:28.4750830Z test_group_and_input_leakage_rejected_even_under_new_ids (test_community_pair.CommunityPairTest.test_group_and_input_leakage_rejected_even_under_new_ids) ... ok
2026-10-03T14:22:28.4777990Z test_group_macro_equal_weights_keep_errors_missing_and_soft_only_groups (test_community_pair.CommunityPairTest.test_group_macro_equal_weights_keep_errors_missing_and_soft_only_groups) ... ok
2026-10-03T14:22:28.4793398Z test_identical_checkpoint_content_is_a_valid_negative_result (test_community_pair.CommunityPairTest.test_identical_checkpoint_content_is_a_valid_negative_result) ... ok
2026-10-03T14:22:28.4883175Z test_incomplete_wrong_revision_reload_and_calibration_fail_closed (test_community_pair.CommunityPairTest.test_incomplete_wrong_revision_reload_and_calibration_fail_closed) ... ok
2026-10-03T14:22:28.4901185Z test_nonfinite_logits_and_deadline_record_no_fake_probabilities (test_community_pair.CommunityPairTest.test_nonfinite_logits_and_deadline_record_no_fake_probabilities) ... ok
2026-10-03T14:22:28.4935922Z test_noul_imbalance_and_failures_have_class_conditional_denominators (test_community_pair.CommunityPairTest.test_noul_imbalance_and_failures_have_class_conditional_denominators) ... ok
2026-10-03T14:22:28.4996763Z test_panel_is_reproducible_group_round_robin_with_honest_counts (test_community_pair.CommunityPairTest.test_panel_is_reproducible_group_round_robin_with_honest_counts) ... ok
2026-10-03T14:22:28.5078521Z test_three_new_versions_and_multiple_sources_are_bound (test_community_pair.CommunityPairTest.test_three_new_versions_and_multiple_sources_are_bound) ... ok
2026-10-03T14:22:28.5437794Z test_catalog_specific_shared_labels_keep_one_global_split_and_explicit_catalog (test_community_routing_v3.RoutingV3Tests.test_catalog_specific_shared_labels_keep_one_global_split_and_explicit_catalog) ... ok
2026-10-03T14:22:28.6278085Z test_choice_target_and_abstain_positions_and_noul_labels_are_balanced (test_community_routing_v3.RoutingV3Tests.test_choice_target_and_abstain_positions_and_noul_labels_are_balanced) ... ok
2026-10-03T14:22:28.6714721Z test_full_catalog_protocol_uses_only_official_test_and_is_not_training_rows (test_community_routing_v3.RoutingV3Tests.test_full_catalog_protocol_uses_only_official_test_and_is_not_training_rows) ... ok
2026-10-03T14:22:28.6725362Z test_global_official_holdouts_are_reserved_before_duplicate_and_conflict_filtering (test_community_routing_v3.RoutingV3Tests.test_global_official_holdouts_are_reserved_before_duplicate_and_conflict_filtering) ... ok
2026-10-03T14:22:28.7272877Z test_gold_present_omitted_and_noul_contracts_are_exact_and_bounded (test_community_routing_v3.RoutingV3Tests.test_gold_present_omitted_and_noul_contracts_are_exact_and_bounded) ... ok
2026-10-03T14:22:28.7700223Z test_order_independence_and_duplicate_conflicts (test_community_routing_v3.RoutingV3Tests.test_order_independence_and_duplicate_conflicts) ... ok
2026-10-03T14:22:28.7711973Z test_pinned_source_mutation_and_existing_output_fail_without_overwrite (test_community_routing_v3.RoutingV3Tests.test_pinned_source_mutation_and_existing_output_fail_without_overwrite) ... ok
2026-10-03T14:22:28.8035728Z test_approval_manual_counterevidence_absence_and_conflict (test_community_workflow_v3.WorkflowV3Tests.test_approval_manual_counterevidence_absence_and_conflict) ... ok
2026-10-03T14:22:29.0035882Z test_builder_preserves_existing_outputs_and_reproduces_hashes (test_community_workflow_v3.WorkflowV3Tests.test_builder_preserves_existing_outputs_and_reproduces_hashes) ... ok
2026-10-03T14:22:29.0037843Z test_claimed_authorization_and_negated_requests_do_not_execute (test_community_workflow_v3.WorkflowV3Tests.test_claimed_authorization_and_negated_requests_do_not_execute) ... ok
2026-10-03T14:22:29.0039777Z test_cms_is_multilabel_and_not_tag_name_matching (test_community_workflow_v3.WorkflowV3Tests.test_cms_is_multilabel_and_not_tag_name_matching) ... ok
2026-10-03T14:22:29.0041335Z test_cms_quotes_archives_hypotheses_withdrawal_and_contradiction (test_community_workflow_v3.WorkflowV3Tests.test_cms_quotes_archives_hypotheses_withdrawal_and_contradiction) ... ok
2026-10-03T14:22:29.0827640Z test_cosmetic_duplicate_scenarios_are_rejected (test_community_workflow_v3.WorkflowV3Tests.test_cosmetic_duplicate_scenarios_are_rejected) ... ok
2026-10-03T14:22:30.3877630Z test_eighteen_semantic_scenarios_survive_prefix_and_order_normalization (test_community_workflow_v3.WorkflowV3Tests.test_eighteen_semantic_scenarios_survive_prefix_and_order_normalization) ... ok
2026-10-03T14:22:30.3881257Z test_exception_has_a_visible_scope_and_cannot_waive_everything (test_community_workflow_v3.WorkflowV3Tests.test_exception_has_a_visible_scope_and_cannot_waive_everything) ... ok
2026-10-03T14:22:30.4207175Z test_generation_is_deterministic_and_reads_no_examples (test_community_workflow_v3.WorkflowV3Tests.test_generation_is_deterministic_and_reads_no_examples) ... ok
2026-10-03T14:22:30.5296900Z test_schema_prose_only_counts_and_whole_family_splits (test_community_workflow_v3.WorkflowV3Tests.test_schema_prose_only_counts_and_whole_family_splits) ... ok
2026-10-03T14:22:30.5299359Z test_secondary_tag_unknown_and_conflict_are_distinct_evidence (test_community_workflow_v3.WorkflowV3Tests.test_secondary_tag_unknown_and_conflict_are_distinct_evidence) ... ok
2026-10-03T14:22:30.5783964Z test_target_corruption_and_prose_contract_tampering_fail (test_community_workflow_v3.WorkflowV3Tests.test_target_corruption_and_prose_contract_tampering_fail) ... ok
2026-10-03T14:22:30.7682734Z test_visible_input_alone_reconstructs_targets_and_tracks_candidate_order (test_community_workflow_v3.WorkflowV3Tests.test_visible_input_alone_reconstructs_targets_and_tracks_candidate_order) ... ok
2026-10-03T14:22:31.0745712Z test_all_abstain_31_and_32_accepted_and_single_accepted_error (test_compare_boundary_training_v7.BoundaryComparisonMetricsTests.test_all_abstain_31_and_32_accepted_and_single_accepted_error) ... ok
2026-10-03T14:22:31.0785015Z test_committed_source_allows_new_driver_but_refuses_frozen_changes (test_compare_boundary_training_v7.BoundaryComparisonMetricsTests.test_committed_source_allows_new_driver_but_refuses_frozen_changes) ... ok
2026-10-03T14:22:31.3794107Z test_exception_scope_fraud_and_capacity_unsafe_actions_are_caught (test_compare_boundary_training_v7.BoundaryComparisonMetricsTests.test_exception_scope_fraud_and_capacity_unsafe_actions_are_caught) ... ok
2026-10-03T14:22:32.0969480Z test_four_cells_fixed_calibrated_gate_and_all_paired_regressions (test_compare_boundary_training_v7.BoundaryComparisonMetricsTests.test_four_cells_fixed_calibrated_gate_and_all_paired_regressions) ... ok
2026-10-03T14:22:32.0975411Z test_gpu_uuid_requires_complete_physical_identifier (test_compare_boundary_training_v7.BoundaryComparisonMetricsTests.test_gpu_uuid_requires_complete_physical_identifier) ... ok
2026-10-03T14:22:32.0978405Z test_inclusive_thresholds_and_nearest_floats (test_compare_boundary_training_v7.BoundaryComparisonMetricsTests.test_inclusive_thresholds_and_nearest_floats) ... ok
2026-10-03T14:22:32.2105726Z test_missing_slices_or_family_and_partial_predictions_are_rejected (test_compare_boundary_training_v7.BoundaryComparisonMetricsTests.test_missing_slices_or_family_and_partial_predictions_are_rejected) ... ok
2026-10-03T14:22:32.3613299Z test_old_state_derived_safety_denominators_and_failures (test_compare_boundary_training_v7.BoundaryComparisonMetricsTests.test_old_state_derived_safety_denominators_and_failures) ... ok
2026-10-03T14:22:32.3627732Z test_state_derived_roles_and_scope_field_cross_groups (test_compare_boundary_training_v7.BoundaryComparisonMetricsTests.test_state_derived_roles_and_scope_field_cross_groups) ... ok
2026-10-03T14:22:35.2845367Z test_calibration_reorder_test_fit_and_partial_evidence_rejected (test_compare_boundary_training_v7.BoundaryComparisonPreflightTests.test_calibration_reorder_test_fit_and_partial_evidence_rejected) ... ok
2026-10-03T14:22:36.6853133Z test_complete_artifact_stub_all_14_retained_and_904_rows (test_compare_boundary_training_v7.BoundaryComparisonPreflightTests.test_complete_artifact_stub_all_14_retained_and_904_rows) ... ok
2026-10-03T14:22:39.1588943Z test_execution_request_stage_and_base_content_tampering_rejected (test_compare_boundary_training_v7.BoundaryComparisonPreflightTests.test_execution_request_stage_and_base_content_tampering_rejected) ... ok
2026-10-03T14:22:41.0365274Z test_initialization_and_gradient_proof_tampering_or_false_status_rejected (test_compare_boundary_training_v7.BoundaryComparisonPreflightTests.test_initialization_and_gradient_proof_tampering_or_false_status_rejected) ... ok
2026-10-03T14:22:46.9930752Z test_non_uuid_runtime_changes_fail_before_adapted_predictions (test_compare_boundary_training_v7.BoundaryComparisonPreflightTests.test_non_uuid_runtime_changes_fail_before_adapted_predictions) ... ok
2026-10-03T14:22:50.1957136Z test_partial_nonfinite_unordered_journal_and_wrong_run_identity_rejected (test_compare_boundary_training_v7.BoundaryComparisonPreflightTests.test_partial_nonfinite_unordered_journal_and_wrong_run_identity_rejected) ... ok
2026-10-03T14:22:51.4761782Z test_raw_plan_main_retained_and_checkpoint_tampering_rejected (test_compare_boundary_training_v7.BoundaryComparisonPreflightTests.test_raw_plan_main_retained_and_checkpoint_tampering_rejected) ... ok
2026-10-03T14:22:52.2427424Z test_retained_missing_reorder_and_provenance_rejected_independently (test_compare_boundary_training_v7.BoundaryComparisonPreflightTests.test_retained_missing_reorder_and_provenance_rejected_independently) ... ok
2026-10-03T14:23:01.1283532Z test_runtime_requires_bf16_base_fp32_head_and_single_assigned_uuid (test_compare_boundary_training_v7.BoundaryComparisonPreflightTests.test_runtime_requires_bf16_base_fp32_head_and_single_assigned_uuid) ... ok
2026-10-03T14:23:03.4718338Z test_sequential_raw_logits_and_failed_quality_gate_without_gpu (test_compare_boundary_training_v7.BoundaryComparisonPreflightTests.test_sequential_raw_logits_and_failed_quality_gate_without_gpu) ... ok
2026-10-03T14:23:06.0007062Z test_settings_resume_missing_completion_and_output_overlap_rejected (test_compare_boundary_training_v7.BoundaryComparisonPreflightTests.test_settings_resume_missing_completion_and_output_overlap_rejected) ... ok
2026-10-03T14:23:07.3992441Z test_bundle_all_calibration_precedes_heldout_with_four_loads (test_compare_frontier_training_v8.FrontierArithmeticTests.test_bundle_all_calibration_precedes_heldout_with_four_loads) ... ok
2026-10-03T14:23:07.3999292Z test_cli_execute_fails_before_any_input_read (test_compare_frontier_training_v8.FrontierArithmeticTests.test_cli_execute_fails_before_any_input_read) ... ok
2026-10-03T14:23:07.4935123Z test_core_rejects_changed_runtime_and_denominators (test_compare_frontier_training_v8.FrontierArithmeticTests.test_core_rejects_changed_runtime_and_denominators) ... ok
2026-10-03T14:23:07.4938123Z test_inclusive_thresholds_and_floor (test_compare_frontier_training_v8.FrontierArithmeticTests.test_inclusive_thresholds_and_floor) ... ok
2026-10-03T14:23:07.4982024Z test_missing_runtime_fields_and_checkpoint_binding_fail_before_journal (test_compare_frontier_training_v8.FrontierArithmeticTests.test_missing_runtime_fields_and_checkpoint_binding_fail_before_journal) ... ok
2026-10-03T14:23:07.6505664Z test_noul_errors_coverage_and_observed_denominators (test_compare_frontier_training_v8.FrontierArithmeticTests.test_noul_errors_coverage_and_observed_denominators) ... ok
2026-10-03T14:23:07.6508449Z test_paired_threshold_changes_and_all_timing_outliers (test_compare_frontier_training_v8.FrontierArithmeticTests.test_paired_threshold_changes_and_all_timing_outliers) ... ok
2026-10-03T14:23:07.6518284Z test_prediction_bindings_reject_each_mutation (test_compare_frontier_training_v8.FrontierArithmeticTests.test_prediction_bindings_reject_each_mutation) ... ok
2026-10-03T14:23:07.6684537Z test_preflight_recomputes_completion_without_parsing_heldout (test_compare_frontier_training_v8.FrontierArithmeticTests.test_preflight_recomputes_completion_without_parsing_heldout) ... ok
2026-10-03T14:23:07.7612668Z test_preflight_rejects_changed_sources_data_completion_runtime_and_overlap (test_compare_frontier_training_v8.FrontierArithmeticTests.test_preflight_rejects_changed_sources_data_completion_runtime_and_overlap) ... ok
2026-10-03T14:23:08.1384445Z test_safety_all_six_permissive_actions_and_numeric_reporting (test_compare_frontier_training_v8.FrontierArithmeticTests.test_safety_all_six_permissive_actions_and_numeric_reporting) ... ok
2026-10-03T14:23:08.1387871Z test_four_temperature_cells_preserve_argmax_and_change_probability_metrics (test_compare_policy_training_v6.ComparisonMetricsTests.test_four_temperature_cells_preserve_argmax_and_change_probability_metrics) ... ok
2026-10-03T14:23:08.1413622Z test_frozen_source_and_committed_evaluation_bytes (test_compare_policy_training_v6.ComparisonMetricsTests.test_frozen_source_and_committed_evaluation_bytes) ... ok
2026-10-03T14:23:08.1554242Z test_injection_options_align_by_text_and_consistent_wrong_is_separate (test_compare_policy_training_v6.ComparisonMetricsTests.test_injection_options_align_by_text_and_consistent_wrong_is_separate) ... ok
2026-10-03T14:23:08.1558641Z test_noul_inclusive_thresholds_nextafter_and_zero_accepted (test_compare_policy_training_v6.ComparisonMetricsTests.test_noul_inclusive_thresholds_nextafter_and_zero_accepted) ... ok
2026-10-03T14:23:08.1564453Z test_prediction_binding_and_paired_transitions (test_compare_policy_training_v6.ComparisonMetricsTests.test_prediction_binding_and_paired_transitions) ... ok
2026-10-03T14:23:08.1946146Z test_semantic_temporal_and_joint_authority_subgroups (test_compare_policy_training_v6.ComparisonMetricsTests.test_semantic_temporal_and_joint_authority_subgroups) ... ok
2026-10-03T14:23:08.2604274Z test_calibration_order_temperature_and_split_cannot_be_changed (test_compare_policy_training_v6.ComparisonPreflightTests.test_calibration_order_temperature_and_split_cannot_be_changed) ... ok
2026-10-03T14:23:08.2983156Z test_first_cuda_synchronize_failure_is_journaled (test_compare_policy_training_v6.ComparisonPreflightTests.test_first_cuda_synchronize_failure_is_journaled) ... ok
2026-10-03T14:23:08.3348923Z test_nonfinite_inference_writes_failed_record_and_raises (test_compare_policy_training_v6.ComparisonPreflightTests.test_nonfinite_inference_writes_failed_record_and_raises) ... ok
2026-10-03T14:23:08.3733786Z test_plan_and_data_byte_tampering_rejected (test_compare_policy_training_v6.ComparisonPreflightTests.test_plan_and_data_byte_tampering_rejected) ... ok
2026-10-03T14:23:08.4144413Z test_regression_order_and_output_containment_rejected (test_compare_policy_training_v6.ComparisonPreflightTests.test_regression_order_and_output_containment_rejected) ... ok
2026-10-03T14:23:08.7192616Z test_sequential_model_lifecycle_lock_and_four_cell_output_without_gpu (test_compare_policy_training_v6.ComparisonPreflightTests.test_sequential_model_lifecycle_lock_and_four_cell_output_without_gpu) ... ok
2026-10-03T14:23:08.7767884Z test_source_settings_completion_and_reload_error_rejected (test_compare_policy_training_v6.ComparisonPreflightTests.test_source_settings_completion_and_reload_error_rejected) ... ok
2026-10-03T14:23:08.8281078Z test_swapped_final_weights_or_modified_completion_receipt_rejected (test_compare_policy_training_v6.ComparisonPreflightTests.test_swapped_final_weights_or_modified_completion_receipt_rejected) ... ok
2026-10-03T14:23:08.8743779Z test_valid_preflight_locks_complete_receipt_and_all_six_sets (test_compare_policy_training_v6.ComparisonPreflightTests.test_valid_preflight_locks_complete_receipt_and_all_six_sets) ... ok
2026-10-03T14:23:08.8746599Z test_allow_offload_never_allows_unloaded_parameters (test_consumer_gpu_loading.ConsumerGpuLoadingTest.test_allow_offload_never_allows_unloaded_parameters) ... skipped 'requires torch, transformers and peft'
2026-10-03T14:23:08.8749562Z test_backbone_dtype_defaults_to_released_bfloat16_and_is_selectable (test_consumer_gpu_loading.ConsumerGpuLoadingTest.test_backbone_dtype_defaults_to_released_bfloat16_and_is_selectable) ... skipped 'requires torch, transformers and peft'
2026-10-03T14:23:08.8752891Z test_cpu_embedding_is_reused_by_uncached_and_cached_scoring (test_consumer_gpu_loading.ConsumerGpuLoadingTest.test_cpu_embedding_is_reused_by_uncached_and_cached_scoring) ... skipped 'requires torch, transformers and peft'
2026-10-03T14:23:08.8755729Z test_explicit_transformer_cpu_offload_is_rejected (test_consumer_gpu_loading.ConsumerGpuLoadingTest.test_explicit_transformer_cpu_offload_is_rejected) ... skipped 'requires torch, transformers and peft'
2026-10-03T14:23:08.8759069Z test_hub_id_meta_head_uses_pinned_shard_and_original_subtraction_dtype (test_consumer_gpu_loading.ConsumerGpuLoadingTest.test_hub_id_meta_head_uses_pinned_shard_and_original_subtraction_dtype) ... skipped 'requires torch, transformers and peft'
2026-10-03T14:23:08.8762188Z test_load_revalidates_adapter_parameters (test_consumer_gpu_loading.ConsumerGpuLoadingTest.test_load_revalidates_adapter_parameters) ... skipped 'requires torch, transformers and peft'
2026-10-03T14:23:08.8764586Z test_local_snapshot_resolution (test_consumer_gpu_loading.ConsumerGpuLoadingTest.test_local_snapshot_resolution) ... skipped 'requires torch, transformers and peft'
2026-10-03T14:23:08.8767303Z test_provenance_records_loaded_rather_than_requested_backbone_dtypes (test_consumer_gpu_loading.ConsumerGpuLoadingTest.test_provenance_records_loaded_rather_than_requested_backbone_dtypes) ... skipped 'requires torch, transformers and peft'
2026-10-03T14:23:08.8770574Z test_quantized_loading_is_refused_on_apple_mps_before_loading (test_consumer_gpu_loading.ConsumerGpuLoadingTest.test_quantized_loading_is_refused_on_apple_mps_before_loading) ... skipped 'requires torch, transformers and peft'
2026-10-03T14:23:08.8773863Z test_similar_embedding_module_name_does_not_bypass_guard (test_consumer_gpu_loading.ConsumerGpuLoadingTest.test_similar_embedding_module_name_does_not_bypass_guard) ... skipped 'requires torch, transformers and peft'
2026-10-03T14:23:08.8776731Z test_unknown_backbone_dtype_is_rejected_before_loading (test_consumer_gpu_loading.ConsumerGpuLoadingTest.test_unknown_backbone_dtype_is_rejected_before_loading) ... skipped 'requires torch, transformers and peft'
2026-10-03T14:23:08.8779354Z test_unsharded_snapshot_resolution (test_consumer_gpu_loading.ConsumerGpuLoadingTest.test_unsharded_snapshot_resolution) ... skipped 'requires torch, transformers and peft'
2026-10-03T14:23:08.8788287Z test_changed_manifest_artifact_and_source_are_rejected (test_contact_service.ContactDriverFixtures.test_changed_manifest_artifact_and_source_are_rejected) ... ok
2026-10-03T14:23:08.8793030Z test_expected_identity_and_split_flags_fail_before_any_transport (test_contact_service.ContactDriverFixtures.test_expected_identity_and_split_flags_fail_before_any_transport) ... ok
2026-10-03T14:23:08.8876791Z test_failed_default_http_path_never_marks_model_quality_evidence (test_contact_service.ContactDriverFixtures.test_failed_default_http_path_never_marks_model_quality_evidence) ... ok
2026-10-03T14:23:08.8934326Z test_fixture_driver_preserves_original_requests_and_raw_responses (test_contact_service.ContactDriverFixtures.test_fixture_driver_preserves_original_requests_and_raw_responses) ... ok
2026-10-03T14:23:08.8982933Z test_interruption_retains_unattempted_documents_in_denominators (test_contact_service.ContactDriverFixtures.test_interruption_retains_unattempted_documents_in_denominators) ... ok
2026-10-03T14:23:08.9011104Z test_loader_hashes_training_bytes_without_parsing_targets (test_contact_service.ContactDriverFixtures.test_loader_hashes_training_bytes_without_parsing_targets) ... ok
2026-10-03T14:23:08.9033732Z test_outputs_cannot_overwrite_inputs_or_follow_output_symlink (test_contact_service.ContactDriverFixtures.test_outputs_cannot_overwrite_inputs_or_follow_output_symlink) ... ok
2026-10-03T14:23:08.9046843Z test_absent_and_ambiguous_refusals_do_not_enter_unique_target_metric (test_contact_service.ContactPipelineFixtures.test_absent_and_ambiguous_refusals_do_not_enter_unique_target_metric) ... ok
2026-10-03T14:23:08.9049534Z test_b_failure_retains_a_score_and_b_fixed_denominator (test_contact_service.ContactPipelineFixtures.test_b_failure_retains_a_score_and_b_fixed_denominator) ... skipped 'requires optional .[phone] extra'
2026-10-03T14:23:08.9056057Z test_choice_tie_preserves_actual_service_choice (test_contact_service.ContactPipelineFixtures.test_choice_tie_preserves_actual_service_choice) ... ok
2026-10-03T14:23:08.9064208Z test_email_wrong_role_copy_is_not_requested_target_success (test_contact_service.ContactPipelineFixtures.test_email_wrong_role_copy_is_not_requested_target_success) ... ok
2026-10-03T14:23:08.9072203Z test_equal_email_at_other_offset_still_fails (test_contact_service.ContactPipelineFixtures.test_equal_email_at_other_offset_still_fails) ... ok
2026-10-03T14:23:08.9080578Z test_forced_no_candidate_still_requires_valid_response (test_contact_service.ContactPipelineFixtures.test_forced_no_candidate_still_requires_valid_response) ... ok
2026-10-03T14:23:08.9086433Z test_http_error_preserves_wire_bytes_and_all_case_denominators (test_contact_service.ContactPipelineFixtures.test_http_error_preserves_wire_bytes_and_all_case_denominators) ... ok
2026-10-03T14:23:08.9089192Z test_identity_change_between_a_b_and_across_corpora_is_rejected (test_contact_service.ContactPipelineFixtures.test_identity_change_between_a_b_and_across_corpora_is_rejected) ... skipped 'requires optional .[phone] extra'
2026-10-03T14:23:08.9112511Z test_json_probability_candidate_and_sequence_errors_cannot_succeed (test_contact_service.ContactPipelineFixtures.test_json_probability_candidate_and_sequence_errors_cannot_succeed) ... ok
2026-10-03T14:23:08.9123082Z test_metadata_identity_locks_even_when_first_answers_are_invalid (test_contact_service.ContactPipelineFixtures.test_metadata_identity_locks_even_when_first_answers_are_invalid) ... ok
2026-10-03T14:23:08.9130256Z test_miss_none_is_span_correct_but_extraction_failure (test_contact_service.ContactPipelineFixtures.test_miss_none_is_span_correct_but_extraction_failure) ... ok
2026-10-03T14:23:08.9153787Z test_partial_actual_candidate_gets_b_without_gold_repair (test_contact_service.ContactPipelineFixtures.test_partial_actual_candidate_gets_b_without_gold_repair) ... skipped 'requires optional .[phone] extra'
2026-10-03T14:23:08.9156238Z test_phone_b_uses_actual_wrong_role_even_when_presence_is_false (test_contact_service.ContactPipelineFixtures.test_phone_b_uses_actual_wrong_role_even_when_presence_is_false) ... skipped 'requires optional .[phone] extra'
2026-10-03T14:23:08.9158448Z test_phone_none_with_presence_true_does_not_send_b (test_contact_service.ContactPipelineFixtures.test_phone_none_with_presence_true_does_not_send_b) ... ok
2026-10-03T14:23:08.9160338Z test_possible_but_invalid_gb_can_succeed_with_exact_e164 (test_contact_service.ContactPipelineFixtures.test_possible_but_invalid_gb_can_succeed_with_exact_e164) ... skipped 'requires optional .[phone] extra'
2026-10-03T14:23:08.9162809Z test_unknown_region_none_output_is_not_extraction_success (test_contact_service.ContactPipelineFixtures.test_unknown_region_none_output_is_not_extraction_success) ... skipped 'requires optional .[phone] extra'
2026-10-03T14:23:08.9842935Z test_build_and_report_never_overwrite_existing_inputs (test_context_retention_data.RetentionDataTests.test_build_and_report_never_overwrite_existing_inputs) ... ok
2026-10-03T14:23:09.0580928Z test_generated_ood_has_unseen_shared_dependency_structure (test_context_retention_data.RetentionDataTests.test_generated_ood_has_unseen_shared_dependency_structure) ... ok
2026-10-03T14:23:09.1767349Z test_hidden_spec_and_same_length_output_contents_do_not_determine_labels (test_context_retention_data.RetentionDataTests.test_hidden_spec_and_same_length_output_contents_do_not_determine_labels) ... ok
2026-10-03T14:23:09.2450605Z test_inputs_exclude_metadata_targets_and_full_outputs (test_context_retention_data.RetentionDataTests.test_inputs_exclude_metadata_targets_and_full_outputs) ... ok
2026-10-03T14:23:09.3667590Z test_matching_wrong_reference_and_target_cannot_pass (test_context_retention_data.RetentionDataTests.test_matching_wrong_reference_and_target_cannot_pass) ... ok
2026-10-03T14:23:09.4880515Z test_mutated_visible_goal_is_checked_without_consulting_spec (test_context_retention_data.RetentionDataTests.test_mutated_visible_goal_is_checked_without_consulting_spec) ... ok
2026-10-03T14:23:09.5994306Z test_pinned_and_unpaired_gates_never_acquire_probabilities (test_context_retention_data.RetentionDataTests.test_pinned_and_unpaired_gates_never_acquire_probabilities) ... ok
2026-10-03T14:23:09.6650149Z test_policy_tampering_and_extra_rule_are_rejected (test_context_retention_data.RetentionDataTests.test_policy_tampering_and_extra_rule_are_rejected) ... ok
2026-10-03T14:23:09.8056803Z test_small_corpus_is_deterministic_and_independently_verified (test_context_retention_data.RetentionDataTests.test_small_corpus_is_deterministic_and_independently_verified) ... ok
2026-10-03T14:23:09.9156387Z test_source_result_pairing_and_omission_are_checked (test_context_retention_data.RetentionDataTests.test_source_result_pairing_and_omission_are_checked) ... ok
2026-10-03T14:23:09.9749801Z test_unsealed_data_mutation_fails_before_semantic_checks (test_context_retention_data.RetentionDataTests.test_unsealed_data_mutation_fails_before_semantic_checks) ... ok
2026-10-03T14:23:09.9758377Z test_group_spanning_source_train_and_test_is_rejected (test_data.ImportDataTests.test_group_spanning_source_train_and_test_is_rejected) ... ok
2026-10-03T14:23:09.9772867Z test_noul_maps_labels_and_preserves_official_test (test_data.ImportDataTests.test_noul_maps_labels_and_preserves_official_test) ... ok
2026-10-03T14:23:09.9864476Z test_source_train_never_becomes_test_and_duplicates_share_group (test_data.ImportDataTests.test_source_train_never_becomes_test_and_duplicates_share_group) ... ok
2026-10-03T14:23:09.9869461Z test_unknown_label_is_not_silently_remapped (test_data.ImportDataTests.test_unknown_label_is_not_silently_remapped) ... ok
2026-10-03T14:23:10.0047994Z test_build_roundtrip (test_data.SyntheticDataTests.test_build_roundtrip) ... ok
2026-10-03T14:23:10.0360544Z test_deterministic_and_every_target_matches_explicit_oracle (test_data.SyntheticDataTests.test_deterministic_and_every_target_matches_explicit_oracle) ... ok
2026-10-03T14:23:10.0447152Z test_directory_validation_ignores_auxiliary_workflow_jsonl (test_data.SyntheticDataTests.test_directory_validation_ignores_auxiliary_workflow_jsonl) ... ok
2026-10-03T14:23:10.0451448Z test_duplicate_input_cannot_evade_detection_by_shuffling (test_data.SyntheticDataTests.test_duplicate_input_cannot_evade_detection_by_shuffling) ... ok
2026-10-03T14:23:10.0453502Z test_evidence_absence_is_unknown (test_data.SyntheticDataTests.test_evidence_absence_is_unknown) ... ok
2026-10-03T14:23:10.0455067Z test_policy_boundaries_and_rule_precedence (test_data.SyntheticDataTests.test_policy_boundaries_and_rule_precedence) ... ok
2026-10-03T14:23:10.0456831Z test_rejects_bad_probabilities_and_provenance (test_data.SyntheticDataTests.test_rejects_bad_probabilities_and_provenance) ... ok
2026-10-03T14:23:10.0458477Z test_routing_priorities_and_threshold (test_data.SyntheticDataTests.test_routing_priorities_and_threshold) ... ok
2026-10-03T14:23:10.0460393Z test_same_context_with_changed_candidates_cannot_cross_splits (test_data.SyntheticDataTests.test_same_context_with_changed_candidates_cannot_cross_splits) ... ok
2026-10-03T14:23:10.0465139Z test_same_split_allows_changed_candidates_and_question_variants (test_data.SyntheticDataTests.test_same_split_allows_changed_candidates_and_question_variants) ... ok
2026-10-03T14:23:10.0471263Z test_split_directory_rejects_row_in_wrong_split_file (test_data.SyntheticDataTests.test_split_directory_rejects_row_in_wrong_split_file) ... ok
2026-10-03T14:23:10.0794833Z test_split_grouping_and_ood_isolation (test_data.SyntheticDataTests.test_split_grouping_and_ood_isolation) ... ok
2026-10-03T14:23:10.1081923Z test_full_pass_has_no_padding_skips_or_reordering (test_distributed_training.DistributedContractTests.test_full_pass_has_no_padding_skips_or_reordering) ... ok
2026-10-03T14:23:10.1084167Z test_reload_rejects_nonfinite_length_mismatch_and_large_error (test_distributed_training.DistributedContractTests.test_reload_rejects_nonfinite_length_mismatch_and_large_error) ... ok
2026-10-03T14:23:10.1086487Z test_resource_policy_requires_exact_host_and_physical_uuids (test_distributed_training.DistributedContractTests.test_resource_policy_requires_exact_host_and_physical_uuids) ... ok
2026-10-03T14:23:10.1110984Z test_resume_rejects_changed_data_order_schedule_runtime_topology_and_code (test_distributed_training.DistributedContractTests.test_resume_rejects_changed_data_order_schedule_runtime_topology_and_code) ... ok
2026-10-03T14:23:10.1132305Z test_snapshot_checksums_and_optimizer_cursor_are_checked_before_tensors (test_distributed_training.DistributedContractTests.test_snapshot_checksums_and_optimizer_cursor_are_checked_before_tensors) ... ok
2026-10-03T14:23:10.1135483Z test_cpu_final_evaluation_fits_calibration_and_preserves_original_baselines (test_distributed_training.DistributedNumericalTests.test_cpu_final_evaluation_fits_calibration_and_preserves_original_baselines) ... skipped 'requires optional torch runtime'
2026-10-03T14:23:10.1138584Z test_four_rank_dropout_python_torch_rng_and_optimizer_resume (test_distributed_training.DistributedNumericalTests.test_four_rank_dropout_python_torch_rng_and_optimizer_resume) ... skipped 'requires optional torch runtime'
2026-10-03T14:23:10.1140969Z test_four_rank_global_batch_matches_serial_parameters_optimizer_and_losses (test_distributed_training.DistributedNumericalTests.test_four_rank_global_batch_matches_serial_parameters_optimizer_and_losses) ... skipped 'requires optional torch runtime'
2026-10-03T14:23:10.1143713Z test_restore_rejects_missing_optimizer_moment_and_reordered_parameter_groups (test_distributed_training.DistributedNumericalTests.test_restore_rejects_missing_optimizer_moment_and_reordered_parameter_groups) ... skipped 'requires optional torch runtime'
2026-10-03T14:23:10.1237019Z test_defaults_cache_opt_in_and_command_override (test_docker_deployment.DockerEntrypointTest.test_defaults_cache_opt_in_and_command_override) ... ok
2026-10-03T14:23:10.1275159Z test_empty_manifest_is_rejected (test_docker_deployment.DockerFetchTest.test_empty_manifest_is_rejected) ... ok
2026-10-03T14:23:10.1308648Z test_missing_manifest_is_rejected (test_docker_deployment.DockerFetchTest.test_missing_manifest_is_rejected) ... ok
2026-10-03T14:23:10.1345618Z test_tampered_package_is_rejected (test_docker_deployment.DockerFetchTest.test_tampered_package_is_rejected) ... ok
2026-10-03T14:23:10.1393744Z test_valid_package_records_verified_files (test_docker_deployment.DockerFetchTest.test_valid_package_records_verified_files) ... ok
2026-10-03T14:23:10.1427545Z test_wrong_base_revision_is_rejected (test_docker_deployment.DockerFetchTest.test_wrong_base_revision_is_rejected) ... ok
2026-10-03T14:23:10.1429582Z test_all_frozen_training_rows_match_runtime_prompts (test_doom_control.DoomControlTest.test_all_frozen_training_rows_match_runtime_prompts) ... skipped 'frozen local Doom corpus is unavailable'
2026-10-03T14:23:10.1475341Z test_attack_threshold_and_alignment_never_override_model_action (test_doom_control.DoomControlTest.test_attack_threshold_and_alignment_never_override_model_action) ... ok
2026-10-03T14:23:10.6585184Z test_audited_http_suite_records_typed_errors_without_fallback (test_doom_control.DoomControlTest.test_audited_http_suite_records_typed_errors_without_fallback) ... ok
2026-10-03T14:23:10.6599774Z test_http_typed_loop_keeps_raw_heads_and_never_calls_teacher (test_doom_control.DoomControlTest.test_http_typed_loop_keeps_raw_heads_and_never_calls_teacher) ... ok
2026-10-03T14:23:10.6647683Z test_legacy_mode_is_default_and_typed_cli_replay_is_explicit (test_doom_control.DoomControlTest.test_legacy_mode_is_default_and_typed_cli_replay_is_explicit) ... ok
2026-10-03T14:23:10.6686425Z test_malformed_heads_probabilities_confidence_and_legend_fail (test_doom_control.DoomControlTest.test_malformed_heads_probabilities_confidence_and_legend_fail) ... ok
2026-10-03T14:23:10.6687919Z test_real_typed_engine_rollout_and_replay (test_doom_control.DoomControlTest.test_real_typed_engine_rollout_and_replay) ... skipped 'optional local ViZDoom is unavailable'
2026-10-03T14:23:10.6690695Z test_service_identity_counts_noul_as_one_sequence (test_doom_control.DoomControlTest.test_service_identity_counts_noul_as_one_sequence) ... ok
2026-10-03T14:23:10.6694180Z test_training_and_runtime_candidate_prompts_are_identical (test_doom_control.DoomControlTest.test_training_and_runtime_candidate_prompts_are_identical) ... ok
2026-10-03T14:23:11.6286738Z test_all_actions_kinds_and_parent_ood_splits_are_present (test_drone_data.DroneDataTest.test_all_actions_kinds_and_parent_ood_splits_are_present) ... ok
2026-10-03T14:23:11.6307219Z test_corrupt_questions_answers_or_derivation_are_rejected (test_drone_data.DroneDataTest.test_corrupt_questions_answers_or_derivation_are_rejected) ... ok
2026-10-03T14:23:12.1716386Z test_disk_roundtrip_and_overwrite_protection (test_drone_data.DroneDataTest.test_disk_roundtrip_and_overwrite_protection) ... ok
2026-10-03T14:23:12.5840900Z test_exact_runtime_prompts_targets_and_typed_proposals (test_drone_data.DroneDataTest.test_exact_runtime_prompts_targets_and_typed_proposals) ... ok
2026-10-03T14:23:12.6140977Z test_ids_order_and_metadata_do_not_decide_references (test_drone_data.DroneDataTest.test_ids_order_and_metadata_do_not_decide_references) ... ok
2026-10-03T14:23:12.6158824Z test_same_sensor_facts_different_side_goals (test_drone_data.DroneDataTest.test_same_sensor_facts_different_side_goals) ... ok
2026-10-03T14:23:12.6317479Z test_single_candidate_omission_and_no_inactive_heads (test_drone_data.DroneDataTest.test_single_candidate_omission_and_no_inactive_heads) ... ok
2026-10-03T14:23:12.6330154Z test_climb_requires_permission_verified_clearance_and_geometry (test_drone_data.DroneRuleTest.test_climb_requires_permission_verified_clearance_and_geometry) ... ok
2026-10-03T14:23:12.6341288Z test_gap_width_tie_goal_and_all_barriers (test_drone_data.DroneRuleTest.test_gap_width_tie_goal_and_all_barriers) ... ok
2026-10-03T14:23:12.6349097Z test_goal_changes_reacquisition_but_not_evidence_or_risk (test_drone_data.DroneRuleTest.test_goal_changes_reacquisition_but_not_evidence_or_risk) ... ok
2026-10-03T14:23:12.6364676Z test_missing_disclosure_or_invalid_measurements_do_not_get_labels (test_drone_data.DroneRuleTest.test_missing_disclosure_or_invalid_measurements_do_not_get_labels) ... ok
2026-10-03T14:23:12.6377674Z test_relative_motion_and_off_course_obstacles (test_drone_data.DroneRuleTest.test_relative_motion_and_off_course_obstacles) ... ok
2026-10-03T14:23:12.6396358Z test_stopping_distance_ttc_and_clearance_boundaries (test_drone_data.DroneRuleTest.test_stopping_distance_ttc_and_clearance_boundaries) ... ok
2026-10-03T14:23:12.6416307Z test_target_loss_needs_independent_unoccluded_evidence (test_drone_data.DroneRuleTest.test_target_loss_needs_independent_unoccluded_evidence) ... ok
2026-10-03T14:23:12.7399713Z test_exact_requests_teacher_and_derivation_are_required (test_drone_service_eval.DroneServiceEvaluationTests.test_exact_requests_teacher_and_derivation_are_required) ... ok
2026-10-03T14:23:12.7416955Z test_forced_maneuver_is_separate_and_all_failures_stay_in_denominators (test_drone_service_eval.DroneServiceEvaluationTests.test_forced_maneuver_is_separate_and_all_failures_stay_in_denominators) ... ok
2026-10-03T14:23:12.7917265Z test_interrupted_run_preserves_all_denominators_and_frozen_requests (test_drone_service_eval.DroneServiceEvaluationTests.test_interrupted_run_preserves_all_denominators_and_frozen_requests) ... ok
2026-10-03T14:23:12.7932036Z test_modal_ties_scalar_error_and_noul_threshold (test_drone_service_eval.DroneServiceEvaluationTests.test_modal_ties_scalar_error_and_noul_threshold) ... ok
2026-10-03T14:23:12.7952433Z test_noul_has_one_scoring_sequence_and_artifact_identity_is_exact (test_drone_service_eval.DroneServiceEvaluationTests.test_noul_has_one_scoring_sequence_and_artifact_identity_is_exact) ... ok
2026-10-03T14:23:12.8768113Z test_offline_transport_failures_identity_and_wire_evidence (test_drone_service_eval.DroneServiceEvaluationTests.test_offline_transport_failures_identity_and_wire_evidence) ... ok
2026-10-03T14:23:12.9235491Z test_selection_is_label_independent_order_invariant_and_grouped (test_drone_service_eval.DroneServiceEvaluationTests.test_selection_is_label_independent_order_invariant_and_grouped) ... ok
2026-10-03T14:23:12.9318280Z test_strict_all_head_contracts_reject_malformed_fields (test_drone_service_eval.DroneServiceEvaluationTests.test_strict_all_head_contracts_reject_malformed_fields) ... ok
2026-10-03T14:23:12.9324341Z test_independent_suite_is_deterministic_and_compiles_mixed_types (test_efficiency_metrics.EfficiencyMetricsTest.test_independent_suite_is_deterministic_and_compiles_mixed_types) ... ok
2026-10-03T14:23:12.9326446Z test_interpolated_percentiles_and_throughput (test_efficiency_metrics.EfficiencyMetricsTest.test_interpolated_percentiles_and_throughput) ... ok
2026-10-03T14:23:13.4364110Z test_loopback_http_audits_real_transport_and_separates_scope (test_efficiency_metrics.EfficiencyMetricsTest.test_loopback_http_audits_real_transport_and_separates_scope) ... ok
2026-10-03T14:23:13.4367334Z test_missing_reordered_and_nonfinite_probabilities_fail (test_efficiency_metrics.EfficiencyMetricsTest.test_missing_reordered_and_nonfinite_probabilities_fail) ... ok
2026-10-03T14:23:13.4369349Z test_noul_equal_boundary_uses_true_at_half (test_efficiency_metrics.EfficiencyMetricsTest.test_noul_equal_boundary_uses_true_at_half) ... ok
2026-10-03T14:23:13.4371938Z test_official_noul_thresholds_point_two_and_point_eight_are_audited (test_efficiency_metrics.EfficiencyMetricsTest.test_official_noul_thresholds_point_two_and_point_eight_are_audited) ... ok
2026-10-03T14:23:13.4374290Z test_small_error_without_crossing_passes (test_efficiency_metrics.EfficiencyMetricsTest.test_small_error_without_crossing_passes) ... ok
2026-10-03T14:23:13.4376042Z test_tiny_coverage_boundary_flip_is_reported (test_efficiency_metrics.EfficiencyMetricsTest.test_tiny_coverage_boundary_flip_is_reported) ... ok
2026-10-03T14:23:13.4377719Z test_tiny_probability_error_still_fails_decision_boundary (test_efficiency_metrics.EfficiencyMetricsTest.test_tiny_probability_error_still_fails_decision_boundary) ... ok
2026-10-03T14:23:13.4378923Z test_usage_mismatch_fails_parity (test_efficiency_metrics.EfficiencyMetricsTest.test_usage_mismatch_fails_parity) ... ok
2026-10-03T14:23:13.4780864Z test_build_does_not_overwrite_existing_corpus (test_email_selection_control.EmailCorpusAuditTest.test_build_does_not_overwrite_existing_corpus) ... ok
2026-10-03T14:23:13.4977965Z test_candidate_copy_cannot_silently_lowercase_addresses (test_email_selection_control.EmailCorpusAuditTest.test_candidate_copy_cannot_silently_lowercase_addresses) ... ok
2026-10-03T14:23:13.5442887Z test_groups_and_contact_identity_are_isolated (test_email_selection_control.EmailCorpusAuditTest.test_groups_and_contact_identity_are_isolated) ... ok
2026-10-03T14:23:13.5665365Z test_hidden_reference_and_ids_do_not_enter_prompts (test_email_selection_control.EmailCorpusAuditTest.test_hidden_reference_and_ids_do_not_enter_prompts) ... ok
2026-10-03T14:23:13.5900291Z test_joint_reference_and_target_mutation_rejected (test_email_selection_control.EmailCorpusAuditTest.test_joint_reference_and_target_mutation_rejected) ... ok
2026-10-03T14:23:13.6731142Z test_original_counts_recall_omissions_and_deterministic_generation (test_email_selection_control.EmailCorpusAuditTest.test_original_counts_recall_omissions_and_deterministic_generation) ... ok
2026-10-03T14:23:13.7440886Z test_output_exclusive_creation_preserves_concurrent_file (test_email_selection_control.EmailCorpusAuditTest.test_output_exclusive_creation_preserves_concurrent_file) ... ok
2026-10-03T14:23:13.7489974Z test_output_rejects_input_paths_aliases_existing_files_and_symlinks (test_email_selection_control.EmailCorpusAuditTest.test_output_rejects_input_paths_aliases_existing_files_and_symlinks) ... ok
2026-10-03T14:23:13.7527216Z test_source_hash_binding_and_unsealed_bytes_are_checked (test_email_selection_control.EmailCorpusAuditTest.test_source_hash_binding_and_unsealed_bytes_are_checked) ... ok
2026-10-03T14:23:13.7755133Z test_visible_current_status_mutation_is_rejected_without_trusting_reference (test_email_selection_control.EmailCorpusAuditTest.test_visible_current_status_mutation_is_rejected_without_trusting_reference) ... ok
2026-10-03T14:23:13.7761769Z test_card_offsets_and_unicode_prefix_use_original_characters (test_email_selection_control.EmailRuntimeTest.test_card_offsets_and_unicode_prefix_use_original_characters) ... ok
2026-10-03T14:23:13.7766938Z test_copy_preserves_case_and_can_copy_wrong_role_or_superseded_contacts (test_email_selection_control.EmailRuntimeTest.test_copy_preserves_case_and_can_copy_wrong_role_or_superseded_contacts) ... ok
2026-10-03T14:23:13.7773628Z test_current_superseded_order_and_query_blind_candidates (test_email_selection_control.EmailRuntimeTest.test_current_superseded_order_and_query_blind_candidates) ... ok
2026-10-03T14:23:13.7777099Z test_duplicate_current_addresses_are_ambiguous_but_other_roles_are_not (test_email_selection_control.EmailRuntimeTest.test_duplicate_current_addresses_are_ambiguous_but_other_roles_are_not) ... ok
2026-10-03T14:23:13.7780777Z test_new_original_example_recompiles_and_keeps_copy_separate (test_email_selection_control.EmailRuntimeTest.test_new_original_example_recompiles_and_keeps_copy_separate) ... ok
2026-10-03T14:23:13.7822484Z test_no_candidates_maximum_candidates_and_corrupted_cache (test_email_selection_control.EmailRuntimeTest.test_no_candidates_maximum_candidates_and_corrupted_cache) ... ok
2026-10-03T14:23:13.7828152Z test_quoted_unicode_local_and_unicode_domain_remain_present_but_unrecalled (test_email_selection_control.EmailRuntimeTest.test_quoted_unicode_local_and_unicode_domain_remain_present_but_unrecalled) ... ok
2026-10-03T14:23:13.7833056Z test_superseded_only_missing_and_unrecorded_do_not_establish_current_presence (test_email_selection_control.EmailRuntimeTest.test_superseded_only_missing_and_unrecorded_do_not_establish_current_presence) ... ok
2026-10-03T14:23:13.7838603Z test_unknown_recognized_status_rejected_in_both_layouts (test_email_selection_control.EmailRuntimeTest.test_unknown_recognized_status_rejected_in_both_layouts) ... ok
2026-10-03T14:23:13.9628972Z test_aliases_cannot_leak_between_families (test_entity_alignment_control.EntityCorpusAuditTest.test_aliases_cannot_leak_between_families) ... ok
2026-10-03T14:23:13.9834002Z test_auxiliary_labels_and_ids_are_not_model_inputs (test_entity_alignment_control.EntityCorpusAuditTest.test_auxiliary_labels_and_ids_are_not_model_inputs) ... ok
2026-10-03T14:23:13.9858484Z test_build_refuses_to_overwrite_existing_data (test_entity_alignment_control.EntityCorpusAuditTest.test_build_refuses_to_overwrite_existing_data) ... ok
2026-10-03T14:23:14.0929494Z test_family_spec_is_auxiliary_and_not_an_oracle (test_entity_alignment_control.EntityCorpusAuditTest.test_family_spec_is_auxiliary_and_not_an_oracle) ... ok
2026-10-03T14:23:14.1957804Z test_identifiers_cannot_leak_between_families (test_entity_alignment_control.EntityCorpusAuditTest.test_identifiers_cannot_leak_between_families) ... ok
2026-10-03T14:23:14.2826338Z test_joint_wrong_reference_and_target_mutation_is_rejected (test_entity_alignment_control.EntityCorpusAuditTest.test_joint_wrong_reference_and_target_mutation_is_rejected) ... ok
2026-10-03T14:23:14.4694395Z test_original_dataset_audits_and_generation_is_deterministic (test_entity_alignment_control.EntityCorpusAuditTest.test_original_dataset_audits_and_generation_is_deterministic) ... ok
2026-10-03T14:23:14.4750209Z test_output_cannot_target_input_manifest_jsonl_or_directory_symlink (test_entity_alignment_control.EntityCorpusAuditTest.test_output_cannot_target_input_manifest_jsonl_or_directory_symlink) ... ok
2026-10-03T14:23:14.7491206Z test_output_exclusive_creation_preserves_a_concurrently_arriving_file (test_entity_alignment_control.EntityCorpusAuditTest.test_output_exclusive_creation_preserves_a_concurrently_arriving_file) ... ok
2026-10-03T14:23:14.7530045Z test_output_refuses_existing_files_and_normal_or_dangling_symlinks (test_entity_alignment_control.EntityCorpusAuditTest.test_output_refuses_existing_files_and_normal_or_dangling_symlinks) ... ok
2026-10-03T14:23:14.8303136Z test_pairs_and_all_heads_remain_in_the_family_split (test_entity_alignment_control.EntityCorpusAuditTest.test_pairs_and_all_heads_remain_in_the_family_split) ... ok
2026-10-03T14:23:14.8381662Z test_runtime_source_hash_binding_and_unsealed_bytes_are_checked (test_entity_alignment_control.EntityCorpusAuditTest.test_runtime_source_hash_binding_and_unsealed_bytes_are_checked) ... ok
2026-10-03T14:23:14.9230185Z test_visible_input_change_is_detected_with_unchanged_family_spec (test_entity_alignment_control.EntityCorpusAuditTest.test_visible_input_change_is_detected_with_unchanged_family_spec) ... ok
2026-10-03T14:23:14.9272397Z test_all_fields_agreement_conflict_and_missing_under_both_wordings (test_entity_alignment_control.EntityVisibleSemanticsTest.test_all_fields_agreement_conflict_and_missing_under_both_wordings) ... ok
2026-10-03T14:23:14.9278230Z test_equal_unlisted_text_does_not_establish_agreement (test_entity_alignment_control.EntityVisibleSemanticsTest.test_equal_unlisted_text_does_not_establish_agreement) ... ok
2026-10-03T14:23:14.9289671Z test_exact_units_long_decimals_and_visible_custom_factors (test_entity_alignment_control.EntityVisibleSemanticsTest.test_exact_units_long_decimals_and_visible_custom_factors) ... ok
2026-10-03T14:23:14.9298869Z test_forged_capacity_evidence_unsupported_policy_and_ambiguous_alias_fail (test_entity_alignment_control.EntityVisibleSemanticsTest.test_forged_capacity_evidence_unsupported_policy_and_ambiguous_alias_fail) ... ok
2026-10-03T14:23:14.9312540Z test_identifier_precedence_and_different_namespaces (test_entity_alignment_control.EntityVisibleSemanticsTest.test_identifier_precedence_and_different_namespaces) ... ok
2026-10-03T14:23:14.9326325Z test_identifiers_trim_outer_whitespace_but_preserve_case_and_internal_text (test_entity_alignment_control.EntityVisibleSemanticsTest.test_identifiers_trim_outer_whitespace_but_preserve_case_and_internal_text) ... ok
2026-10-03T14:23:14.9350454Z test_invalid_capacity_is_unknown_instead_of_equal_or_conflicting (test_entity_alignment_control.EntityVisibleSemanticsTest.test_invalid_capacity_is_unknown_instead_of_equal_or_conflicting) ... ok
2026-10-03T14:23:14.9366251Z test_mixed_unicode_digits_are_unknown_capacity_even_with_matching_identifiers (test_entity_alignment_control.EntityVisibleSemanticsTest.test_mixed_unicode_digits_are_unknown_capacity_even_with_matching_identifiers) ... ok
2026-10-03T14:23:14.9369526Z test_new_original_example_recompiles_to_four_heads (test_entity_alignment_control.EntityVisibleSemanticsTest.test_new_original_example_recompiles_to_four_heads) ... ok
2026-10-03T14:23:14.9378573Z test_same_identifier_permits_same_with_missing_fields (test_entity_alignment_control.EntityVisibleSemanticsTest.test_same_identifier_permits_same_with_missing_fields) ... ok
2026-10-03T14:23:14.9380632Z test_all_300_published_request_hashes_and_reference_statistics_reproduce (test_eval_frontier.FrontierFrozenSourceTests.test_all_300_published_request_hashes_and_reference_statistics_reproduce) ... skipped 'requires external pinned JF100 checkout'
2026-10-03T14:23:14.9404631Z test_audit_requires_all_trials_correct_rotated_gold_and_request_identity (test_eval_frontier.FrontierProtocolTests.test_audit_requires_all_trials_correct_rotated_gold_and_request_identity) ... ok
2026-10-03T14:23:14.9415187Z test_checksum_or_source_commit_change_is_rejected_before_loading_items (test_eval_frontier.FrontierProtocolTests.test_checksum_or_source_commit_change_is_rejected_before_loading_items) ... ok
2026-10-03T14:23:14.9418235Z test_native_choice_rotation_preserves_meaning_and_remaps_gold (test_eval_frontier.FrontierProtocolTests.test_native_choice_rotation_preserves_meaning_and_remaps_gold) ... ok
2026-10-03T14:23:14.9420812Z test_native_probability_validation_catches_invalid_answers_without_retry (test_eval_frontier.FrontierProtocolTests.test_native_probability_validation_catches_invalid_answers_without_retry) ... ok
2026-10-03T14:23:14.9423414Z test_request_builder_never_reads_gold_rationale_or_other_hidden_metadata (test_eval_frontier.FrontierProtocolTests.test_request_builder_never_reads_gold_rationale_or_other_hidden_metadata) ... ok
2026-10-03T14:23:14.9425189Z test_request_hash_matches_upstream_json_normalization (test_eval_frontier.FrontierProtocolTests.test_request_hash_matches_upstream_json_normalization) ... ok
2026-10-03T14:23:14.9485244Z test_statistics_keep_template_pairs_and_score_service_failures_zero (test_eval_frontier.FrontierProtocolTests.test_statistics_keep_template_pairs_and_score_service_failures_zero) ... ok
2026-10-03T14:23:14.9531877Z test_audit_checks_bytes_and_counts_for_each_manifest_layout (test_eval_separation.EvaluationSeparationTests.test_audit_checks_bytes_and_counts_for_each_manifest_layout) ... ok
2026-10-03T14:23:14.9534467Z test_exact_match_ignores_option_rotation_and_standard_list_labels (test_eval_separation.EvaluationSeparationTests.test_exact_match_ignores_option_rotation_and_standard_list_labels) ... ok
2026-10-03T14:23:14.9537096Z test_manifest_layouts_preserve_identical_frozen_hashes_and_counts (test_eval_separation.EvaluationSeparationTests.test_manifest_layouts_preserve_identical_frozen_hashes_and_counts) ... ok
2026-10-03T14:23:14.9539686Z test_manifest_rejects_missing_and_contradictory_definitions (test_eval_separation.EvaluationSeparationTests.test_manifest_rejects_missing_and_contradictory_definitions) ... ok
2026-10-03T14:23:14.9542469Z test_matcher_uses_only_visible_fields_and_catches_embedded_state (test_eval_separation.EvaluationSeparationTests.test_matcher_uses_only_visible_fields_and_catches_embedded_state) ... ok
2026-10-03T14:23:14.9545001Z test_semantic_or_partial_option_prefixes_are_not_stripped (test_eval_separation.EvaluationSeparationTests.test_semantic_or_partial_option_prefixes_are_not_stripped) ... ok
2026-10-03T14:23:14.9547495Z test_short_state_is_excluded_only_from_substrings_and_boundaries_hold (test_eval_separation.EvaluationSeparationTests.test_short_state_is_excluded_only_from_substrings_and_boundaries_hold) ... ok
2026-10-03T14:23:14.9550093Z test_structured_state_keys_normalize_without_erasing_values_or_case (test_eval_separation.EvaluationSeparationTests.test_structured_state_keys_normalize_without_erasing_values_or_case) ... ok
2026-10-03T14:23:14.9563171Z test_absent_evidence_writes_failed_report_and_preserves_existing_output (test_expansion_data_audit.Entrypoints.test_absent_evidence_writes_failed_report_and_preserves_existing_output) ... ok
2026-10-03T14:23:14.9582786Z test_archive_traversal_and_duplicate_members_rejected (test_expansion_data_audit.Entrypoints.test_archive_traversal_and_duplicate_members_rejected) ... ok
2026-10-03T14:23:14.9586436Z test_fixed_contract_matches_preflight_metadata (test_expansion_data_audit.Entrypoints.test_fixed_contract_matches_preflight_metadata) ... ok
2026-10-03T14:23:14.9588734Z test_full_size_assignment_counts_without_reading_dataset_rows (test_expansion_data_audit.Entrypoints.test_full_size_assignment_counts_without_reading_dataset_rows) ... ok
2026-10-03T14:23:14.9596952Z test_modified_pinned_producer_archive_is_rejected (test_expansion_data_audit.Entrypoints.test_modified_pinned_producer_archive_is_rejected) ... ok
2026-10-03T14:23:14.9602831Z test_not_ready_capture_does_not_copy_or_create_output (test_expansion_data_audit.Entrypoints.test_not_ready_capture_does_not_copy_or_create_output) ... ok
2026-10-03T14:23:14.9877561Z test_pinned_producer_schemas_and_source_bytes (test_expansion_data_audit.Entrypoints.test_pinned_producer_schemas_and_source_bytes) ... ok
2026-10-03T14:23:14.9909890Z test_probe_missing_final_artifacts_returns_not_ready_without_subprocess (test_expansion_data_audit.Entrypoints.test_probe_missing_final_artifacts_returns_not_ready_without_subprocess) ... ok
2026-10-03T14:23:15.0177933Z test_changed_calibration_rejected_after_rehash (test_expansion_data_audit.SyntheticEvidence.test_changed_calibration_rejected_after_rehash) ... ok
2026-10-03T14:23:15.0528540Z test_complete_synthetic_capture (test_expansion_data_audit.SyntheticEvidence.test_complete_synthetic_capture) ... ok
2026-10-03T14:23:15.1346814Z test_failed_duplicate_wrong_probability_or_missing_prediction_rejected (test_expansion_data_audit.SyntheticEvidence.test_failed_duplicate_wrong_probability_or_missing_prediction_rejected) ... ok
2026-10-03T14:23:15.1489041Z test_global_partition_continues_across_split_boundary (test_expansion_data_audit.SyntheticEvidence.test_global_partition_continues_across_split_boundary) ... ok
2026-10-03T14:23:15.1754412Z test_package_payload_mismatch_even_with_updated_manifest (test_expansion_data_audit.SyntheticEvidence.test_package_payload_mismatch_even_with_updated_manifest) ... ok
2026-10-03T14:23:15.2552518Z test_partial_training_or_wrong_revision_rejected_after_rehash (test_expansion_data_audit.SyntheticEvidence.test_partial_training_or_wrong_revision_rejected_after_rehash) ... ok
2026-10-03T14:23:15.2766857Z test_source_bytes_or_before_after_change_rejected (test_expansion_data_audit.SyntheticEvidence.test_source_bytes_or_before_after_change_rejected) ... ok
2026-10-03T14:23:15.3102759Z test_summary_metric_mutation_rejected_after_rehash (test_expansion_data_audit.SyntheticEvidence.test_summary_metric_mutation_rejected_after_rehash) ... ok
2026-10-03T14:23:15.3349092Z test_symlinked_package_payload_rejected (test_expansion_data_audit.SyntheticEvidence.test_symlinked_package_payload_rejected) ... ok
2026-10-03T14:23:15.3808214Z test_wrong_profile_or_controller_cleanup_rejected (test_expansion_data_audit.SyntheticEvidence.test_wrong_profile_or_controller_cleanup_rejected) ... ok
2026-10-03T14:23:15.3810403Z test_all_profile_widths_and_residual_are_close (test_fast_backend.CudaTailTest.test_all_profile_widths_and_residual_are_close) ... skipped 'requires CUDA and Triton'
2026-10-03T14:23:15.3812837Z test_out_of_range_cuda_indices_cannot_read_memory (test_fast_backend.CudaTailTest.test_out_of_range_cuda_indices_cannot_read_memory) ... skipped 'requires CUDA and Triton'
2026-10-03T14:23:15.3815413Z test_copied_source_projections_are_released_and_output_alias_survives (test_fast_backend.OwnershipAndReferenceTest.test_copied_source_projections_are_released_and_output_alias_survives) ... skipped 'requires torch'
2026-10-03T14:23:15.3818042Z test_invalid_indices_and_residual_shape_fail (test_fast_backend.OwnershipAndReferenceTest.test_invalid_indices_and_residual_shape_fail) ... skipped 'requires torch'
2026-10-03T14:23:15.3820378Z test_reference_matches_full_dense_qwen_norm_then_head (test_fast_backend.OwnershipAndReferenceTest.test_reference_matches_full_dense_qwen_norm_then_head) ... skipped 'requires torch'
2026-10-03T14:23:15.3822976Z test_reference_zero_rows_and_multiplier_convention (test_fast_backend.OwnershipAndReferenceTest.test_reference_zero_rows_and_multiplier_convention) ... skipped 'requires torch'
2026-10-03T14:23:15.3825131Z test_all_three_profiles_are_explicit_for_tail (test_fast_backend.ProfileTest.test_all_three_profiles_are_explicit_for_tail) ... ok
2026-10-03T14:23:15.3826765Z test_config_and_layer_layout_mismatches_fail (test_fast_backend.ProfileTest.test_config_and_layer_layout_mismatches_fail) ... ok
2026-10-03T14:23:15.3828395Z test_license_and_pinned_source_are_retained (test_fast_backend.ProfileTest.test_license_and_pinned_source_are_retained) ... ok
2026-10-03T14:23:15.3830193Z test_packed_rows_shares_root_and_question_prefixes (test_fast_backend.ProfileTest.test_packed_rows_shares_root_and_question_prefixes) ... ok
2026-10-03T14:23:15.3832260Z test_unrecognized_model_and_backend_do_not_fallback (test_fast_backend.ProfileTest.test_unrecognized_model_and_backend_do_not_fallback) ... ok
2026-10-03T14:23:15.3834236Z test_unvalidated_smaller_tree_profiles_fail_explicitly (test_fast_backend.ProfileTest.test_unvalidated_smaller_tree_profiles_fail_explicitly) ... ok
2026-10-03T14:23:15.3848111Z test_bad_reload_or_calibration_provenance_rejected (test_four_gpu_handoff.HandoffTests.test_bad_reload_or_calibration_provenance_rejected) ... ok
2026-10-03T14:23:15.3872302Z test_changed_frozen_inputs_after_wait_prevent_retirement (test_four_gpu_handoff.HandoffTests.test_changed_frozen_inputs_after_wait_prevent_retirement) ... ok
2026-10-03T14:23:15.3904249Z test_evaluation_failure_prevents_training (test_four_gpu_handoff.HandoffTests.test_evaluation_failure_prevents_training) ... ok
2026-10-03T14:23:15.3908898Z test_foreign_gpu_process_blocks_retirement (test_four_gpu_handoff.HandoffTests.test_foreign_gpu_process_blocks_retirement) ... ok
2026-10-03T14:23:15.3919710Z test_last_optimizer_step_is_not_completion (test_four_gpu_handoff.HandoffTests.test_last_optimizer_step_is_not_completion) ... ok
2026-10-03T14:23:15.3923997Z test_pid_reuse_never_permits_signal (test_four_gpu_handoff.HandoffTests.test_pid_reuse_never_permits_signal) ... ok
2026-10-03T14:23:15.7678387Z test_real_termination_reaps_owned_child (test_four_gpu_handoff.HandoffTests.test_real_termination_reaps_owned_child) ... ok
2026-10-03T14:23:15.7689903Z test_recording_failure_reaps_already_started_child (test_four_gpu_handoff.HandoffTests.test_recording_failure_reaps_already_started_child) ... ok
2026-10-03T14:23:15.7692207Z test_signals_enter_cleanup_path (test_four_gpu_handoff.HandoffTests.test_signals_enter_cleanup_path) ... ok
2026-10-03T14:23:15.7696768Z test_snapshot_failure_precedes_pidfd_and_signal (test_four_gpu_handoff.HandoffTests.test_snapshot_failure_precedes_pidfd_and_signal) ... ok
2026-10-03T14:23:15.7703291Z test_wrong_model_or_noop_phase_commands_are_rejected (test_four_gpu_handoff.HandoffTests.test_wrong_model_or_noop_phase_commands_are_rejected) ... ok
2026-10-03T14:23:15.7708255Z test_zero_exit_does_not_replace_completed_eval_manifest (test_four_gpu_handoff.HandoffTests.test_zero_exit_does_not_replace_completed_eval_manifest) ... ok
2026-10-03T14:23:15.8014634Z test_freeze_refuses_overwrite_and_aggregate_preserves_development_scope (test_frontier_controls_v4.FrontierControlsV4Test.test_freeze_refuses_overwrite_and_aggregate_preserves_development_scope) ... ok
2026-10-03T14:23:15.8352206Z test_frozen_groups_and_executable_oracle (test_frontier_controls_v4.FrontierControlsV4Test.test_frozen_groups_and_executable_oracle) ... ok
2026-10-03T14:23:15.8354034Z test_identity_and_latest_direct_authorization (test_frontier_controls_v4.FrontierControlsV4Test.test_identity_and_latest_direct_authorization) ... ok
2026-10-03T14:23:15.8499404Z test_oracle_rejects_corrupted_target (test_frontier_controls_v4.FrontierControlsV4Test.test_oracle_rejects_corrupted_target) ... ok
2026-10-03T14:23:16.2911907Z test_declared_disposition_schedule_is_equal_for_every_scaffold (test_frontier_controls_v8.FrontierV8Tests.test_declared_disposition_schedule_is_equal_for_every_scaffold) ... ok
2026-10-03T14:23:16.9334190Z test_deterministic_counts_and_schema (test_frontier_controls_v8.FrontierV8Tests.test_deterministic_counts_and_schema) ... ok
2026-10-03T14:23:16.9404868Z test_every_essential_component_can_change_an_outcome (test_frontier_controls_v8.FrontierV8Tests.test_every_essential_component_can_change_an_outcome) ... ok
2026-10-03T14:23:16.9410937Z test_existing_output_rejected_without_mutation (test_frontier_controls_v8.FrontierV8Tests.test_existing_output_rejected_without_mutation) ... ok
2026-10-03T14:23:16.9732997Z test_four_presentations_no_truth_layout_shortcut (test_frontier_controls_v8.FrontierV8Tests.test_four_presentations_no_truth_layout_shortcut) ... ok
2026-10-03T14:23:17.6878804Z test_generation_reads_no_data_or_models_and_opaque_ids (test_frontier_controls_v8.FrontierV8Tests.test_generation_reads_no_data_or_models_and_opaque_ids) ... ok
2026-10-03T14:23:17.6917098Z test_no_neutral_ledger_padding_and_positions_balanced (test_frontier_controls_v8.FrontierV8Tests.test_no_neutral_ledger_padding_and_positions_balanced) ... ok
2026-10-03T14:23:17.6919534Z test_account_membership_permutation_and_irrelevant_events (test_frontier_isolation_v8.FrontierIsolationTests.test_account_membership_permutation_and_irrelevant_events) ... ok
2026-10-03T14:23:17.6929290Z test_actual_parent_cannot_cross_splits_and_unknown_noul_is_not_guessed (test_frontier_isolation_v8.FrontierIsolationTests.test_actual_parent_cannot_cross_splits_and_unknown_noul_is_not_guessed) ... ok
2026-10-03T14:23:17.6932643Z test_clock_representation_normalizes_absolute_instants (test_frontier_isolation_v8.FrontierIsolationTests.test_clock_representation_normalizes_absolute_instants) ... ok
2026-10-03T14:23:17.6936115Z test_compiled_rotations_and_metadata_cannot_disguise_input (test_frontier_isolation_v8.FrontierIsolationTests.test_compiled_rotations_and_metadata_cannot_disguise_input) ... ok
2026-10-03T14:23:17.6944016Z test_dynamic_topic_mapping_renaming_and_permutation_preserve_edges (test_frontier_isolation_v8.FrontierIsolationTests.test_dynamic_topic_mapping_renaming_and_permutation_preserve_edges) ... ok
2026-10-03T14:23:17.6953322Z test_full_menu_numeric_and_time_origin_clones_are_blocked (test_frontier_isolation_v8.FrontierIsolationTests.test_full_menu_numeric_and_time_origin_clones_are_blocked) ... ok
2026-10-03T14:23:17.6955301Z test_ignored_corrections_cannot_supply_temporal_width (test_frontier_isolation_v8.FrontierIsolationTests.test_ignored_corrections_cannot_supply_temporal_width) ... ok
2026-10-03T14:23:17.6958902Z test_multi_entry_neutral_padding_is_blocked_but_whole_zero_balance_is_valid (test_frontier_isolation_v8.FrontierIsolationTests.test_multi_entry_neutral_padding_is_blocked_but_whole_zero_balance_is_valid) ... ok
2026-10-03T14:23:17.6962287Z test_observed_overlap_exposes_only_opaque_fingerprints (test_frontier_isolation_v8.FrontierIsolationTests.test_observed_overlap_exposes_only_opaque_fingerprints) ... ok
2026-10-03T14:23:17.6969713Z test_repeated_rotations_and_noop_padding_do_not_make_new_parent (test_frontier_isolation_v8.FrontierIsolationTests.test_repeated_rotations_and_noop_padding_do_not_make_new_parent) ... ok
2026-10-03T14:23:17.6974349Z test_required_role_line_and_item_permutations_keep_causal_membership (test_frontier_isolation_v8.FrontierIsolationTests.test_required_role_line_and_item_permutations_keep_causal_membership) ... ok
2026-10-03T14:23:17.6980793Z test_shared_numeric_atom_with_different_parent_menu_is_disclosed (test_frontier_isolation_v8.FrontierIsolationTests.test_shared_numeric_atom_with_different_parent_menu_is_disclosed) ... ok
2026-10-03T14:23:17.6992967Z test_wording_identity_record_order_and_visible_noul_are_normalized (test_frontier_isolation_v8.FrontierIsolationTests.test_wording_identity_record_order_and_visible_noul_are_normalized) ... ok
2026-10-03T14:23:17.6995890Z test_zero_operands_and_cancellation_pairs_cannot_inflate_v8_width (test_frontier_isolation_v8.FrontierIsolationTests.test_zero_operands_and_cancellation_pairs_cannot_inflate_v8_width) ... ok
2026-10-03T14:23:21.5149281Z test_exclusive_replay_receipt_with_explicitly_mocked_provenance (test_frontier_v8_comparison_replay_integration.ComparatorReplayIntegrationTests.test_exclusive_replay_receipt_with_explicitly_mocked_provenance) ... ok
2026-10-03T14:23:23.9110597Z test_independent_replay_matches_all_metrics_gates_pairs_and_efficiency (test_frontier_v8_comparison_replay_integration.ComparatorReplayIntegrationTests.test_independent_replay_matches_all_metrics_gates_pairs_and_efficiency) ... ok
2026-10-03T14:23:31.0504734Z test_replay_rejects_rehashed_events_runtime_and_scientific_summary (test_frontier_v8_comparison_replay_integration.ComparatorReplayIntegrationTests.test_replay_rejects_rehashed_events_runtime_and_scientific_summary) ... ok
2026-10-03T14:23:31.1222480Z test_replay_rejects_unbound_journal_sha_and_prediction_order (test_frontier_v8_comparison_replay_integration.ComparatorReplayIntegrationTests.test_replay_rejects_unbound_journal_sha_and_prediction_order) ... ok
2026-10-03T14:23:31.2915204Z test_real_fresh_worker_checks_pidfds_but_receipt_never_grants_gpu_authority (test_frontier_v8_live_host.LiveHostLinuxTests.test_real_fresh_worker_checks_pidfds_but_receipt_never_grants_gpu_authority) ... ok
2026-10-03T14:23:31.2991816Z test_acquisition_race_fails_after_pidfds_without_issuing_authority (test_frontier_v8_live_host.LiveHostUnitTests.test_acquisition_race_fails_after_pidfds_without_issuing_authority) ... ok
2026-10-03T14:23:31.3029995Z test_alias_ip_and_hostname_are_checked_before_gpu_or_lease (test_frontier_v8_live_host.LiveHostUnitTests.test_alias_ip_and_hostname_are_checked_before_gpu_or_lease) ... ok
2026-10-03T14:23:31.3114320Z test_bound_guard_nonce_birth_and_ancestry_are_rechecked (test_frontier_v8_live_host.LiveHostUnitTests.test_bound_guard_nonce_birth_and_ancestry_are_rechecked) ... ok
2026-10-03T14:23:31.3171879Z test_bound_loader_source_executes_instead_of_forged_timestamp_pyc (test_frontier_v8_live_host.LiveHostUnitTests.test_bound_loader_source_executes_instead_of_forged_timestamp_pyc) ... ok
2026-10-03T14:23:31.3268510Z test_closed_descriptor_is_detected_and_close_preserves_reservation (test_frontier_v8_live_host.LiveHostUnitTests.test_closed_descriptor_is_detected_and_close_preserves_reservation) ... ok
2026-10-03T14:23:31.3350956Z test_controller_birth_uid_boot_or_bound_exit_invalidates_owner (test_frontier_v8_live_host.LiveHostUnitTests.test_controller_birth_uid_boot_or_bound_exit_invalidates_owner) ... ok
2026-10-03T14:23:31.3396252Z test_current_guard_identity_nonce_and_direct_fresh_session_are_required (test_frontier_v8_live_host.LiveHostUnitTests.test_current_guard_identity_nonce_and_direct_fresh_session_are_required) ... ok
2026-10-03T14:23:31.3444470Z test_deadline_precedes_process_gpu_reads_and_delayed_probe_is_rechecked (test_frontier_v8_live_host.LiveHostUnitTests.test_deadline_precedes_process_gpu_reads_and_delayed_probe_is_rechecked) ... ok
2026-10-03T14:23:31.3539529Z test_host_loss_and_new_selected_compute_invalidate_existing_owner (test_frontier_v8_live_host.LiveHostUnitTests.test_host_loss_and_new_selected_compute_invalidate_existing_owner) ... ok
2026-10-03T14:23:31.3619246Z test_owned_deadline_expiry_stops_before_fresh_probe_and_clock_errors_stay_distinct (test_frontier_v8_live_host.LiveHostUnitTests.test_owned_deadline_expiry_stops_before_fresh_probe_and_clock_errors_stay_distinct) ... ok
2026-10-03T14:23:31.3709783Z test_positive_fixture_is_immutable_check_only_and_cannot_be_promoted (test_frontier_v8_live_host.LiveHostUnitTests.test_positive_fixture_is_immutable_check_only_and_cannot_be_promoted) ... ok
2026-10-03T14:23:31.3788081Z test_private_lease_flock_inode_and_exact_marker_bytes_are_required (test_frontier_v8_live_host.LiveHostUnitTests.test_private_lease_flock_inode_and_exact_marker_bytes_are_required) ... ok
2026-10-03T14:23:31.3812773Z test_production_cli_and_unissued_owner_remain_closed (test_frontier_v8_live_host.LiveHostUnitTests.test_production_cli_and_unissued_owner_remain_closed) ... ok
2026-10-03T14:23:31.3922136Z test_protected_compute_birth_and_command_bytes_are_bound (test_frontier_v8_live_host.LiveHostUnitTests.test_protected_compute_birth_and_command_bytes_are_bound) ... ok
2026-10-03T14:23:31.4028612Z test_protected_unknown_non_h100_and_occupied_selected_gpus_are_refused (test_frontier_v8_live_host.LiveHostUnitTests.test_protected_unknown_non_h100_and_occupied_selected_gpus_are_refused) ... ok
2026-10-03T14:23:31.4071833Z test_public_lease_permissions_are_refused_before_marker (test_frontier_v8_live_host.LiveHostUnitTests.test_public_lease_permissions_are_refused_before_marker) ... ok
2026-10-03T14:23:31.4102639Z test_real_host_reader_uses_hostname_and_only_local_fib_addresses (test_frontier_v8_live_host.LiveHostUnitTests.test_real_host_reader_uses_hostname_and_only_local_fib_addresses) ... ok
2026-10-03T14:23:31.4284023Z test_selected_and_protected_uuid_mutation_invalidates_existing_owner (test_frontier_v8_live_host.LiveHostUnitTests.test_selected_and_protected_uuid_mutation_invalidates_existing_owner) ... ok
2026-10-03T14:23:31.4365489Z test_selected_gpu_requires_idle_memory_and_utilization_measurements (test_frontier_v8_live_host.LiveHostUnitTests.test_selected_gpu_requires_idle_memory_and_utilization_measurements) ... ok
2026-10-03T14:23:31.4416716Z test_source_hash_mismatch_and_source_overlapping_lease_fail_before_reservation (test_frontier_v8_live_host.LiveHostUnitTests.test_source_hash_mismatch_and_source_overlapping_lease_fail_before_reservation) ... ok
2026-10-03T14:23:31.4519080Z test_source_receipt_dependency_and_stage_mutations_are_refused (test_frontier_v8_live_host.LiveHostUnitTests.test_source_receipt_dependency_and_stage_mutations_are_refused) ... ok
2026-10-03T14:23:31.4547050Z test_strict_spec_rejects_borrowed_routes_and_unbounded_or_untyped_values (test_frontier_v8_live_host.LiveHostUnitTests.test_strict_spec_rejects_borrowed_routes_and_unbounded_or_untyped_values) ... ok
2026-10-03T14:23:31.4641025Z test_wrong_stage_attempt_source_and_cuda_flag_are_refused_even_when_rehashed (test_frontier_v8_live_host.LiveHostUnitTests.test_wrong_stage_attempt_source_and_cuda_flag_are_refused_even_when_rehashed) ... ok
2026-10-03T14:23:31.8469826Z test_cached_scientific_dependencies_from_another_root_reject (test_frontier_v8_native_model.NativeModelTests.test_cached_scientific_dependencies_from_another_root_reject) ... ok
2026-10-03T14:23:31.9232224Z test_checkpoint_fullhash_tampering_precedes_dependencies (test_frontier_v8_native_model.NativeModelTests.test_checkpoint_fullhash_tampering_precedes_dependencies) ... ok
2026-10-03T14:23:32.0025965Z test_dtype_quantization_env_is_scrubbed_and_restored (test_frontier_v8_native_model.NativeModelTests.test_dtype_quantization_env_is_scrubbed_and_restored) ... ok
2026-10-03T14:23:32.0837722Z test_exact_runtime_row_scope_original_flags_and_cleanup (test_frontier_v8_native_model.NativeModelTests.test_exact_runtime_row_scope_original_flags_and_cleanup) ... ok
2026-10-03T14:23:32.4005060Z test_four_contexts_are_fresh_and_no_extra_forward (test_frontier_v8_native_model.NativeModelTests.test_four_contexts_are_fresh_and_no_extra_forward) ... ok
2026-10-03T14:23:32.4878045Z test_import_is_lazy_and_owner_failure_precedes_dependencies (test_frontier_v8_native_model.NativeModelTests.test_import_is_lazy_and_owner_failure_precedes_dependencies) ... ok
2026-10-03T14:23:32.5003525Z test_incomplete_training_or_changed_settings_do_not_report_success (test_frontier_v8_native_model.NativeModelTests.test_incomplete_training_or_changed_settings_do_not_report_success) ... ok
2026-10-03T14:23:33.0378777Z test_none_trainable_gradient_is_reported_without_imputation (test_frontier_v8_native_model.NativeModelTests.test_none_trainable_gradient_is_reported_without_imputation) ... ok
2026-10-03T14:23:33.0623189Z test_nonfinite_zero_group_or_base_grad_fails_before_original_step_and_restores (test_frontier_v8_native_model.NativeModelTests.test_nonfinite_zero_group_or_base_grad_fails_before_original_step_and_restores) ... ok
2026-10-03T14:23:33.6960501Z test_observer_does_not_keep_model_alive_across_original_checkpoint_reload (test_frontier_v8_native_model.NativeModelTests.test_observer_does_not_keep_model_alive_across_original_checkpoint_reload) ... ok
2026-10-03T14:23:33.7898960Z test_owner_loss_before_row_and_exception_cleanup (test_frontier_v8_native_model.NativeModelTests.test_owner_loss_before_row_and_exception_cleanup) ... ok
2026-10-03T14:23:34.1382555Z test_physical_uuid_or_multiple_visible_devices_fail_before_load (test_frontier_v8_native_model.NativeModelTests.test_physical_uuid_or_multiple_visible_devices_fail_before_load) ... ok
2026-10-03T14:23:34.2271973Z test_saved_trainable_dtype_cannot_round_into_exact_identity (test_frontier_v8_native_model.NativeModelTests.test_saved_trainable_dtype_cannot_round_into_exact_identity) ... ok
2026-10-03T14:23:34.3944847Z test_source_and_import_location_fail_closed (test_frontier_v8_native_model.NativeModelTests.test_source_and_import_location_fail_closed) ... ok
2026-10-03T14:23:34.8238358Z test_tensor_value_missing_key_dtype_and_merged_adapter_reject (test_frontier_v8_native_model.NativeModelTests.test_tensor_value_missing_key_dtype_and_merged_adapter_reject) ... ok
2026-10-03T14:23:35.3558896Z test_training_original_adamw_first_accumulated_step_zero_bias_and_restoration (test_frontier_v8_native_model.NativeModelTests.test_training_original_adamw_first_accumulated_step_zero_bias_and_restoration) ... ok
2026-10-03T14:23:35.3561463Z test_ancestry_excludes_unrelated_even_same_session_and_nonce (test_frontier_v8_owned_process.OwnedProcessFixtureTests.test_ancestry_excludes_unrelated_even_same_session_and_nonce) ... ok
2026-10-03T14:23:35.3584241Z test_atomic_link_publishes_complete_flushed_json_only (test_frontier_v8_owned_process.OwnedProcessFixtureTests.test_atomic_link_publishes_complete_flushed_json_only) ... ok
2026-10-03T14:23:35.3587345Z test_birth_uid_and_initial_session_mismatch_fail_closed (test_frontier_v8_owned_process.OwnedProcessFixtureTests.test_birth_uid_and_initial_session_mismatch_fail_closed) ... ok
2026-10-03T14:23:35.3607048Z test_boot_and_truncated_stat_are_rejected (test_frontier_v8_owned_process.OwnedProcessFixtureTests.test_boot_and_truncated_stat_are_rejected) ... ok
2026-10-03T14:23:35.3615012Z test_child_born_during_cleanup_is_included_and_pidfds_prove_exit (test_frontier_v8_owned_process.OwnedProcessFixtureTests.test_child_born_during_cleanup_is_included_and_pidfds_prove_exit) ... ok
2026-10-03T14:23:35.3821960Z test_cleanup_never_claims_success_with_live_pidfd (test_frontier_v8_owned_process.OwnedProcessFixtureTests.test_cleanup_never_claims_success_with_live_pidfd) ... ok
2026-10-03T14:23:35.3831929Z test_cpu_environment_discards_inherited_loader_credentials_and_devices (test_frontier_v8_owned_process.OwnedProcessFixtureTests.test_cpu_environment_discards_inherited_loader_credentials_and_devices) ... ok
2026-10-03T14:23:35.3859712Z test_dead_controller_never_starts_worker (test_frontier_v8_owned_process.OwnedProcessFixtureTests.test_dead_controller_never_starts_worker) ... ok
2026-10-03T14:23:35.3869990Z test_exclusive_json_preserves_existing_final_bytes (test_frontier_v8_owned_process.OwnedProcessFixtureTests.test_exclusive_json_preserves_existing_final_bytes) ... ok
2026-10-03T14:23:35.3881161Z test_existing_attempt_and_symlink_parent_are_refused (test_frontier_v8_owned_process.OwnedProcessFixtureTests.test_existing_attempt_and_symlink_parent_are_refused) ... ok
2026-10-03T14:23:35.3912383Z test_guard_signal_during_worker_popen_cleans_registered_child (test_frontier_v8_owned_process.OwnedProcessFixtureTests.test_guard_signal_during_worker_popen_cleans_registered_child) ... ok
2026-10-03T14:23:35.3947291Z test_independent_watchdog_binds_controller_loss_and_quiesces_worker (test_frontier_v8_owned_process.OwnedProcessFixtureTests.test_independent_watchdog_binds_controller_loss_and_quiesces_worker) ... ok
2026-10-03T14:23:35.3953068Z test_interrupted_json_write_never_exposes_final_receipt (test_frontier_v8_owned_process.OwnedProcessFixtureTests.test_interrupted_json_write_never_exposes_final_receipt) ... ok
2026-10-03T14:23:35.3960230Z test_invalid_bounds_shell_or_reused_directory_do_not_spawn (test_frontier_v8_owned_process.OwnedProcessFixtureTests.test_invalid_bounds_shell_or_reused_directory_do_not_spawn) ... ok
2026-10-03T14:23:35.3989145Z test_missing_guard_receipt_cannot_claim_process_proof (test_frontier_v8_owned_process.OwnedProcessFixtureTests.test_missing_guard_receipt_cannot_claim_process_proof) ... ok
2026-10-03T14:23:35.3991420Z test_nonce_mismatch_does_not_confer_success_or_capture_unrelated (test_frontier_v8_owned_process.OwnedProcessFixtureTests.test_nonce_mismatch_does_not_confer_success_or_capture_unrelated) ... ok
2026-10-03T14:23:35.3993440Z test_orphan_adopted_by_subreaper_remains_owned (test_frontier_v8_owned_process.OwnedProcessFixtureTests.test_orphan_adopted_by_subreaper_remains_owned) ... ok
2026-10-03T14:23:35.3995176Z test_pidfd_exit_is_observed_before_final_empty_child_proof (test_frontier_v8_owned_process.OwnedProcessFixtureTests.test_pidfd_exit_is_observed_before_final_empty_child_proof) ... ok
2026-10-03T14:23:35.4011337Z test_pidfd_open_sandwich_refuses_reuse_boot_or_uid_change (test_frontier_v8_owned_process.OwnedProcessFixtureTests.test_pidfd_open_sandwich_refuses_reuse_boot_or_uid_change) ... ok
2026-10-03T14:23:35.4015480Z test_pidfd_signals_have_no_numeric_pid_fallback (test_frontier_v8_owned_process.OwnedProcessFixtureTests.test_pidfd_signals_have_no_numeric_pid_fallback) ... ok
2026-10-03T14:23:35.4035917Z test_proc_stat_parentheses_and_uid_are_bound (test_frontier_v8_owned_process.OwnedProcessFixtureTests.test_proc_stat_parentheses_and_uid_are_bound) ... ok
2026-10-03T14:23:35.4037509Z test_reused_pid_is_refused_before_signal (test_frontier_v8_owned_process.OwnedProcessFixtureTests.test_reused_pid_is_refused_before_signal) ... ok
2026-10-03T14:23:35.4071412Z test_signal_during_guard_popen_defers_cancel_and_never_arms_worker (test_frontier_v8_owned_process.OwnedProcessFixtureTests.test_signal_during_guard_popen_defers_cancel_and_never_arms_worker) ... ok
2026-10-03T14:23:35.4075758Z test_unavailable_kernel_creates_no_attempt_or_process (test_frontier_v8_owned_process.OwnedProcessFixtureTests.test_unavailable_kernel_creates_no_attempt_or_process) ... ok
2026-10-03T14:23:35.5755308Z test_live_controller_sigkill_leaves_independent_quiescence_receipt (test_frontier_v8_owned_process.OwnedProcessLinuxTests.test_live_controller_sigkill_leaves_independent_quiescence_receipt) ... ok
2026-10-03T14:23:35.8614244Z test_live_cpu_timeout (test_frontier_v8_owned_process.OwnedProcessLinuxTests.test_live_cpu_timeout) ... ok
2026-10-03T14:23:35.9552784Z test_live_cpu_worker_completion (test_frontier_v8_owned_process.OwnedProcessLinuxTests.test_live_cpu_worker_completion) ... ok
2026-10-03T14:23:36.1802080Z test_live_forked_escaped_session_is_contained (test_frontier_v8_owned_process.OwnedProcessLinuxTests.test_live_forked_escaped_session_is_contained) ... ok
2026-10-03T14:23:36.1822532Z test_directory_replaced_with_identical_named_bytes_is_refused (test_frontier_v8_resource_capture.ResourceCaptureTests.test_directory_replaced_with_identical_named_bytes_is_refused) ... ok
2026-10-03T14:23:36.1836099Z test_directory_scan_error_is_not_silently_treated_as_empty (test_frontier_v8_resource_capture.ResourceCaptureTests.test_directory_scan_error_is_not_silently_treated_as_empty) ... ok
2026-10-03T14:23:36.1846273Z test_excluded_node_and_stale_or_invalid_acquisition_refused (test_frontier_v8_resource_capture.ResourceCaptureTests.test_excluded_node_and_stale_or_invalid_acquisition_refused) ... ok
2026-10-03T14:23:36.1860266Z test_execute_rejects_before_request_read (test_frontier_v8_resource_capture.ResourceCaptureTests.test_execute_rejects_before_request_read) ... ok
2026-10-03T14:23:36.1888711Z test_low_util_compute_process_is_occupied (test_frontier_v8_resource_capture.ResourceCaptureTests.test_low_util_compute_process_is_occupied) ... ok
2026-10-03T14:23:36.1899382Z test_missing_protected_card_or_duplicate_uuid_refused (test_frontier_v8_resource_capture.ResourceCaptureTests.test_missing_protected_card_or_duplicate_uuid_refused) ... ok
2026-10-03T14:23:36.1916532Z test_new_file_during_tree_hash_refused (test_frontier_v8_resource_capture.ResourceCaptureTests.test_new_file_during_tree_hash_refused) ... ok
2026-10-03T14:23:36.1933693Z test_overlapping_roots_and_duplicate_paths_refused (test_frontier_v8_resource_capture.ResourceCaptureTests.test_overlapping_roots_and_duplicate_paths_refused) ... ok
2026-10-03T14:23:36.1947901Z test_process_birth_race_refused (test_frontier_v8_resource_capture.ResourceCaptureTests.test_process_birth_race_refused) ... ok
2026-10-03T14:23:36.1959731Z test_progress_must_be_explicit_integer_not_boolean (test_frontier_v8_resource_capture.ResourceCaptureTests.test_progress_must_be_explicit_integer_not_boolean) ... ok
2026-10-03T14:23:36.1979715Z test_protected_state_change_refused (test_frontier_v8_resource_capture.ResourceCaptureTests.test_protected_state_change_refused) ... ok
2026-10-03T14:23:36.1996659Z test_second_observation_busy_is_not_free (test_frontier_v8_resource_capture.ResourceCaptureTests.test_second_observation_busy_is_not_free) ... ok
2026-10-03T14:23:36.2009285Z test_special_file_and_symlink_inventory_rejected (test_frontier_v8_resource_capture.ResourceCaptureTests.test_special_file_and_symlink_inventory_rejected) ... ok
2026-10-03T14:23:36.2128413Z test_tree_inventory_and_required_bytes_reread (test_frontier_v8_resource_capture.ResourceCaptureTests.test_tree_inventory_and_required_bytes_reread) ... ok
2026-10-03T14:23:36.2142715Z test_unknown_compute_pid_cannot_be_silently_ignored (test_frontier_v8_resource_capture.ResourceCaptureTests.test_unknown_compute_pid_cannot_be_silently_ignored) ... ok
2026-10-03T14:23:36.2159617Z test_vacancy_requires_both_samples_but_grants_no_authority (test_frontier_v8_resource_capture.ResourceCaptureTests.test_vacancy_requires_both_samples_but_grants_no_authority) ... ok
2026-10-03T14:23:36.8752739Z test_borrowed_catchable_interrupt_restores_same_process_tree (test_frontier_v8_resource_episode.ResourceEpisodeLinuxTests.test_borrowed_catchable_interrupt_restores_same_process_tree) ... ok
2026-10-03T14:23:37.4306399Z test_borrowed_controller_sigkill_restores_same_process_tree (test_frontier_v8_resource_episode.ResourceEpisodeLinuxTests.test_borrowed_controller_sigkill_restores_same_process_tree) ... ok
2026-10-03T14:23:37.9207381Z test_borrowed_failed_gate_nonzero_resumes_all_originals (test_frontier_v8_resource_episode.ResourceEpisodeLinuxTests.test_borrowed_failed_gate_nonzero_resumes_all_originals) ... ok
2026-10-03T14:23:38.2890323Z test_borrowed_hash_failure_keeps_reservations_after_resume (test_frontier_v8_resource_episode.ResourceEpisodeLinuxTests.test_borrowed_hash_failure_keeps_reservations_after_resume) ... ok
2026-10-03T14:23:38.4038190Z test_borrowed_original_nonce_mismatch_is_refused_before_launch (test_frontier_v8_resource_episode.ResourceEpisodeLinuxTests.test_borrowed_original_nonce_mismatch_is_refused_before_launch) ... ok
2026-10-03T14:23:39.0554594Z test_borrowed_originals_resume_same_birth_and_progress_without_restart (test_frontier_v8_resource_episode.ResourceEpisodeLinuxTests.test_borrowed_originals_resume_same_birth_and_progress_without_restart) ... ok
2026-10-03T14:23:39.4457361Z test_borrowed_ownership_loss_resumes_but_keeps_unproven_lease (test_frontier_v8_resource_episode.ResourceEpisodeLinuxTests.test_borrowed_ownership_loss_resumes_but_keeps_unproven_lease) ... ok
2026-10-03T14:23:40.3020737Z test_borrowed_timeout_resumes_all_originals (test_frontier_v8_resource_episode.ResourceEpisodeLinuxTests.test_borrowed_timeout_resumes_all_originals) ... ok
2026-10-03T14:23:40.5486560Z test_controller_loss_guard_cleans_worker_and_writes_independent_receipt (test_frontier_v8_resource_episode.ResourceEpisodeLinuxTests.test_controller_loss_guard_cleans_worker_and_writes_independent_receipt) ... ok
2026-10-03T14:23:40.9570961Z test_escaped_new_descendant_is_cleaned_and_unrelated_fixture_survives (test_frontier_v8_resource_episode.ResourceEpisodeLinuxTests.test_escaped_new_descendant_is_cleaned_and_unrelated_fixture_survives) ... ok
2026-10-03T14:23:40.9580259Z test_independent_spec_validation_happens_before_launch (test_frontier_v8_resource_episode.ResourceEpisodeLinuxTests.test_independent_spec_validation_happens_before_launch) ... ok
2026-10-03T14:23:41.1437129Z test_lost_gpu_identity_never_releases_reservation (test_frontier_v8_resource_episode.ResourceEpisodeLinuxTests.test_lost_gpu_identity_never_releases_reservation) ... ok
2026-10-03T14:23:41.3693787Z test_timeout_fails_closed_before_launch_or_proves_new_tree_quiescence (test_frontier_v8_resource_episode.ResourceEpisodeLinuxTests.test_timeout_fails_closed_before_launch_or_proves_new_tree_quiescence) ... ok
2026-10-03T14:23:41.5549947Z test_worker_failure_preserves_failure_and_restoration_evidence (test_frontier_v8_resource_episode.ResourceEpisodeLinuxTests.test_worker_failure_preserves_failure_and_restoration_evidence) ... ok
2026-10-03T14:23:41.8008710Z test_worker_receives_real_owner_and_success_releases_lease (test_frontier_v8_resource_episode.ResourceEpisodeLinuxTests.test_worker_receives_real_owner_and_success_releases_lease) ... ok
2026-10-03T14:23:41.8017065Z test_borrowed_scope_reserves_all_original_gpus (test_frontier_v8_resource_episode.ResourceEpisodeUnitTests.test_borrowed_scope_reserves_all_original_gpus) ... ok
2026-10-03T14:23:41.8140414Z test_delayed_restoration_evidence_publication_cannot_release_lease (test_frontier_v8_resource_episode.ResourceEpisodeUnitTests.test_delayed_restoration_evidence_publication_cannot_release_lease) ... ok
2026-10-03T14:23:41.8149064Z test_fake_manifest_without_inherited_owner_is_not_authority (test_frontier_v8_resource_episode.ResourceEpisodeUnitTests.test_fake_manifest_without_inherited_owner_is_not_authority) ... ok
2026-10-03T14:23:41.8155154Z test_free_gpu_requires_idle_memory_measurement (test_frontier_v8_resource_episode.ResourceEpisodeUnitTests.test_free_gpu_requires_idle_memory_measurement) ... ok
2026-10-03T14:23:41.8157105Z test_gpu0_and_gpu1_are_never_selected (test_frontier_v8_resource_episode.ResourceEpisodeUnitTests.test_gpu0_and_gpu1_are_never_selected) ... ok
2026-10-03T14:23:41.8177236Z test_inode_replacement_and_unlocked_lease_are_detected (test_frontier_v8_resource_episode.ResourceEpisodeUnitTests.test_inode_replacement_and_unlocked_lease_are_detected) ... ok
2026-10-03T14:23:41.8184903Z test_live_gpu_reader_rejects_inventory_change_between_reads (test_frontier_v8_resource_episode.ResourceEpisodeUnitTests.test_live_gpu_reader_rejects_inventory_change_between_reads) ... ok
2026-10-03T14:23:41.8191884Z test_live_gpu_reader_uses_absolute_bounded_shell_free_queries (test_frontier_v8_resource_episode.ResourceEpisodeUnitTests.test_live_gpu_reader_uses_absolute_bounded_shell_free_queries) ... ok
2026-10-03T14:23:41.8199013Z test_live_probe_allows_protected_activity_but_requires_both_selected_idle_samples (test_frontier_v8_resource_episode.ResourceEpisodeUnitTests.test_live_probe_allows_protected_activity_but_requires_both_selected_idle_samples) ... ok
2026-10-03T14:23:41.8201929Z test_low_utilization_cannot_hide_compute (test_frontier_v8_resource_episode.ResourceEpisodeUnitTests.test_low_utilization_cannot_hide_compute) ... ok
2026-10-03T14:23:41.8225995Z test_originals_only_stop_cont_same_process_even_after_controller_loss (test_frontier_v8_resource_episode.ResourceEpisodeUnitTests.test_originals_only_stop_cont_same_process_even_after_controller_loss) ... ok
2026-10-03T14:23:41.8289388Z test_originals_refuse_foreign_ancestry_nonce_and_birth (test_frontier_v8_resource_episode.ResourceEpisodeUnitTests.test_originals_refuse_foreign_ancestry_nonce_and_birth) ... ok
2026-10-03T14:23:41.8292007Z test_owner_bindings_are_recursively_immutable (test_frontier_v8_resource_episode.ResourceEpisodeUnitTests.test_owner_bindings_are_recursively_immutable) ... ok
2026-10-03T14:23:41.8294774Z test_owner_deadline_race_preserves_causal_failure_classification (test_frontier_v8_resource_episode.ResourceEpisodeUnitTests.test_owner_deadline_race_preserves_causal_failure_classification)
2026-10-03T14:23:41.9014884Z Real owner/lease reads; process and independent audit are CPU mocks. ... ok
2026-10-03T14:23:41.9084911Z test_owner_live_relationship_and_fresh_probe_are_rechecked (test_frontier_v8_resource_episode.ResourceEpisodeUnitTests.test_owner_live_relationship_and_fresh_probe_are_rechecked) ... ok
2026-10-03T14:23:41.9090986Z test_production_cli_is_closed (test_frontier_v8_resource_episode.ResourceEpisodeUnitTests.test_production_cli_is_closed) ... ok
2026-10-03T14:23:41.9095006Z test_raw_gpu_inventory_refuses_duplicates_and_unknown_compute (test_frontier_v8_resource_episode.ResourceEpisodeUnitTests.test_raw_gpu_inventory_refuses_duplicates_and_unknown_compute) ... ok
2026-10-03T14:23:41.9142908Z test_release_deadline_failure_keeps_every_marker (test_frontier_v8_resource_episode.ResourceEpisodeUnitTests.test_release_deadline_failure_keeps_every_marker) ... ok
2026-10-03T14:23:41.9185776Z test_same_inode_marker_rewrite_cannot_preserve_reservation_identity (test_frontier_v8_resource_episode.ResourceEpisodeUnitTests.test_same_inode_marker_rewrite_cannot_preserve_reservation_identity) ... ok
2026-10-03T14:23:41.9210620Z test_source_closure_requires_all_three_exact_regular_sources (test_frontier_v8_resource_episode.ResourceEpisodeUnitTests.test_source_closure_requires_all_three_exact_regular_sources) ... ok
2026-10-03T14:23:41.9236366Z test_unproven_lease_survives_descriptor_close (test_frontier_v8_resource_episode.ResourceEpisodeUnitTests.test_unproven_lease_survives_descriptor_close) ... ok
2026-10-03T14:23:41.9238511Z test_work_and_restoration_bounds_are_distinct (test_frontier_v8_resource_episode.ResourceEpisodeUnitTests.test_work_and_restoration_bounds_are_distinct) ... ok
2026-10-03T14:23:41.9286914Z test_baseline_missing_rank_and_nonloopback_endpoint_fail (test_frontier_v8_restoration_audit.RestorationAuditTests.test_baseline_missing_rank_and_nonloopback_endpoint_fail) ... ok
2026-10-03T14:23:41.9327435Z test_default_GPU_backend_uses_absolute_binary_and_scrubbed_environment (test_frontier_v8_restoration_audit.RestorationAuditTests.test_default_GPU_backend_uses_absolute_binary_and_scrubbed_environment) ... ok
2026-10-03T14:23:42.0555866Z test_dynamic_memory_utilization_does_not_change_protected_identity (test_frontier_v8_restoration_audit.RestorationAuditTests.test_dynamic_memory_utilization_does_not_change_protected_identity) ... ok
2026-10-03T14:23:42.1175690Z test_extra_unlisted_optimizer_leaf_fails_complete_inventory (test_frontier_v8_restoration_audit.RestorationAuditTests.test_extra_unlisted_optimizer_leaf_fails_complete_inventory) ... ok
2026-10-03T14:23:42.2376671Z test_fresh_raw_CSV_query_is_independently_parsed (test_frontier_v8_restoration_audit.RestorationAuditTests.test_fresh_raw_CSV_query_is_independently_parsed) ... ok
2026-10-03T14:23:42.3002320Z test_http_503_response_is_actual_availability_failure (test_frontier_v8_restoration_audit.RestorationAuditTests.test_http_503_response_is_actual_availability_failure) ... ok
2026-10-03T14:23:42.3649392Z test_known_owned_birth_cannot_escape_via_reparenting_and_setsid (test_frontier_v8_restoration_audit.RestorationAuditTests.test_known_owned_birth_cannot_escape_via_reparenting_and_setsid) ... ok
2026-10-03T14:23:42.3693387Z test_leaf_mutation_after_final_fd_stat_fails (test_frontier_v8_restoration_audit.RestorationAuditTests.test_leaf_mutation_after_final_fd_stat_fails) ... ok
2026-10-03T14:23:42.5124894Z test_monotonic_time_reversal_invalidates_saved_observation (test_frontier_v8_restoration_audit.RestorationAuditTests.test_monotonic_time_reversal_invalidates_saved_observation) ... ok
2026-10-03T14:23:42.5171592Z test_no_borrow_can_hash_stage_inputs_without_queue_claim (test_frontier_v8_restoration_audit.RestorationAuditTests.test_no_borrow_can_hash_stage_inputs_without_queue_claim) ... ok
2026-10-03T14:23:42.5792034Z test_noninteger_progress_fails (test_frontier_v8_restoration_audit.RestorationAuditTests.test_noninteger_progress_fails) ... ok
2026-10-03T14:23:42.6414451Z test_original_pid_reuse_fails (test_frontier_v8_restoration_audit.RestorationAuditTests.test_original_pid_reuse_fails) ... ok
2026-10-03T14:23:42.7658902Z test_original_reparent_after_bound_parent_exit_preserves_same_birth (test_frontier_v8_restoration_audit.RestorationAuditTests.test_original_reparent_after_bound_parent_exit_preserves_same_birth) ... ok
2026-10-03T14:23:42.8912575Z test_original_reparent_after_bound_parent_zombie_with_empty_cmdline (test_frontier_v8_restoration_audit.RestorationAuditTests.test_original_reparent_after_bound_parent_zombie_with_empty_cmdline) ... ok
2026-10-03T14:23:43.0138410Z test_original_reparent_requires_proof_bound_parent_exited (test_frontier_v8_restoration_audit.RestorationAuditTests.test_original_reparent_requires_proof_bound_parent_exited) ... ok
2026-10-03T14:23:43.1389562Z test_original_stopped_and_missing_fail (test_frontier_v8_restoration_audit.RestorationAuditTests.test_original_stopped_and_missing_fail) ... ok
2026-10-03T14:23:43.2635855Z test_original_uid_and_boot_mismatch_fail (test_frontier_v8_restoration_audit.RestorationAuditTests.test_original_uid_and_boot_mismatch_fail) ... ok
2026-10-03T14:23:43.2677771Z test_oversized_deadline_and_claimed_optimizer_boundary_rejected_before_reads (test_frontier_v8_restoration_audit.RestorationAuditTests.test_oversized_deadline_and_claimed_optimizer_boundary_rejected_before_reads) ... ok
2026-10-03T14:23:43.3939658Z test_owned_worker_alive_and_unlisted_same_group_descendant_fail (test_frontier_v8_restoration_audit.RestorationAuditTests.test_owned_worker_alive_and_unlisted_same_group_descendant_fail) ... ok
2026-10-03T14:23:43.3979399Z test_production_cli_refuses_before_any_paths_or_reads (test_frontier_v8_restoration_audit.RestorationAuditTests.test_production_cli_refuses_before_any_paths_or_reads) ... ok
2026-10-03T14:23:43.6175740Z test_protected_compute_birth_and_command_independently_observed (test_frontier_v8_restoration_audit.RestorationAuditTests.test_protected_compute_birth_and_command_independently_observed) ... ok
2026-10-03T14:23:43.7389586Z test_protected_gpu_metadata_and_process_changes_fail (test_frontier_v8_restoration_audit.RestorationAuditTests.test_protected_gpu_metadata_and_process_changes_fail) ... ok
2026-10-03T14:23:43.8602734Z test_raw_fulltree_same_process_http_and_progress_pass_without_authority (test_frontier_v8_restoration_audit.RestorationAuditTests.test_raw_fulltree_same_process_http_and_progress_pass_without_authority) ... ok
2026-10-03T14:23:43.9219632Z test_redirect_cannot_follow_external_host (test_frontier_v8_restoration_audit.RestorationAuditTests.test_redirect_cannot_follow_external_host) ... ok
2026-10-03T14:23:44.0429467Z test_saved_verifier_reparses_raw_not_observer_success_boolean (test_frontier_v8_restoration_audit.RestorationAuditTests.test_saved_verifier_reparses_raw_not_observer_success_boolean) ... ok
2026-10-03T14:23:44.2207375Z test_static_progress_reaches_monotonic_deadline_without_pass (test_frontier_v8_restoration_audit.RestorationAuditTests.test_static_progress_reaches_monotonic_deadline_without_pass) ... ok
2026-10-03T14:23:44.2254037Z test_symlink_in_immutable_tree_fails (test_frontier_v8_restoration_audit.RestorationAuditTests.test_symlink_in_immutable_tree_fails) ... ok
2026-10-03T14:23:44.2302210Z test_tree_traversal_permission_error_cannot_silently_prune (test_frontier_v8_restoration_audit.RestorationAuditTests.test_tree_traversal_permission_error_cannot_silently_prune) ... ok
2026-10-03T14:23:44.3502605Z test_wall_clock_jumps_have_no_recovery_control_effect (test_frontier_v8_restoration_audit.RestorationAuditTests.test_wall_clock_jumps_have_no_recovery_control_effect) ... ok
2026-10-03T14:23:44.4147303Z test_wrong_fullhash_same_size_fails (test_frontier_v8_restoration_audit.RestorationAuditTests.test_wrong_fullhash_same_size_fails) ... ok
2026-10-03T14:23:44.9537112Z test_actual_entries_refuse_before_files_paths_or_import_factories (test_frontier_v8_scientific_child.ScientificChildTests.test_actual_entries_refuse_before_files_paths_or_import_factories) ... ok
2026-10-03T14:23:44.9560783Z test_additional_metadata_or_comparison_request_inside_task_refused (test_frontier_v8_scientific_child.ScientificChildTests.test_additional_metadata_or_comparison_request_inside_task_refused) ... ok
2026-10-03T14:23:46.3662647Z test_complete_fixture_original_four_loads_twenty_two_journals_and_binding (test_frontier_v8_scientific_child.ScientificChildTests.test_complete_fixture_original_four_loads_twenty_two_journals_and_binding) ... ok
2026-10-03T14:23:46.3678810Z test_fixture_attempt_reuse_cannot_overwrite_original_preflight (test_frontier_v8_scientific_child.ScientificChildTests.test_fixture_attempt_reuse_cannot_overwrite_original_preflight) ... ok
2026-10-03T14:23:46.3688045Z test_invalid_fixed_completion_does_not_write_success_wrapper_or_compare (test_frontier_v8_scientific_child.ScientificChildTests.test_invalid_fixed_completion_does_not_write_success_wrapper_or_compare) ... ok
2026-10-03T14:23:46.3697273Z test_json_ready_flags_or_production_gpu_scope_cannot_unlock_fixture (test_frontier_v8_scientific_child.ScientificChildTests.test_json_ready_flags_or_production_gpu_scope_cannot_unlock_fixture) ... ok
2026-10-03T14:23:46.3707145Z test_owner_failure_precedes_all_path_and_source_callbacks (test_frontier_v8_scientific_child.ScientificChildTests.test_owner_failure_precedes_all_path_and_source_callbacks) ... ok
2026-10-03T14:23:46.3724127Z test_owner_loss_after_training_stops_before_validation_and_comparison (test_frontier_v8_scientific_child.ScientificChildTests.test_owner_loss_after_training_stops_before_validation_and_comparison) ... ok
2026-10-03T14:23:46.3735512Z test_source_root_declarations_and_owner_binding_fail_before_prepare (test_frontier_v8_scientific_child.ScientificChildTests.test_source_root_declarations_and_owner_binding_fail_before_prepare) ... ok
2026-10-03T14:23:46.3752551Z test_training_failure_restores_observation_and_never_materializes_comparison (test_frontier_v8_scientific_child.ScientificChildTests.test_training_failure_restores_observation_and_never_materializes_comparison) ... ok
2026-10-03T14:23:46.3773076Z test_translated_argv_mismatch_or_current_stage_mismatch_stops_before_training (test_frontier_v8_scientific_child.ScientificChildTests.test_translated_argv_mismatch_or_current_stage_mismatch_stops_before_training) ... ok
2026-10-03T14:23:47.2655011Z test_actual_clean_repositories_import_real_modules_and_restore_state (test_frontier_v8_source_loader.SourceLoaderTests.test_actual_clean_repositories_import_real_modules_and_restore_state) ... ok
2026-10-03T14:23:47.9073694Z test_caller_path_cache_and_hooks_are_bypassed_then_restored (test_frontier_v8_source_loader.SourceLoaderTests.test_caller_path_cache_and_hooks_are_bypassed_then_restored) ... ok
2026-10-03T14:23:49.0316038Z test_changes_during_scope_are_detected_and_caller_exception_cleanup_runs (test_frontier_v8_source_loader.SourceLoaderTests.test_changes_during_scope_are_detected_and_caller_exception_cleanup_runs) ... ok
2026-10-03T14:23:49.4265577Z test_dirty_untracked_and_ignored_bytecode_are_rejected (test_frontier_v8_source_loader.SourceLoaderTests.test_dirty_untracked_and_ignored_bytecode_are_rejected) ... ok
2026-10-03T14:23:49.6186202Z test_execute_and_execute_cli_refuse_before_reading_a_context (test_frontier_v8_source_loader.SourceLoaderTests.test_execute_and_execute_cli_refuse_before_reading_a_context) ... ok
2026-10-03T14:23:49.7252335Z test_explicit_foreign_path_and_meta_hook_are_rejected (test_frontier_v8_source_loader.SourceLoaderTests.test_explicit_foreign_path_and_meta_hook_are_rejected) ... ok
2026-10-03T14:23:50.1466806Z test_external_bytes_and_same_byte_rewrite_between_captures_rejected (test_frontier_v8_source_loader.SourceLoaderTests.test_external_bytes_and_same_byte_rewrite_between_captures_rejected) ... ok
2026-10-03T14:23:50.7940280Z test_hostile_cwd_and_pythonpath_are_not_imported (test_frontier_v8_source_loader.SourceLoaderTests.test_hostile_cwd_and_pythonpath_are_not_imported) ... ok
2026-10-03T14:23:53.1402285Z test_loaded_origin_loader_and_callable_replacements_detected (test_frontier_v8_source_loader.SourceLoaderTests.test_loaded_origin_loader_and_callable_replacements_detected) ... ok
2026-10-03T14:23:53.3614828Z test_nested_roots_wrong_head_inventory_and_loader_origin_are_rejected (test_frontier_v8_source_loader.SourceLoaderTests.test_nested_roots_wrong_head_inventory_and_loader_origin_are_rejected) ... ok
2026-10-03T14:23:53.8043316Z test_partial_import_exception_restores_existing_parent_attributes (test_frontier_v8_source_loader.SourceLoaderTests.test_partial_import_exception_restores_existing_parent_attributes) ... ok
2026-10-03T14:23:53.9100686Z test_preloaded_scientific_or_scripts_modules_and_optional_packages_rejected (test_frontier_v8_source_loader.SourceLoaderTests.test_preloaded_scientific_or_scripts_modules_and_optional_packages_rejected) ... ok
2026-10-03T14:23:54.2677142Z test_same_bytes_replacement_of_root_between_captures_rejected (test_frontier_v8_source_loader.SourceLoaderTests.test_same_bytes_replacement_of_root_between_captures_rejected) ... ok
2026-10-03T14:23:55.2435496Z test_sparse_worktree_actual_git_pointer_is_supported (test_frontier_v8_source_loader.SourceLoaderTests.test_sparse_worktree_actual_git_pointer_is_supported) ... ok
2026-10-03T14:23:55.4749776Z test_symlink_blob_and_alias_root_are_rejected (test_frontier_v8_source_loader.SourceLoaderTests.test_symlink_blob_and_alias_root_are_rejected) ... ok
2026-10-03T14:23:55.9162651Z test_top_level_optional_import_is_blocked_and_partial_state_restored (test_frontier_v8_source_loader.SourceLoaderTests.test_top_level_optional_import_is_blocked_and_partial_state_restored) ... ok
2026-10-03T14:23:56.1285107Z test_control_data_level_split_isolation_and_teacher_future_independence (test_games.GamesTest.test_control_data_level_split_isolation_and_teacher_future_independence) ... ok
2026-10-03T14:23:56.5327507Z test_control_data_matches_runtime_labels_and_excludes_provenance (test_games.GamesTest.test_control_data_matches_runtime_labels_and_excludes_provenance) ... ok
2026-10-03T14:23:56.5329183Z test_doom_real_engine_closed_loop_replay (test_games.GamesTest.test_doom_real_engine_closed_loop_replay) ... skipped 'optional vizdoom is not installed'
2026-10-03T14:23:57.0526369Z test_game_service_evaluator_records_paired_http_results_and_failures (test_games.GamesTest.test_game_service_evaluator_records_paired_http_results_and_failures) ... ok
2026-10-03T14:23:57.5710624Z test_http_uses_only_visible_state_never_oracle_and_errors_propagate (test_games.GamesTest.test_http_uses_only_visible_state_never_oracle_and_errors_propagate) ... ok
2026-10-03T14:23:57.5712657Z test_invalid_and_terminal_boards (test_games.GamesTest.test_invalid_and_terminal_boards) ... ok
2026-10-03T14:23:57.5713793Z test_invalid_probability_and_move_responses (test_games.GamesTest.test_invalid_probability_and_move_responses) ... ok
2026-10-03T14:23:57.6530957Z test_local_trex_box_physics_and_replay (test_games.GamesTest.test_local_trex_box_physics_and_replay) ... ok
2026-10-03T14:23:57.6533573Z test_mario_and_trex_external_request_contracts (test_games.GamesTest.test_mario_and_trex_external_request_contracts) ... ok
2026-10-03T14:23:57.6707208Z test_minimax_takes_win_blocks_loss_and_selfplay_draws (test_games.GamesTest.test_minimax_takes_win_blocks_loss_and_selfplay_draws) ... ok
2026-10-03T14:23:57.6719809Z test_seeded_replay_and_tamper_detection (test_games.GamesTest.test_seeded_replay_and_tamper_detection) ... ok
2026-10-03T14:23:57.9002532Z test_snake_data_exact_collisions_grouped_and_ood_grid (test_games.GamesTest.test_snake_data_exact_collisions_grouped_and_ood_grid) ... ok
2026-10-03T14:23:57.9005406Z test_snake_reverse_wall_body_tail_and_growth (test_games.GamesTest.test_snake_reverse_wall_body_tail_and_growth) ... ok
2026-10-03T14:23:58.8052148Z test_tictactoe_exhaustive_data_and_symmetry_split_isolation (test_games.GamesTest.test_tictactoe_exhaustive_data_and_symmetry_split_isolation) ... ok
2026-10-03T14:23:58.8943110Z test_tile_platformer_plays_replays_and_obeys_ground_collision (test_games.GamesTest.test_tile_platformer_plays_replays_and_obeys_ground_collision) ... ok
2026-10-03T14:23:58.8951062Z test_wiki_shortest_path_dead_end_and_budget (test_games.GamesTest.test_wiki_shortest_path_dead_end_and_budget) ... ok
2026-10-03T14:23:58.9042622Z test_both_dependency_lock_files_reject_tamper_before_checkpoint (test_independent_evaluation.IndependentEvaluationTests.test_both_dependency_lock_files_reject_tamper_before_checkpoint) ... ok
2026-10-03T14:23:58.9094298Z test_bundle_is_pinned_not_evaluated_and_cannot_overwrite (test_independent_evaluation.IndependentEvaluationTests.test_bundle_is_pinned_not_evaluated_and_cannot_overwrite) ... ok
2026-10-03T14:23:58.9321310Z test_install_script_disables_inherited_pip_config_before_first_pip (test_independent_evaluation.IndependentEvaluationTests.test_install_script_disables_inherited_pip_config_before_first_pip) ... ok
2026-10-03T14:23:58.9324055Z test_invalid_revision_cannot_write_or_inject_shell_code (test_independent_evaluation.IndependentEvaluationTests.test_invalid_revision_cannot_write_or_inject_shell_code) ... ok
2026-10-03T14:23:58.9421105Z test_runtime_only_preflight_needs_no_checkpoint_or_model_import (test_independent_evaluation.IndependentEvaluationTests.test_runtime_only_preflight_needs_no_checkpoint_or_model_import) ... ok
2026-10-03T14:23:58.9504073Z test_runtime_rejects_broken_dependency_check (test_independent_evaluation.IndependentEvaluationTests.test_runtime_rejects_broken_dependency_check) ... ok
2026-10-03T14:23:58.9592780Z test_runtime_rejects_global_or_user_site_environment (test_independent_evaluation.IndependentEvaluationTests.test_runtime_rejects_global_or_user_site_environment) ... ok
2026-10-03T14:23:58.9679956Z test_runtime_rejects_missing_or_external_packages (test_independent_evaluation.IndependentEvaluationTests.test_runtime_rejects_missing_or_external_packages) ... ok
2026-10-03T14:23:58.9764763Z test_runtime_rejects_package_version_drift_before_checkpoint (test_independent_evaluation.IndependentEvaluationTests.test_runtime_rejects_package_version_drift_before_checkpoint) ... ok
2026-10-03T14:23:58.9890021Z test_runtime_rejects_unsupported_interpreter_or_platform (test_independent_evaluation.IndependentEvaluationTests.test_runtime_rejects_unsupported_interpreter_or_platform) ... ok
2026-10-03T14:23:58.9999515Z test_verified_fixture_still_does_not_claim_inference_or_sealed_result (test_independent_evaluation.IndependentEvaluationTests.test_verified_fixture_still_does_not_claim_inference_or_sealed_result) ... ok
2026-10-03T14:23:59.0091257Z test_verifier_rejects_wrong_bytes_without_model_load (test_independent_evaluation.IndependentEvaluationTests.test_verifier_rejects_wrong_bytes_without_model_load) ... ok
2026-10-03T14:23:59.0097473Z test_elapsed_deadline_prevents_starting_another_subprocess (test_install_isolated_runtime_cpu.IsolatedRuntimeInstallerTests.test_elapsed_deadline_prevents_starting_another_subprocess) ... ok
2026-10-03T14:23:59.0106470Z test_environment_discards_python_pip_credentials_proxies_and_loader_overrides (test_install_isolated_runtime_cpu.IsolatedRuntimeInstallerTests.test_environment_discards_python_pip_credentials_proxies_and_loader_overrides) ... ok
2026-10-03T14:23:59.0210541Z test_exact_official_torch_hosts_accept_real_index_url_and_reject_suffixes (test_install_isolated_runtime_cpu.IsolatedRuntimeInstallerTests.test_exact_official_torch_hosts_accept_real_index_url_and_reject_suffixes) ... ok
2026-10-03T14:23:59.0689576Z test_failed_version_origin_site_or_wheel_proof_preserves_consumed_failure (test_install_isolated_runtime_cpu.IsolatedRuntimeInstallerTests.test_failed_version_origin_site_or_wheel_proof_preserves_consumed_failure) ... ok
2026-10-03T14:23:59.0723004Z test_other_existing_env_ancestors_are_refused (test_install_isolated_runtime_cpu.IsolatedRuntimeInstallerTests.test_other_existing_env_ancestors_are_refused) ... ok
2026-10-03T14:23:59.0828121Z test_overall_budget_expiry_has_failure_receipt_without_fallback (test_install_isolated_runtime_cpu.IsolatedRuntimeInstallerTests.test_overall_budget_expiry_has_failure_receipt_without_fallback) ... ok
2026-10-03T14:23:59.0872460Z test_platform_source_lock_and_owned_parent_refusal_create_no_attempt (test_install_isolated_runtime_cpu.IsolatedRuntimeInstallerTests.test_platform_source_lock_and_owned_parent_refusal_create_no_attempt) ... ok
2026-10-03T14:23:59.0907828Z test_signal_during_popen_return_is_deferred_until_child_registration (test_install_isolated_runtime_cpu.IsolatedRuntimeInstallerTests.test_signal_during_popen_return_is_deferred_until_child_registration) ... ok
2026-10-03T14:23:59.0936213Z test_source_shared_environment_and_existing_outputs_are_refused (test_install_isolated_runtime_cpu.IsolatedRuntimeInstallerTests.test_source_shared_environment_and_existing_outputs_are_refused) ... ok
2026-10-03T14:23:59.1041278Z test_success_records_exact_public_wheels_and_isolated_cpu_metadata (test_install_isolated_runtime_cpu.IsolatedRuntimeInstallerTests.test_success_records_exact_public_wheels_and_isolated_cpu_metadata) ... ok
2026-10-03T14:23:59.1152304Z test_termination_signals_clean_owned_child_write_failure_and_restore_handlers (test_install_isolated_runtime_cpu.IsolatedRuntimeInstallerTests.test_termination_signals_clean_owned_child_write_failure_and_restore_handlers) ... ok
2026-10-03T14:23:59.1161287Z test_timeout_kills_only_owned_new_session_and_reaps (test_install_isolated_runtime_cpu.IsolatedRuntimeInstallerTests.test_timeout_kills_only_owned_new_session_and_reaps) ... ok
2026-10-03T14:23:59.2819740Z test_body_audit_rejects_label_and_reference_tamper_after_rehash (test_ir_control.IRCorpusTest.test_body_audit_rejects_label_and_reference_tamper_after_rehash) ... ok
2026-10-03T14:23:59.4037071Z test_body_audit_rejects_training_target_tamper_after_rehash (test_ir_control.IRCorpusTest.test_body_audit_rejects_training_target_tamper_after_rehash) ... ok
2026-10-03T14:23:59.4039809Z test_original_pilot_and_full_manifests_are_separate_and_pilot_stays_held_out (test_ir_control.IRCorpusTest.test_original_pilot_and_full_manifests_are_separate_and_pilot_stays_held_out) ... skipped 'Local generated corpora not present'
2026-10-03T14:23:59.4546155Z test_stable_family_assignment_does_not_change_on_expansion (test_ir_control.IRCorpusTest.test_stable_family_assignment_does_not_change_on_expansion) ... ok
2026-10-03T14:23:59.4551301Z test_external_holdout_cannot_use_training_data_tree (test_ir_control.IRMetricAndHoldoutTest.test_external_holdout_cannot_use_training_data_tree) ... ok
2026-10-03T14:23:59.4566630Z test_external_holdout_rejects_missing_candidates_after_rehash (test_ir_control.IRMetricAndHoldoutTest.test_external_holdout_rejects_missing_candidates_after_rehash) ... ok
2026-10-03T14:23:59.4624205Z test_external_holdout_requires_all_hashes_one_hundred_and_evaluation_only (test_ir_control.IRMetricAndHoldoutTest.test_external_holdout_requires_all_hashes_one_hundred_and_evaluation_only) ... ok
2026-10-03T14:23:59.4626712Z test_trec_linear_gain_missing_query_unjudged_and_duplicates (test_ir_control.IRMetricAndHoldoutTest.test_trec_linear_gain_missing_query_unjudged_and_duplicates) ... ok
2026-10-03T14:23:59.5016964Z test_100_document_pointwise_and_listwise_request_counts (test_ir_control.IRRuntimeTest.test_100_document_pointwise_and_listwise_request_counts) ... ok
2026-10-03T14:23:59.5077433Z test_all_six_methods_run_actual_callbacks_and_preserve_document_set (test_ir_control.IRRuntimeTest.test_all_six_methods_run_actual_callbacks_and_preserve_document_set) ... ok
2026-10-03T14:23:59.5086776Z test_body_grades_cover_exact_partial_wrong_profile_withdrawn_and_unrelated (test_ir_control.IRRuntimeTest.test_body_grades_cover_exact_partial_wrong_profile_withdrawn_and_unrelated) ... ok
2026-10-03T14:23:59.5094560Z test_explicit_score_rounding_policy_preserves_strict_probability_mass (test_ir_control.IRRuntimeTest.test_explicit_score_rounding_policy_preserves_strict_probability_mass) ... ok
2026-10-03T14:23:59.5134315Z test_heaps_rerank_only_requested_prefix_and_setwise_windows_have_at_most_eleven (test_ir_control.IRRuntimeTest.test_heaps_rerank_only_requested_prefix_and_setwise_windows_have_at_most_eleven) ... ok
2026-10-03T14:23:59.5137342Z test_malformed_response_is_preserved_and_not_a_zero_relevance_label (test_ir_control.IRRuntimeTest.test_malformed_response_is_preserved_and_not_a_zero_relevance_label) ... ok
2026-10-03T14:23:59.5139479Z test_nonfinite_and_inconsistent_probabilities_fail (test_ir_control.IRRuntimeTest.test_nonfinite_and_inconsistent_probabilities_fail) ... ok
2026-10-03T14:23:59.5167643Z test_pairwise_uses_both_orders_and_cancels_constant_position_bias (test_ir_control.IRRuntimeTest.test_pairwise_uses_both_orders_and_cancels_constant_position_bias) ... ok
2026-10-03T14:23:59.5169599Z test_quoted_query_does_not_change_document_subject (test_ir_control.IRRuntimeTest.test_quoted_query_does_not_change_document_subject) ... ok
2026-10-03T14:23:59.5172438Z test_exact_inputs_and_valid_response (test_jev_api_latency.JevLatencyTest.test_exact_inputs_and_valid_response) ... ok
2026-10-03T14:23:59.5175233Z test_rejection_retains_response_and_redacts_key (test_jev_api_latency.JevLatencyTest.test_rejection_retains_response_and_redacts_key) ... ok
2026-10-03T14:23:59.5177498Z test_wrong_model_and_malformed_outputs_fail (test_jev_api_latency.JevLatencyTest.test_wrong_model_and_malformed_outputs_fail) ... ok
2026-10-03T14:23:59.5197703Z test_credentials_are_scoped_restored_and_rejected_in_git (test_jevbench_hosted.HostedBoundsTest.test_credentials_are_scoped_restored_and_rejected_in_git) ... ok
2026-10-03T14:23:59.5199824Z test_failure_cost_rejects_missing_and_boolean_usage (test_jevbench_hosted.HostedBoundsTest.test_failure_cost_rejects_missing_and_boolean_usage) ... ok
2026-10-03T14:23:59.5202122Z test_output_cap_and_price_bounds_include_all_4096_tokens (test_jevbench_hosted.HostedBoundsTest.test_output_cap_and_price_bounds_include_all_4096_tokens) ... ok
2026-10-03T14:23:59.5204626Z test_auth_failure_stops_once_and_retains_billed_failure_usage (test_jevbench_hosted.HostedPinnedTest.test_auth_failure_stops_once_and_retains_billed_failure_usage) ... skipped 'requires pinned JevBench source; no downloads in tests'
2026-10-03T14:23:59.5207925Z test_budget_reserves_before_send_and_unknown_cost_remains_charged (test_jevbench_hosted.HostedPinnedTest.test_budget_reserves_before_send_and_unknown_cost_remains_charged) ... skipped 'requires pinned JevBench source; no downloads in tests'
2026-10-03T14:23:59.5211036Z test_exact_gpt_options_and_native_probability_provenance (test_jevbench_hosted.HostedPinnedTest.test_exact_gpt_options_and_native_probability_provenance) ... skipped 'requires pinned JevBench source; no downloads in tests'
2026-10-03T14:23:59.5214217Z test_wall_deadline_keeps_unknown_dispatch_and_restores_key (test_jevbench_hosted.HostedPinnedTest.test_wall_deadline_keeps_unknown_dispatch_and_restores_key) ... skipped 'requires pinned JevBench source; no downloads in tests'
2026-10-03T14:23:59.6368451Z test_durable_collection_and_replay_bind_current_scope_and_counts (test_jevbench_open_development.PublicDevelopmentTest.test_durable_collection_and_replay_bind_current_scope_and_counts) ... ok
2026-10-03T14:23:59.6371354Z test_noul_inclusive_boundaries_and_abstention_count_wrong (test_jevbench_open_development.PublicDevelopmentTest.test_noul_inclusive_boundaries_and_abstention_count_wrong) ... ok
2026-10-03T14:23:59.6472285Z test_prepared_requests_exclude_gold_and_changed_freeze_fails (test_jevbench_open_development.PublicDevelopmentTest.test_prepared_requests_exclude_gold_and_changed_freeze_fails) ... ok
2026-10-03T14:23:59.6478226Z test_score_expected_position_is_not_argmax_accuracy (test_jevbench_open_development.PublicDevelopmentTest.test_score_expected_position_is_not_argmax_accuracy) ... ok
2026-10-03T14:23:59.6521159Z test_selection_never_consults_gold_state_or_predictions (test_jevbench_open_development.PublicDevelopmentTest.test_selection_never_consults_gold_state_or_predictions) ... ok
2026-10-03T14:23:59.6530357Z test_bad_hash_or_identity_rejected_before_request_and_output (test_jevbench_openjev.JevBenchOpenJevTest.test_bad_hash_or_identity_rejected_before_request_and_output) ... ok
2026-10-03T14:23:59.6592793Z test_context_refusal_counts_failure_then_continues (test_jevbench_openjev.JevBenchOpenJevTest.test_context_refusal_counts_failure_then_continues) ... ok
2026-10-03T14:23:59.6621915Z test_duplicate_json_and_nonfinite_responses_fail_without_silent_repair (test_jevbench_openjev.JevBenchOpenJevTest.test_duplicate_json_and_nonfinite_responses_fail_without_silent_repair) ... ok
2026-10-03T14:23:59.6669177Z test_identity_drift_fails_and_stops_before_next_dispatch (test_jevbench_openjev.JevBenchOpenJevTest.test_identity_drift_fails_and_stops_before_next_dispatch) ... ok
2026-10-03T14:23:59.6692631Z test_interruption_after_dispatch_leaves_an_in_flight_record (test_jevbench_openjev.JevBenchOpenJevTest.test_interruption_after_dispatch_leaves_an_in_flight_record) ... ok
2026-10-03T14:23:59.6760668Z test_one_attempt_per_task_and_durable_journal (test_jevbench_openjev.JevBenchOpenJevTest.test_one_attempt_per_task_and_durable_journal) ... ok
2026-10-03T14:23:59.6766472Z test_request_gold_separation_and_original_candidate_order (test_jevbench_openjev.JevBenchOpenJevTest.test_request_gold_separation_and_original_candidate_order) ... ok
2026-10-03T14:23:59.6839693Z test_rounding_distribution_is_retained_without_normalizing_or_pre_rejecting (test_jevbench_openjev.JevBenchOpenJevTest.test_rounding_distribution_is_retained_without_normalizing_or_pre_rejecting) ... ok
2026-10-03T14:23:59.6872927Z test_timeout_never_retries_and_keeps_pending_distinct (test_jevbench_openjev.JevBenchOpenJevTest.test_timeout_never_retries_and_keeps_pending_distinct) ... ok
2026-10-03T14:23:59.6875541Z test_boolean_probability_cannot_be_rewritten_as_float_during_replay (test_jevbench_openjev.PinnedJevBenchIntegrationTest.test_boolean_probability_cannot_be_rewritten_as_float_during_replay) ... skipped 'requires the clean pinned JevBench checkout; no download in tests'
2026-10-03T14:23:59.6878008Z test_completed_report_cannot_hide_a_partial_journal (test_jevbench_openjev.PinnedJevBenchIntegrationTest.test_completed_report_cannot_hide_a_partial_journal) ... skipped 'requires the clean pinned JevBench checkout; no download in tests'
2026-10-03T14:23:59.6880421Z test_exact_upstream_rounding_and_tie_rules (test_jevbench_openjev.PinnedJevBenchIntegrationTest.test_exact_upstream_rounding_and_tie_rules) ... skipped 'requires the clean pinned JevBench checkout; no download in tests'
2026-10-03T14:23:59.6883066Z test_pinned_public_counts_and_exact_requests_match_upstream_adapter (test_jevbench_openjev.PinnedJevBenchIntegrationTest.test_pinned_public_counts_and_exact_requests_match_upstream_adapter) ... skipped 'requires the clean pinned JevBench checkout; no download in tests'
2026-10-03T14:23:59.6885635Z test_public_summary_uses_gold_only_offline_and_accounts_for_pending (test_jevbench_openjev.PinnedJevBenchIntegrationTest.test_public_summary_uses_gold_only_offline_and_accounts_for_pending) ... skipped 'requires the clean pinned JevBench checkout; no download in tests'
2026-10-03T14:23:59.6893487Z test_collection_guard_reaps_collector_when_owned_server_exits (test_jevbench_suite.JevBenchSuiteTest.test_collection_guard_reaps_collector_when_owned_server_exits) ... ok
2026-10-03T14:23:59.6943327Z test_collection_hard_timeout_reaps_exact_child (test_jevbench_suite.JevBenchSuiteTest.test_collection_hard_timeout_reaps_exact_child) ... ok
2026-10-03T14:23:59.7013032Z test_collection_identity_failure_stops_before_second_model (test_jevbench_suite.JevBenchSuiteTest.test_collection_identity_failure_stops_before_second_model) ... ok
2026-10-03T14:23:59.8017523Z test_collection_timeout_reaps_server_without_starting_next_model (test_jevbench_suite.JevBenchSuiteTest.test_collection_timeout_reaps_server_without_starting_next_model) ... ok
2026-10-03T14:23:59.8050108Z test_existing_output_refused_without_children (test_jevbench_suite.JevBenchSuiteTest.test_existing_output_refused_without_children) ... ok
2026-10-03T14:23:59.8074885Z test_n1_mode_verifies_host_and_idle_card_before_selecting_uuid (test_jevbench_suite.JevBenchSuiteTest.test_n1_mode_verifies_host_and_idle_card_before_selecting_uuid) ... ok
2026-10-03T14:23:59.8142583Z test_only_new_27b_checkpoint_runs_after_training (test_jevbench_suite.JevBenchSuiteTest.test_only_new_27b_checkpoint_runs_after_training) ... ok
2026-10-03T14:23:59.8230273Z test_serial_servers_and_gold_read_only_after_both_are_stopped (test_jevbench_suite.JevBenchSuiteTest.test_serial_servers_and_gold_read_only_after_both_are_stopped) ... ok
2026-10-03T14:23:59.8286238Z test_slurm_mapping_is_preserved_and_broad_visibility_rejected (test_jevbench_suite.JevBenchSuiteTest.test_slurm_mapping_is_preserved_and_broad_visibility_rejected) ... ok
2026-10-03T14:23:59.8350792Z test_startup_failure_reaps_only_first_server_and_never_collects (test_jevbench_suite.JevBenchSuiteTest.test_startup_failure_reaps_only_first_server_and_never_collects) ... ok
2026-10-03T14:23:59.8360098Z test_explicit_policy_cannot_bypass_repository_restriction (test_launch_expansion.LauncherResourcePolicyTests.test_explicit_policy_cannot_bypass_repository_restriction) ... ok
2026-10-03T14:23:59.8398410Z test_main_binds_accepted_physical_indices_to_their_gpu_uuids (test_launch_expansion.LauncherResourcePolicyTests.test_main_binds_accepted_physical_indices_to_their_gpu_uuids) ... ok
2026-10-03T14:23:59.8418793Z test_main_rejects_wrong_host_before_any_subprocess_or_gpu_query (test_launch_expansion.LauncherResourcePolicyTests.test_main_rejects_wrong_host_before_any_subprocess_or_gpu_query) ... ok
2026-10-03T14:23:59.8442904Z test_malformed_or_contradictory_policy_fails_closed (test_launch_expansion.LauncherResourcePolicyTests.test_malformed_or_contradictory_policy_fails_closed) ... ok
2026-10-03T14:23:59.8448834Z test_matching_n1_hostname_and_training_cards_are_accepted_and_audited (test_launch_expansion.LauncherResourcePolicyTests.test_matching_n1_hostname_and_training_cards_are_accepted_and_audited) ... ok
2026-10-03T14:23:59.8455878Z test_wrong_host_and_prohibited_training_cards_are_rejected (test_launch_expansion.LauncherResourcePolicyTests.test_wrong_host_and_prohibited_training_cards_are_rejected) ... ok
2026-10-03T14:24:00.3304351Z test_audit_does_not_use_hidden_oracle_or_variant_metadata (test_mailroom_data.MailroomDataTests.test_audit_does_not_use_hidden_oracle_or_variant_metadata) ... ok
2026-10-03T14:24:00.7619385Z test_complete_contract_and_independent_audit (test_mailroom_data.MailroomDataTests.test_complete_contract_and_independent_audit) ... ok
2026-10-03T14:24:01.4237861Z test_expansion_preserves_every_old_case_row_and_heldout_family (test_mailroom_data.MailroomDataTests.test_expansion_preserves_every_old_case_row_and_heldout_family) ... ok
2026-10-03T14:24:01.7971193Z test_final_text_header_and_question_mutations_fail_closed (test_mailroom_data.MailroomDataTests.test_final_text_header_and_question_mutations_fail_closed) ... ok
2026-10-03T14:24:02.0982462Z test_link_relay_paid_and_advertised_amounts_in_all_languages (test_mailroom_data.MailroomDataTests.test_link_relay_paid_and_advertised_amounts_in_all_languages) ... ok
2026-10-03T14:24:02.5427865Z test_matching_wrong_gold_and_target_are_rejected (test_mailroom_data.MailroomDataTests.test_matching_wrong_gold_and_target_are_rejected) ... ok
2026-10-03T14:24:02.8274694Z test_model_input_excludes_all_supervision_and_provenance (test_mailroom_data.MailroomDataTests.test_model_input_excludes_all_supervision_and_provenance) ... ok
2026-10-03T14:24:03.0936300Z test_prediction_reader_requires_typed_mass_and_marks_exact_tie_unresolved (test_mailroom_data.MailroomDataTests.test_prediction_reader_requires_typed_mass_and_marks_exact_tie_unresolved) ... ok
2026-10-03T14:24:03.7315517Z test_probe_export_preserves_inputs_without_gold_or_predictions (test_mailroom_data.MailroomDataTests.test_probe_export_preserves_inputs_without_gold_or_predictions) ... ok
2026-10-03T14:24:04.1393382Z test_provider_counterfactual_and_taxonomy_follow_service (test_mailroom_data.MailroomDataTests.test_provider_counterfactual_and_taxonomy_follow_service) ... ok
2026-10-03T14:24:04.4114306Z test_sealed_bytes_and_existing_directory_are_protected (test_mailroom_data.MailroomDataTests.test_sealed_bytes_and_existing_directory_are_protected) ... ok
2026-10-03T14:24:04.6992100Z test_unknown_service_and_conflicting_actions_do_not_get_fallback_gold (test_mailroom_data.MailroomDataTests.test_unknown_service_and_conflicting_actions_do_not_get_fallback_gold) ... ok
2026-10-03T14:24:04.6994453Z test_extreme_logits_and_binary_probabilities (test_metrics.CalibrationTest.test_extreme_logits_and_binary_probabilities) ... ok
2026-10-03T14:24:04.6996059Z test_soft_labels_and_constant_logits (test_metrics.CalibrationTest.test_soft_labels_and_constant_logits) ... ok
2026-10-03T14:24:04.7002786Z test_temperature_recovers_known_bernoulli_frequency (test_metrics.CalibrationTest.test_temperature_recovers_known_bernoulli_frequency) ... ok
2026-10-03T14:24:04.7004487Z test_choice_uses_scaled_peak (test_metrics.OfficialConfidenceTest.test_choice_uses_scaled_peak) ... ok
2026-10-03T14:24:04.7006168Z test_score_depends_on_ordinal_distance_and_first_mode (test_metrics.OfficialConfidenceTest.test_score_depends_on_ordinal_distance_and_first_mode) ... ok
2026-10-03T14:24:04.7008075Z test_uniform_and_deterministic_distributions (test_metrics.OfficialConfidenceTest.test_uniform_and_deterministic_distributions) ... ok
2026-10-03T14:24:04.7010003Z test_hard_outcomes_have_known_scores_and_coverage (test_metrics.ProbabilityMetricsTest.test_hard_outcomes_have_known_scores_and_coverage) ... ok
2026-10-03T14:24:04.7012079Z test_invalid_probability_data_is_rejected (test_metrics.ProbabilityMetricsTest.test_invalid_probability_data_is_rejected) ... ok
2026-10-03T14:24:04.7013865Z test_mixed_targets_and_variable_cardinality (test_metrics.ProbabilityMetricsTest.test_mixed_targets_and_variable_cardinality) ... ok
2026-10-03T14:24:04.7015649Z test_perfect_probabilities_fit_last_ece_bin (test_metrics.ProbabilityMetricsTest.test_perfect_probabilities_fit_last_ece_bin) ... ok
2026-10-03T14:24:04.7017472Z test_soft_targets_are_not_argmax_ground_truth (test_metrics.ProbabilityMetricsTest.test_soft_targets_are_not_argmax_ground_truth) ... ok
2026-10-03T14:24:04.7020039Z test_loopback_timeout_defaults_to_120_seconds_and_is_configurable (test_mps_support.HttpTimeoutTest.test_loopback_timeout_defaults_to_120_seconds_and_is_configurable) ... skipped 'requires optional torch/transformers/peft train runtime'
2026-10-03T14:24:04.7022291Z test_cpu_and_mps_benchmark_runs_compare_as_equal_decisions (test_mps_support.MpsSupportTest.test_cpu_and_mps_benchmark_runs_compare_as_equal_decisions) ... skipped 'requires a torch build with an available MPS backend'
2026-10-03T14:24:04.7024071Z test_every_parameter_is_resident_on_mps_and_nothing_falls_back_to_cpu (test_mps_support.MpsSupportTest.test_every_parameter_is_resident_on_mps_and_nothing_falls_back_to_cpu) ... skipped 'requires a torch build with an available MPS backend'
2026-10-03T14:24:04.7025600Z test_float32_scores_match_cpu_within_the_existing_parity_bar (test_mps_support.MpsSupportTest.test_float32_scores_match_cpu_within_the_existing_parity_bar) ... skipped 'requires a torch build with an available MPS backend'
2026-10-03T14:24:04.7027129Z test_latency_benchmark_synchronizes_metal_around_every_timed_call (test_mps_support.MpsSupportTest.test_latency_benchmark_synchronizes_metal_around_every_timed_call) ... skipped 'requires a torch build with an available MPS backend'
2026-10-03T14:24:04.7028581Z test_mps_profile_timing_synchronizes_metal_not_cuda (test_mps_support.MpsSupportTest.test_mps_profile_timing_synchronizes_metal_not_cuda) ... skipped 'requires a torch build with an available MPS backend'
2026-10-03T14:24:04.7030021Z test_reduced_precision_error_is_no_worse_than_cpu_at_the_same_dtype (test_mps_support.MpsSupportTest.test_reduced_precision_error_is_no_worse_than_cpu_at_the_same_dtype) ... skipped 'requires a torch build with an available MPS backend'
2026-10-03T14:24:04.7031713Z test_residency_check_detects_a_parameter_left_on_cpu (test_mps_support.MpsSupportTest.test_residency_check_detects_a_parameter_left_on_cpu) ... skipped 'requires a torch build with an available MPS backend'
2026-10-03T14:24:04.7033344Z test_cpu_profile_timing_never_synchronizes_cuda (test_mps_support.ProfileSynchronizationTest.test_cpu_profile_timing_never_synchronizes_cuda) ... skipped 'requires optional torch/transformers/peft train runtime'
2026-10-03T14:24:04.7034964Z test_meta_embedding_profile_synchronizes_actual_accelerator_devices (test_mps_support.ProfileSynchronizationTest.test_meta_embedding_profile_synchronizes_actual_accelerator_devices) ... skipped 'requires optional torch/transformers/peft train runtime'
2026-10-03T14:24:04.7036618Z test_engagement_requires_successful_profiler_child (test_mps_support.ProfiledChildEnvironmentTest.test_engagement_requires_successful_profiler_child) ... skipped 'requires optional torch/transformers/peft train runtime'
2026-10-03T14:24:04.7050196Z test_profiled_child_loads_weights_on_one_thread (test_mps_support.ProfiledChildEnvironmentTest.test_profiled_child_loads_weights_on_one_thread) ... ok
2026-10-03T14:24:04.7054140Z test_incomplete_refusal_extra_key_wrong_types_wrong_model_rejected (test_openai_api_benchmark.OpenAIComparisonTest.test_incomplete_refusal_extra_key_wrong_types_wrong_model_rejected) ... ok
2026-10-03T14:24:04.7057842Z test_rejected_transport_is_not_inference_and_redacts_key (test_openai_api_benchmark.OpenAIComparisonTest.test_rejected_transport_is_not_inference_and_redacts_key) ... ok
2026-10-03T14:24:04.7059889Z test_semantics_and_candidate_order_preserved_without_labels (test_openai_api_benchmark.OpenAIComparisonTest.test_semantics_and_candidate_order_preserved_without_labels) ... ok
2026-10-03T14:24:04.7061122Z test_valid_choices_and_cost (test_openai_api_benchmark.OpenAIComparisonTest.test_valid_choices_and_cost) ... ok
2026-10-03T14:24:04.7074184Z test_bad_input_or_identity_fails_before_connection_or_outputs (test_openjev_provider.OpenJevProviderTest.test_bad_input_or_identity_fails_before_connection_or_outputs) ... ok
2026-10-03T14:24:04.7092669Z test_budget_stops_without_an_attempt_and_preserves_all_pending (test_openjev_provider.OpenJevProviderTest.test_budget_stops_without_an_attempt_and_preserves_all_pending) ... ok
2026-10-03T14:24:05.2161464Z test_checkpoint_drift_stops_before_next_request_and_preserves_pending (test_openjev_provider.OpenJevProviderTest.test_checkpoint_drift_stops_before_next_request_and_preserves_pending) ... ok
2026-10-03T14:24:05.7252128Z test_invalid_probability_is_retained_and_counts_zero_without_renormalization (test_openjev_provider.OpenJevProviderTest.test_invalid_probability_is_retained_and_counts_zero_without_renormalization) ... ok
2026-10-03T14:24:05.7269338Z test_malformed_inputs_and_request_hashes_are_rejected (test_openjev_provider.OpenJevProviderTest.test_malformed_inputs_and_request_hashes_are_rejected) ... ok
2026-10-03T14:24:05.7308390Z test_nonfinite_wire_response_is_retained_without_invalid_json_in_output (test_openjev_provider.OpenJevProviderTest.test_nonfinite_wire_response_is_retained_without_invalid_json_in_output) ... ok
2026-10-03T14:24:06.8387033Z test_real_loopback_more_than_32_workloads_one_attempt_and_existing_quality_scorer (test_openjev_provider.OpenJevProviderTest.test_real_loopback_more_than_32_workloads_one_attempt_and_existing_quality_scorer) ... ok
2026-10-03T14:24:06.8399748Z test_response_invariants_reject_cache_identity_and_inconsistent_scalar (test_openjev_provider.OpenJevProviderTest.test_response_invariants_reject_cache_identity_and_inconsistent_scalar) ... ok
2026-10-03T14:24:07.4314211Z test_sigkill_leaves_durable_inflight_dispatch_not_unattempted (test_openjev_provider.OpenJevProviderTest.test_sigkill_leaves_durable_inflight_dispatch_not_unattempted) ... ok
2026-10-03T14:24:08.0242085Z test_sigterm_retains_dispatched_request_as_failed_not_pending (test_openjev_provider.OpenJevProviderTest.test_sigterm_retains_dispatched_request_as_failed_not_pending) ... ok
2026-10-03T14:24:08.0282070Z test_timeout_never_retries_or_advances (test_openjev_provider.OpenJevProviderTest.test_timeout_never_retries_or_advances) ... ok
2026-10-03T14:24:08.1035320Z test_adaptive_float_scores_and_journal_precede_each_actual_request (test_openjev_trec.OpenJevTrecTest.test_adaptive_float_scores_and_journal_precede_each_actual_request) ... ok
2026-10-03T14:24:13.7147894Z test_all_97_queries_close_in_873_unique_requests_with_stable_ties (test_openjev_trec.OpenJevTrecTest.test_all_97_queries_close_in_873_unique_requests_with_stable_ties) ... ok
2026-10-03T14:24:14.0242715Z test_all_failed_queries_remain_full_denominator_without_extra_requests (test_openjev_trec.OpenJevTrecTest.test_all_failed_queries_remain_full_denominator_without_extra_requests) ... ok
2026-10-03T14:24:14.0680015Z test_http_server_failure_stops_and_bad_preflight_never_connects (test_openjev_trec.OpenJevTrecTest.test_http_server_failure_stops_and_bad_preflight_never_connects) ... ok
2026-10-03T14:24:14.1307672Z test_identity_drift_and_timeout_stop_without_advancing (test_openjev_trec.OpenJevTrecTest.test_identity_drift_and_timeout_stop_without_advancing) ... ok
2026-10-03T14:24:14.1921970Z test_nonfatal_invalid_probability_is_saved_as_failure_then_next_query_runs (test_openjev_trec.OpenJevTrecTest.test_nonfatal_invalid_probability_is_saved_as_failure_then_next_query_runs) ... ok
2026-10-03T14:24:14.3083578Z test_out_of_range_scalar_is_failed_before_persisting_success (test_openjev_trec.OpenJevTrecTest.test_out_of_range_scalar_is_failed_before_persisting_success) ... ok
2026-10-03T14:24:14.3573674Z test_raw_response_binding_preserves_numeric_types_and_mapping_order (test_openjev_trec.OpenJevTrecTest.test_raw_response_binding_preserves_numeric_types_and_mapping_order) ... ok
2026-10-03T14:24:15.0226893Z test_real_loopback_uses_owned_service_and_unrounded_expected_scores (test_openjev_trec.OpenJevTrecTest.test_real_loopback_uses_owned_service_and_unrounded_expected_scores) ... ok
2026-10-03T14:24:15.0753689Z test_request_and_time_budgets_keep_incomplete_and_unattempted_queries (test_openjev_trec.OpenJevTrecTest.test_request_and_time_budgets_keep_incomplete_and_unattempted_queries) ... ok
2026-10-03T14:24:16.1989777Z test_sigterm_settles_failed_dispatch_but_sigkill_leaves_unknown_outcome (test_openjev_trec.OpenJevTrecTest.test_sigterm_settles_failed_dispatch_but_sigkill_leaves_unknown_outcome) ... ok
2026-10-03T14:24:16.4040871Z test_changed_identity_raw_body_ranking_or_adaptive_window_is_rejected (test_openjev_trec_summary.OpenJevTrecSummaryTest.test_changed_identity_raw_body_ranking_or_adaptive_window_is_rejected) ... ok
2026-10-03T14:24:16.5289555Z test_changed_qrels_or_manifest_are_rejected (test_openjev_trec_summary.OpenJevTrecSummaryTest.test_changed_qrels_or_manifest_are_rejected) ... ok
2026-10-03T14:24:16.6576946Z test_dangling_dispatch_and_extra_journal_tail_cannot_be_scored (test_openjev_trec_summary.OpenJevTrecSummaryTest.test_dangling_dispatch_and_extra_journal_tail_cannot_be_scored) ... ok
2026-10-03T14:24:16.8026711Z test_failed_first_query_has_no_fallback_and_next_complete_still_full_denominator (test_openjev_trec_summary.OpenJevTrecSummaryTest.test_failed_first_query_has_no_fallback_and_next_complete_still_full_denominator) ... ok
2026-10-03T14:24:24.9874628Z test_full_run_replays_expected_scores_and_full_qrels_without_network (test_openjev_trec_summary.OpenJevTrecSummaryTest.test_full_run_replays_expected_scores_and_full_qrels_without_network) ... ok
2026-10-03T14:24:25.1963370Z test_mandatory_fatal_cannot_be_relabelled_to_continue_more_queries (test_openjev_trec_summary.OpenJevTrecSummaryTest.test_mandatory_fatal_cannot_be_relabelled_to_continue_more_queries) ... ok
2026-10-03T14:24:25.2999372Z test_matching_raw_and_parsed_cache_change_still_fails_identity (test_openjev_trec_summary.OpenJevTrecSummaryTest.test_matching_raw_and_parsed_cache_change_still_fails_identity) ... ok
2026-10-03T14:24:25.4443677Z test_partial_keeps_full43_54_denominators_and_pending_zero (test_openjev_trec_summary.OpenJevTrecSummaryTest.test_partial_keeps_full43_54_denominators_and_pending_zero) ... ok
2026-10-03T14:24:25.5453192Z test_pending_query_cannot_precede_processed_queries (test_openjev_trec_summary.OpenJevTrecSummaryTest.test_pending_query_cannot_precede_processed_queries) ... ok
2026-10-03T14:24:25.6664963Z test_raw_boolean_and_probability_order_cannot_hide_behind_python_equality (test_openjev_trec_summary.OpenJevTrecSummaryTest.test_raw_boolean_and_probability_order_cannot_hide_behind_python_equality) ... ok
2026-10-03T14:24:25.7699264Z test_reordered_payload_is_rejected_even_when_sorted_digest_unchanged (test_openjev_trec_summary.OpenJevTrecSummaryTest.test_reordered_payload_is_rejected_even_when_sorted_digest_unchanged) ... ok
2026-10-03T14:24:25.7718606Z test_all_painting_modes_pass_bounded_server_predictor (test_painting.PaintingTest.test_all_painting_modes_pass_bounded_server_predictor) ... ok
2026-10-03T14:24:25.7767799Z test_bad_model_outputs_are_rejected (test_painting.PaintingTest.test_bad_model_outputs_are_rejected) ... ok
2026-10-03T14:24:25.7796272Z test_coordinates_survive_id_removal_and_batching (test_painting.PaintingTest.test_coordinates_survive_id_removal_and_batching) ... ok
2026-10-03T14:24:26.6214389Z test_data_have_valid_targets_and_scene_splits (test_painting.PaintingTest.test_data_have_valid_targets_and_scene_splits) ... ok
2026-10-03T14:24:26.6216129Z test_invalid_limits_fail_before_allocation (test_painting.PaintingTest.test_invalid_limits_fail_before_allocation) ... ok
2026-10-03T14:24:26.6258238Z test_probabilities_are_rendered_as_a_mean_not_argmax (test_painting.PaintingTest.test_probabilities_are_rendered_as_a_mean_not_argmax) ... ok
2026-10-03T14:24:26.9119478Z test_procedural_targets_reconstruct_exact_images_in_all_modes (test_painting.PaintingTest.test_procedural_targets_reconstruct_exact_images_in_all_modes) ... ok
2026-10-03T14:24:27.1501805Z test_ui_keeps_one_endpoint_per_run (test_painting.PaintingTest.test_ui_keeps_one_endpoint_per_run) ... ok
2026-10-03T14:24:27.1564688Z test_all_failures_and_soft_targets_have_defined_full_denominators (test_parallel_data_eval.ParallelDataEvalTests.test_all_failures_and_soft_targets_have_defined_full_denominators) ... ok
2026-10-03T14:24:27.1633994Z test_calibration_id_membership_and_checkpoint_content_are_bound (test_parallel_data_eval.ParallelDataEvalTests.test_calibration_id_membership_and_checkpoint_content_are_bound) ... ok
2026-10-03T14:24:27.1699304Z test_checkpoint_requires_final_completion_and_correct_model (test_parallel_data_eval.ParallelDataEvalTests.test_checkpoint_requires_final_completion_and_correct_model) ... ok
2026-10-03T14:24:27.1978266Z test_controller_runs_four_shards_then_next_model (test_parallel_data_eval.ParallelDataEvalTests.test_controller_runs_four_shards_then_next_model) ... ok
2026-10-03T14:24:27.2114887Z test_controller_worker_crash_stops_only_owned_children_and_fails (test_parallel_data_eval.ParallelDataEvalTests.test_controller_worker_crash_stops_only_owned_children_and_fails) ... ok
2026-10-03T14:24:27.2175932Z test_dataset_pin_catches_wrong_manifest_and_changed_bytes (test_parallel_data_eval.ParallelDataEvalTests.test_dataset_pin_catches_wrong_manifest_and_changed_bytes) ... ok
2026-10-03T14:24:27.2280365Z test_error_rows_remain_in_total_and_confidence_coverage (test_parallel_data_eval.ParallelDataEvalTests.test_error_rows_remain_in_total_and_confidence_coverage) ... ok
2026-10-03T14:24:27.2973791Z test_expansion_40281_rows_use_global_order_without_padding_or_drop (test_parallel_data_eval.ParallelDataEvalTests.test_expansion_40281_rows_use_global_order_without_padding_or_drop) ... ok
2026-10-03T14:24:27.8060798Z test_expansion_checkpoint_requires_ddp_full_pass_and_saved_calibration (test_parallel_data_eval.ParallelDataEvalTests.test_expansion_checkpoint_requires_ddp_full_pass_and_saved_calibration) ... ok
2026-10-03T14:24:28.2133602Z test_expansion_controller_runs_only_four_27b_workers (test_parallel_data_eval.ParallelDataEvalTests.test_expansion_controller_runs_only_four_27b_workers) ... ok
2026-10-03T14:24:28.2235673Z test_expansion_manifest_and_each_split_are_fixed (test_parallel_data_eval.ParallelDataEvalTests.test_expansion_manifest_and_each_split_are_fixed) ... ok
2026-10-03T14:24:28.5630170Z test_expansion_merge_binds_profile_data_assignment_and_failure_denominator (test_parallel_data_eval.ParallelDataEvalTests.test_expansion_merge_binds_profile_data_assignment_and_failure_denominator) ... ok
2026-10-03T14:24:28.5691398Z test_invalid_scorer_output_is_an_explicit_failure (test_parallel_data_eval.ParallelDataEvalTests.test_invalid_scorer_output_is_an_explicit_failure) ... ok
2026-10-03T14:24:28.6092702Z test_missing_duplicate_wrong_split_checkpoint_and_temperature_fail (test_parallel_data_eval.ParallelDataEvalTests.test_missing_duplicate_wrong_split_checkpoint_and_temperature_fail) ... ok
2026-10-03T14:24:28.6277935Z test_missing_worker_report_or_wrong_plan_and_counts_fail (test_parallel_data_eval.ParallelDataEvalTests.test_missing_worker_report_or_wrong_plan_and_counts_fail) ... ok
2026-10-03T14:24:28.6335618Z test_model_profile_defaults_and_cross_profile_rejection (test_parallel_data_eval.ParallelDataEvalTests.test_model_profile_defaults_and_cross_profile_rejection) ... ok
2026-10-03T14:24:28.6399664Z test_only_target_four_gpus_must_be_idle_and_complete (test_parallel_data_eval.ParallelDataEvalTests.test_only_target_four_gpus_must_be_idle_and_complete) ... ok
2026-10-03T14:24:28.6463046Z test_phase_policy_and_fixed_host_required_before_launch (test_parallel_data_eval.ParallelDataEvalTests.test_phase_policy_and_fixed_host_required_before_launch) ... ok
2026-10-03T14:24:28.6569216Z test_saved_temperature_and_source_group_summaries (test_parallel_data_eval.ParallelDataEvalTests.test_saved_temperature_and_source_group_summaries) ... ok
2026-10-03T14:24:28.6626809Z test_shards_cover_every_id_once_in_stable_order (test_parallel_data_eval.ParallelDataEvalTests.test_shards_cover_every_id_once_in_stable_order) ... ok
2026-10-03T14:24:28.6690635Z test_shared_lease_prevents_concurrent_eval_or_training (test_parallel_data_eval.ParallelDataEvalTests.test_shared_lease_prevents_concurrent_eval_or_training) ... ok
2026-10-03T14:24:28.6767215Z test_short_run_or_failed_reload_cannot_masquerade_as_fullpass (test_parallel_data_eval.ParallelDataEvalTests.test_short_run_or_failed_reload_cannot_masquerade_as_fullpass) ... ok
2026-10-03T14:24:28.6939285Z test_sigterm_and_sigint_interruptions_reap_all_owned_workers (test_parallel_data_eval.ParallelDataEvalTests.test_sigterm_and_sigint_interruptions_reap_all_owned_workers) ... ok
2026-10-03T14:24:28.7020810Z test_temperature_must_be_saved_calibration_not_test_or_bad_value (test_parallel_data_eval.ParallelDataEvalTests.test_temperature_must_be_saved_calibration_not_test_or_bad_value) ... ok
2026-10-03T14:24:28.7023807Z test_all_candidates_and_document_variants_keep_family_split (test_phone_extraction_control.PhoneDatasetTest.test_all_candidates_and_document_variants_keep_family_split) ... skipped 'requires the optional .[phone] extra'
2026-10-03T14:24:28.7026759Z test_manifest_binds_source_and_artifacts_and_refuses_overwrite (test_phone_extraction_control.PhoneDatasetTest.test_manifest_binds_source_and_artifacts_and_refuses_overwrite) ... skipped 'requires the optional .[phone] extra'
2026-10-03T14:24:28.7038144Z test_ambiguous_and_unsupported_declarations_require_review (test_phone_extraction_control.PhoneRuntimeTest.test_ambiguous_and_unsupported_declarations_require_review) ... ok
2026-10-03T14:24:28.7052768Z test_candidate_limit_is_explicit_and_zero_candidates_are_valid_api (test_phone_extraction_control.PhoneRuntimeTest.test_candidate_limit_is_explicit_and_zero_candidates_are_valid_api) ... ok
2026-10-03T14:24:28.7057255Z test_candidates_cannot_be_invented_or_shifted (test_phone_extraction_control.PhoneRuntimeTest.test_candidates_cannot_be_invented_or_shifted) ... ok
2026-10-03T14:24:28.7059796Z test_exact_e164_for_national_and_international_reserved_styles (test_phone_extraction_control.PhoneRuntimeTest.test_exact_e164_for_national_and_international_reserved_styles) ... skipped 'requires the optional .[phone] extra'
2026-10-03T14:24:28.7062952Z test_implicit_trunk_or_idd_digit_repair_is_rejected (test_phone_extraction_control.PhoneRuntimeTest.test_implicit_trunk_or_idd_digit_repair_is_rejected) ... skipped 'requires the optional .[phone] extra'
2026-10-03T14:24:28.7066064Z test_locally_possible_numbers_without_area_code_have_no_e164 (test_phone_extraction_control.PhoneRuntimeTest.test_locally_possible_numbers_without_area_code_have_no_e164) ... skipped 'requires the optional .[phone] extra'
2026-10-03T14:24:28.7069058Z test_message_layout_preserves_public_role_and_region_semantics (test_phone_extraction_control.PhoneRuntimeTest.test_message_layout_preserves_public_role_and_region_semantics) ... skipped 'requires the optional .[phone] extra'
2026-10-03T14:24:28.7092127Z test_missing_country_never_defaults_even_with_international_code (test_phone_extraction_control.PhoneRuntimeTest.test_missing_country_never_defaults_even_with_international_code) ... ok
2026-10-03T14:24:28.7094506Z test_missing_optional_library_has_explicit_install_hint (test_phone_extraction_control.PhoneRuntimeTest.test_missing_optional_library_has_explicit_install_hint) ... ok
2026-10-03T14:24:28.7096863Z test_optional_library_version_is_exact (test_phone_extraction_control.PhoneRuntimeTest.test_optional_library_version_is_exact) ... skipped 'requires the optional .[phone] extra'
2026-10-03T14:24:28.7099235Z test_outside_field_candidates_are_retained_but_reviewed (test_phone_extraction_control.PhoneRuntimeTest.test_outside_field_candidates_are_retained_but_reviewed) ... ok
2026-10-03T14:24:28.7108219Z test_partial_extensions_and_parentheses_cannot_be_rescued (test_phone_extraction_control.PhoneRuntimeTest.test_partial_extensions_and_parentheses_cannot_be_rescued) ... ok
2026-10-03T14:24:28.7112964Z test_policy_tampering_and_unknown_role_are_rejected (test_phone_extraction_control.PhoneRuntimeTest.test_policy_tampering_and_unknown_role_are_rejected) ... ok
2026-10-03T14:24:28.7115399Z test_possible_valid_and_routable_are_not_equated (test_phone_extraction_control.PhoneRuntimeTest.test_possible_valid_and_routable_are_not_equated) ... skipped 'requires the optional .[phone] extra'
2026-10-03T14:24:28.7122437Z test_presence_absence_ambiguity_and_miss_are_separate (test_phone_extraction_control.PhoneRuntimeTest.test_presence_absence_ambiguity_and_miss_are_separate) ... ok
2026-10-03T14:24:28.7127187Z test_query_blind_candidates_and_character_offsets (test_phone_extraction_control.PhoneRuntimeTest.test_query_blind_candidates_and_character_offsets) ... ok
2026-10-03T14:24:28.7129851Z test_repeated_phone_uses_offsets_and_wrong_selection_is_not_repaired (test_phone_extraction_control.PhoneRuntimeTest.test_repeated_phone_uses_offsets_and_wrong_selection_is_not_repaired) ... skipped 'requires the optional .[phone] extra'
2026-10-03T14:24:28.7135786Z test_request_builders_do_not_require_library (test_phone_extraction_control.PhoneRuntimeTest.test_request_builders_do_not_require_library) ... ok
2026-10-03T14:24:28.7138354Z test_shared_calling_codes_do_not_override_explicit_region_conflicts (test_phone_extraction_control.PhoneRuntimeTest.test_shared_calling_codes_do_not_override_explicit_region_conflicts) ... skipped 'requires the optional .[phone] extra'
2026-10-03T14:24:28.7147267Z test_unicode_vanity_and_malformed_format_do_not_reach_library (test_phone_extraction_control.PhoneRuntimeTest.test_unicode_vanity_and_malformed_format_do_not_reach_library) ... ok
2026-10-03T14:24:28.7767998Z test_all_384_targets_independent_replay_and_group_isolation (test_policy_controls_v6.PolicyControlsV6Test.test_all_384_targets_independent_replay_and_group_isolation) ... ok
2026-10-03T14:24:28.9313077Z test_corrupted_target_incomplete_group_and_frozen_output (test_policy_controls_v6.PolicyControlsV6Test.test_corrupted_target_incomplete_group_and_frozen_output) ... ok
2026-10-03T14:24:28.9333445Z test_latest_signature_scope_revocation_and_one_cent (test_policy_controls_v6.PolicyControlsV6Test.test_latest_signature_scope_revocation_and_one_cent) ... ok
2026-10-03T14:24:28.9340393Z test_refund_priority_exhaustive_48_boundary_cases (test_policy_controls_v6.PolicyControlsV6Test.test_refund_priority_exhaustive_48_boundary_cases) ... ok
2026-10-03T14:24:28.9481305Z test_untrusted_text_invariance_and_signed_policy_withdrawal (test_policy_controls_v6.PolicyControlsV6Test.test_untrusted_text_invariance_and_signed_policy_withdrawal) ... ok
2026-10-03T14:24:28.9572017Z test_audit_gate_requires_complete_matching_unchanged_capture (test_posttraining_evaluation.PosttrainingTests.test_audit_gate_requires_complete_matching_unchanged_capture) ... ok
2026-10-03T14:24:28.9575840Z test_busy_lease_does_not_even_query_cards (test_posttraining_evaluation.PosttrainingTests.test_busy_lease_does_not_even_query_cards) ... ok
2026-10-03T14:24:28.9578563Z test_changed_gpu_uuid_aborts (test_posttraining_evaluation.PosttrainingTests.test_changed_gpu_uuid_aborts) ... ok
2026-10-03T14:24:28.9642038Z test_failed_audit_and_wrong_checkpoint_never_open_gate (test_posttraining_evaluation.PosttrainingTests.test_failed_audit_and_wrong_checkpoint_never_open_gate) ... ok
2026-10-03T14:24:28.9652790Z test_failed_or_incomplete_final_training_never_becomes_ready (test_posttraining_evaluation.PosttrainingTests.test_failed_or_incomplete_final_training_never_becomes_ready) ... ok
2026-10-03T14:24:28.9657179Z test_finished_status_does_not_override_live_rank (test_posttraining_evaluation.PosttrainingTests.test_finished_status_does_not_override_live_rank) ... ok
2026-10-03T14:24:28.9660815Z test_foreign_gpu_process_blocks_allocation (test_posttraining_evaluation.PosttrainingTests.test_foreign_gpu_process_blocks_allocation) ... ok
2026-10-03T14:24:28.9741125Z test_full_sequence_uses_audit_barrier_and_preserves_pending (test_posttraining_evaluation.PosttrainingTests.test_full_sequence_uses_audit_barrier_and_preserves_pending) ... ok
2026-10-03T14:24:28.9745053Z test_missing_audit_waits_without_any_measurement (test_posttraining_evaluation.PosttrainingTests.test_missing_audit_waits_without_any_measurement) ... ok
2026-10-03T14:24:28.9753623Z test_nonzero_child_exit_stops_sequence (test_posttraining_evaluation.PosttrainingTests.test_nonzero_child_exit_stops_sequence) ... ok
2026-10-03T14:24:28.9764393Z test_owned_child_is_reaped_if_status_write_fails (test_posttraining_evaluation.PosttrainingTests.test_owned_child_is_reaped_if_status_write_fails) ... ok
2026-10-03T14:24:28.9773698Z test_plan_rejects_retired_supervisor_wrong_cards_and_noop_command (test_posttraining_evaluation.PosttrainingTests.test_plan_rejects_retired_supervisor_wrong_cards_and_noop_command) ... ok
2026-10-03T14:24:28.9783634Z test_prepare_only_does_not_query_processes_gpus_or_launch (test_posttraining_evaluation.PosttrainingTests.test_prepare_only_does_not_query_processes_gpus_or_launch) ... ok
2026-10-03T14:24:28.9787502Z test_real_lease_contention_is_not_bypassed (test_posttraining_evaluation.PosttrainingTests.test_real_lease_contention_is_not_bypassed) ... ok
2026-10-03T14:24:28.9793342Z test_reused_pid_aborts_without_signals (test_posttraining_evaluation.PosttrainingTests.test_reused_pid_aborts_without_signals) ... ok
2026-10-03T14:24:28.9805983Z test_service_requires_fixed_settings_every_measurement_and_cleanup (test_posttraining_evaluation.PosttrainingTests.test_service_requires_fixed_settings_every_measurement_and_cleanup) ... ok
2026-10-03T14:24:28.9811179Z test_successful_training_uses_actual_identity_not_stale_metadata_pid (test_posttraining_evaluation.PosttrainingTests.test_successful_training_uses_actual_identity_not_stale_metadata_pid) ... ok
2026-10-03T14:24:28.9817339Z test_zero_exit_does_not_replace_matching_expansion_artifacts (test_posttraining_evaluation.PosttrainingTests.test_zero_exit_does_not_replace_matching_expansion_artifacts) ... ok
2026-10-03T14:24:28.9820090Z test_bfloat16_cache_keeps_kernel_recurrent_state_in_float32 (test_prefix_cache.PrefixCacheTest.test_bfloat16_cache_keeps_kernel_recurrent_state_in_float32) ... skipped 'requires optional torch/transformers/peft train runtime'
2026-10-03T14:24:28.9823405Z test_candidate_and_question_permutations_remain_equivariant (test_prefix_cache.PrefixCacheTest.test_candidate_and_question_permutations_remain_equivariant) ... skipped 'requires optional torch/transformers/peft train runtime'
2026-10-03T14:24:28.9826856Z test_checkpoint_benchmark_runner_uses_real_cpu_paths_and_checks_parity (test_prefix_cache.PrefixCacheTest.test_checkpoint_benchmark_runner_uses_real_cpu_paths_and_checks_parity) ... skipped 'requires optional torch/transformers/peft train runtime'
2026-10-03T14:24:28.9829919Z test_fixture_detects_losing_each_kind_of_cache_state (test_prefix_cache.PrefixCacheTest.test_fixture_detects_losing_each_kind_of_cache_state) ... skipped 'requires optional torch/transformers/peft train runtime'
2026-10-03T14:24:28.9833101Z test_fork_isolates_every_cache_tensor_and_batched_continuations (test_prefix_cache.PrefixCacheTest.test_fork_isolates_every_cache_tensor_and_batched_continuations) ... skipped 'requires optional torch/transformers/peft train runtime'
2026-10-03T14:24:28.9836025Z test_lora_wrapper_is_active_on_cached_path (test_prefix_cache.PrefixCacheTest.test_lora_wrapper_is_active_on_cached_path) ... skipped 'requires optional torch/transformers/peft train runtime'
2026-10-03T14:24:28.9838811Z test_overlength_and_training_rejected_before_any_cached_forward (test_prefix_cache.PrefixCacheTest.test_overlength_and_training_rejected_before_any_cached_forward) ... skipped 'requires optional torch/transformers/peft train runtime'
2026-10-03T14:24:28.9842137Z test_predictor_choice_noul_score_probabilities_and_usage_match (test_prefix_cache.PrefixCacheTest.test_predictor_choice_noul_score_probabilities_and_usage_match) ... skipped 'requires optional torch/transformers/peft train runtime'
2026-10-03T14:24:28.9845198Z test_real_hybrid_logits_probabilities_and_observed_token_reuse (test_prefix_cache.PrefixCacheTest.test_real_hybrid_logits_probabilities_and_observed_token_reuse) ... skipped 'requires optional torch/transformers/peft train runtime'
2026-10-03T14:24:28.9848444Z test_requests_and_exception_paths_release_cache_and_preserve_inputs (test_prefix_cache.PrefixCacheTest.test_requests_and_exception_paths_release_cache_and_preserve_inputs) ... skipped 'requires optional torch/transformers/peft train runtime'
2026-10-03T14:24:28.9851984Z test_training_forward_is_uncached_and_adapter_head_gradients_survive (test_prefix_cache.PrefixCacheTest.test_training_forward_is_uncached_and_adapter_head_gradients_survive) ... skipped 'requires optional torch/transformers/peft train runtime'
2026-10-03T14:24:28.9855407Z test_zero_short_and_identical_prefixes_match_independent_scoring (test_prefix_cache.PrefixCacheTest.test_zero_short_and_identical_prefixes_match_independent_scoring) ... skipped 'requires optional torch/transformers/peft train runtime'
2026-10-03T14:24:28.9858235Z test_ragged_batches_match_uncached_scoring (test_prefix_cache_ragged.RaggedSuffixTest.test_ragged_batches_match_uncached_scoring) ... skipped 'requires torch, transformers and peft'
2026-10-03T14:24:28.9860076Z test_ragged_mode_uses_fewer_suffix_calls (test_prefix_cache_ragged.RaggedSuffixTest.test_ragged_mode_uses_fewer_suffix_calls) ... skipped 'requires torch, transformers and peft'
2026-10-03T14:24:28.9862455Z test_aliases_and_unordered_lists_cannot_launder_a_reserved_state (test_prepare_boundary_training_v7.BoundaryPreparationTest.test_aliases_and_unordered_lists_cannot_launder_a_reserved_state) ... ok
2026-10-03T14:24:28.9865326Z test_candidate_split_changed_after_independent_audit_is_rejected (test_prepare_boundary_training_v7.BoundaryPreparationTest.test_candidate_split_changed_after_independent_audit_is_rejected) ... ok
2026-10-03T14:24:28.9869413Z test_existing_output_and_uncommitted_source_fail_before_loading_data (test_prepare_boundary_training_v7.BoundaryPreparationTest.test_existing_output_and_uncommitted_source_fail_before_loading_data) ... ok
2026-10-03T14:24:28.9874094Z test_identifier_renaming_and_options_cannot_launder_old_test (test_prepare_boundary_training_v7.BoundaryPreparationTest.test_identifier_renaming_and_options_cannot_launder_old_test) ... ok
2026-10-03T14:24:28.9878462Z test_normalization_keeps_scope_relations_and_one_cent_facts (test_prepare_boundary_training_v7.BoundaryPreparationTest.test_normalization_keeps_scope_relations_and_one_cent_facts) ... ok
2026-10-03T14:24:28.9889006Z test_original_train_and_all_heldouts_are_reserved_against_new_copies (test_prepare_boundary_training_v7.BoundaryPreparationTest.test_original_train_and_all_heldouts_are_reserved_against_new_copies) ... ok
2026-10-03T14:24:28.9892471Z test_same_split_duplicate_or_identifier_alias_is_rejected (test_prepare_boundary_training_v7.BoundaryPreparationTest.test_same_split_duplicate_or_identifier_alias_is_rejected) ... ok
2026-10-03T14:24:28.9907095Z test_git_show_uses_captured_commit_when_head_changes (test_prepare_frontier_training_v8.CommittedSourceFixtures.test_git_show_uses_captured_commit_when_head_changes) ... ok
2026-10-03T14:24:28.9928807Z test_inherited_git_context_cannot_redirect_source_identity (test_prepare_frontier_training_v8.CommittedSourceFixtures.test_inherited_git_context_cannot_redirect_source_identity) ... ok
2026-10-03T14:24:28.9947864Z test_scope_checks_bound_files_only_and_rejects_dirty_source (test_prepare_frontier_training_v8.CommittedSourceFixtures.test_scope_checks_bound_files_only_and_rejects_dirty_source) ... ok
2026-10-03T14:24:28.9956100Z test_untracked_source_cannot_claim_head_provenance (test_prepare_frontier_training_v8.CommittedSourceFixtures.test_untracked_source_cannot_claim_head_provenance) ... ok
2026-10-03T14:24:28.9962915Z test_wrong_toplevel_stops_before_reading_commit_or_source (test_prepare_frontier_training_v8.CommittedSourceFixtures.test_wrong_toplevel_stops_before_reading_commit_or_source) ... ok
2026-10-03T14:24:29.4463894Z test_blocked_full_variant_never_reads_reserved_or_creates_output (test_prepare_frontier_training_v8.PackingFixtures.test_blocked_full_variant_never_reads_reserved_or_creates_output) ... ok
2026-10-03T14:24:30.1689305Z test_declared_derivative_preserves_raw_lines_order_metadata_and_reserved_bytes (test_prepare_frontier_training_v8.PackingFixtures.test_declared_derivative_preserves_raw_lines_order_metadata_and_reserved_bytes) ... ok
2026-10-03T14:24:31.1517265Z test_exclusion_cannot_duplicate_or_name_a_new_parent (test_prepare_frontier_training_v8.PackingFixtures.test_exclusion_cannot_duplicate_or_name_a_new_parent) ... ok
2026-10-03T14:24:31.1522332Z test_existing_output_fails_before_reading_inputs (test_prepare_frontier_training_v8.PackingFixtures.test_existing_output_fails_before_reading_inputs) ... ok
2026-10-03T14:24:31.9577588Z test_forged_manifest_and_wrong_new_reserved_hash_stop_before_output (test_prepare_frontier_training_v8.PackingFixtures.test_forged_manifest_and_wrong_new_reserved_hash_stop_before_output) ... ok
2026-10-03T14:24:31.9585864Z test_misassigned_split_duplicate_id_parent_and_visible_input_are_rejected (test_prepare_frontier_training_v8.PackingFixtures.test_misassigned_split_duplicate_id_parent_and_visible_input_are_rejected) ... ok
2026-10-03T14:24:32.5116155Z test_old_pass_receipt_cannot_authorize_different_parent_declaration (test_prepare_frontier_training_v8.PackingFixtures.test_old_pass_receipt_cannot_authorize_different_parent_declaration) ... ok
2026-10-03T14:24:33.0532989Z test_passed_derivative_receipt_cannot_silently_filter_full_inputs (test_prepare_frontier_training_v8.PackingFixtures.test_passed_derivative_receipt_cannot_silently_filter_full_inputs) ... ok
2026-10-03T14:24:33.3107164Z test_renamed_observed_row_cannot_replace_locked_train (test_prepare_frontier_training_v8.PackingFixtures.test_renamed_observed_row_cannot_replace_locked_train) ... ok
2026-10-03T14:24:33.3221253Z test_changed_bytes_and_wrong_split_are_rejected_before_output_creation (test_prepare_policy_training_v6.PolicyTrainingPreparationTests.test_changed_bytes_and_wrong_split_are_rejected_before_output_creation) ... ok
2026-10-03T14:24:33.3353354Z test_cross_source_train_to_test_group_leak_is_rejected (test_prepare_policy_training_v6.PolicyTrainingPreparationTests.test_cross_source_train_to_test_group_leak_is_rejected) ... ok
2026-10-03T14:24:33.3546268Z test_observed_regression_order_and_original_hashes_are_frozen (test_prepare_policy_training_v6.PolicyTrainingPreparationTests.test_observed_regression_order_and_original_hashes_are_frozen) ... ok
2026-10-03T14:24:33.3679320Z test_observed_selection_hash_mismatch_and_overwrite_are_rejected (test_prepare_policy_training_v6.PolicyTrainingPreparationTests.test_observed_selection_hash_mismatch_and_overwrite_are_rejected) ... ok
2026-10-03T14:24:33.3872958Z test_only_train_is_mixed_and_existing_loader_consumes_one_full_pass (test_prepare_policy_training_v6.PolicyTrainingPreparationTests.test_only_train_is_mixed_and_existing_loader_consumes_one_full_pass) ... ok
2026-10-03T14:24:33.3974784Z test_rewritten_v6_rows_and_manifest_cannot_change_public_frozen_candidate (test_prepare_policy_training_v6.PolicyTrainingPreparationTests.test_rewritten_v6_rows_and_manifest_cannot_change_public_frozen_candidate) ... ok
2026-10-03T14:24:33.3977106Z test_missing_error_soft_targets_and_probability_rounding_are_separate (test_provider_quality.QualityTest.test_missing_error_soft_targets_and_probability_rounding_are_separate) ... ok
2026-10-03T14:24:33.3982311Z test_gold_and_metadata_excluded_and_all_forms_roundtrip (test_provider_suite.ProviderSuiteTest.test_gold_and_metadata_excluded_and_all_forms_roundtrip) ... ok
2026-10-03T14:24:33.3988107Z test_file_split_mismatch_fails_before_writing (test_public_data.MixDataTests.test_file_split_mismatch_fails_before_writing) ... ok
2026-10-03T14:24:33.4183617Z test_mixed_counts_and_metadata_validate (test_public_data.MixDataTests.test_mixed_counts_and_metadata_validate) ... ok
2026-10-03T14:24:33.4188797Z test_identical_inputs_with_conflicting_labels_fail (test_public_data.PublicDataTests.test_identical_inputs_with_conflicting_labels_fail) ... ok
2026-10-03T14:24:33.4205900Z test_passage_group_isolation_and_import_provenance (test_public_data.PublicDataTests.test_passage_group_isolation_and_import_provenance) ... ok
2026-10-03T14:24:33.4223462Z test_all_public_examples_compile_without_generation (test_recipes.RecipesTest.test_all_public_examples_compile_without_generation) ... ok
2026-10-03T14:24:33.4225116Z test_date_reference_rollover_and_invalid_dates (test_recipes.RecipesTest.test_date_reference_rollover_and_invalid_dates) ... ok
2026-10-03T14:24:33.4226834Z test_extraction_is_verbatim_and_missing_value_stays_missing (test_recipes.RecipesTest.test_extraction_is_verbatim_and_missing_value_stays_missing) ... ok
2026-10-03T14:24:33.4228724Z test_markdown_preserves_code_with_fences (test_recipes.RecipesTest.test_markdown_preserves_code_with_fences) ... ok
2026-10-03T14:24:33.4230210Z test_multiline_quote_and_list_retain_structure (test_recipes.RecipesTest.test_multiline_quote_and_list_retain_structure) ... ok
2026-10-03T14:24:33.4232071Z test_speculative_tool_args_are_not_executed_or_mixed (test_recipes.RecipesTest.test_speculative_tool_args_are_not_executed_or_mixed) ... ok
2026-10-03T14:24:33.4233066Z test_tool_key_collisions_and_reserved_candidates_rejected (test_recipes.RecipesTest.test_tool_key_collisions_and_reserved_candidates_rejected) ... ok
2026-10-03T14:24:33.4243745Z test_calibration_fit_matches_analytic_binary_maximum_likelihood (test_replay_boundary_comparison_v7.IndependentArithmeticAndAlignmentTests.test_calibration_fit_matches_analytic_binary_maximum_likelihood) ... ok
2026-10-03T14:24:33.4252556Z test_empty_partial_duplicate_failed_hash_order_target_and_logit_tampering (test_replay_boundary_comparison_v7.IndependentArithmeticAndAlignmentTests.test_empty_partial_duplicate_failed_hash_order_target_and_logit_tampering) ... ok
2026-10-03T14:24:33.4255234Z test_inclusive_thresholds_and_adjacent_floats (test_replay_boundary_comparison_v7.IndependentArithmeticAndAlignmentTests.test_inclusive_thresholds_and_adjacent_floats) ... ok
2026-10-03T14:24:33.4257798Z test_invalid_probability_inputs_and_structured_evidence_comparison (test_replay_boundary_comparison_v7.IndependentArithmeticAndAlignmentTests.test_invalid_probability_inputs_and_structured_evidence_comparison) ... ok
2026-10-03T14:24:33.4260707Z test_metrics_have_hand_computed_nll_brier_ece_and_abstention_denominators (test_replay_boundary_comparison_v7.IndependentArithmeticAndAlignmentTests.test_metrics_have_hand_computed_nll_brier_ece_and_abstention_denominators) ... ok
2026-10-03T14:24:33.4263854Z test_wrong_accepted_predicates_at_both_thresholds_are_not_execution (test_replay_boundary_comparison_v7.IndependentArithmeticAndAlignmentTests.test_wrong_accepted_predicates_at_both_thresholds_are_not_execution) ... ok
2026-10-03T14:24:33.4266644Z test_bare_prefixed_case_variants_match_without_changing_raw_evidence (test_replay_boundary_comparison_v7.IndependentGpuRuntimeTests.test_bare_prefixed_case_variants_match_without_changing_raw_evidence) ... ok
2026-10-03T14:24:33.4269173Z test_full_uuid_accepts_only_optional_exact_prefix_and_hex_case (test_replay_boundary_comparison_v7.IndependentGpuRuntimeTests.test_full_uuid_accepts_only_optional_exact_prefix_and_hex_case) ... ok
2026-10-03T14:24:33.4271042Z test_malformed_mig_ordinals_lists_and_nonstrings_are_rejected (test_replay_boundary_comparison_v7.IndependentGpuRuntimeTests.test_malformed_mig_ordinals_lists_and_nonstrings_are_rejected) ... ok
2026-10-03T14:24:33.4277245Z test_other_runtime_fields_are_exact_including_tiny_changes_and_types (test_replay_boundary_comparison_v7.IndependentGpuRuntimeTests.test_other_runtime_fields_are_exact_including_tiny_changes_and_types) ... ok
2026-10-03T14:24:33.4280591Z test_real_different_device_and_invalid_recorded_identifiers_are_rejected (test_replay_boundary_comparison_v7.IndependentGpuRuntimeTests.test_real_different_device_and_invalid_recorded_identifiers_are_rejected) ... ok
2026-10-03T14:24:33.4283823Z test_visible_devices_stays_exact_original_receipt (test_replay_boundary_comparison_v7.IndependentGpuRuntimeTests.test_visible_devices_stays_exact_original_receipt) ... ok
2026-10-03T14:24:33.4287227Z test_absolute_interval_endpoints_exception_and_gregorian_centuries (test_replay_boundary_comparison_v7.IndependentOutcomeTests.test_absolute_interval_endpoints_exception_and_gregorian_centuries) ... ok
2026-10-03T14:24:33.4297239Z test_dangerous_choice_uses_actual_state_without_a_confidence_cutoff (test_replay_boundary_comparison_v7.IndependentOutcomeTests.test_dangerous_choice_uses_actual_state_without_a_confidence_cutoff) ... ok
2026-10-03T14:24:33.4299813Z test_integer_ledgers_negative_formatting_and_cancellation (test_replay_boundary_comparison_v7.IndependentOutcomeTests.test_integer_ledgers_negative_formatting_and_cancellation) ... ok
2026-10-03T14:24:33.4302345Z test_joint_exact_scope_missing_role_and_revoke_precedence (test_replay_boundary_comparison_v7.IndependentOutcomeTests.test_joint_exact_scope_missing_role_and_revoke_precedence) ... ok
2026-10-03T14:24:33.4304777Z test_joint_regrant_capacity_equality_lowering_and_legacy_outer_scope (test_replay_boundary_comparison_v7.IndependentOutcomeTests.test_joint_regrant_capacity_equality_lowering_and_legacy_outer_scope) ... ok
2026-10-03T14:24:33.4307212Z test_policy_authority_withdrawal_fraud_and_limit_priority (test_replay_boundary_comparison_v7.IndependentOutcomeTests.test_policy_authority_withdrawal_fraud_and_limit_priority) ... ok
2026-10-03T14:24:33.4309702Z test_structural_role_labels_separate_missing_scope_from_other_role_noise (test_replay_boundary_comparison_v7.IndependentOutcomeTests.test_structural_role_labels_separate_missing_scope_from_other_role_noise) ... ok
2026-10-03T14:24:33.4324374Z test_five_serving_files_have_exact_profile_and_positive_temperature (test_replay_boundary_comparison_v7.IndependentPackageProofTests.test_five_serving_files_have_exact_profile_and_positive_temperature) ... ok
2026-10-03T14:24:33.4334818Z test_missing_fourth_new_source_replay_is_rejected_before_git (test_replay_boundary_comparison_v7.IndependentPackageProofTests.test_missing_fourth_new_source_replay_is_rejected_before_git) ... ok
2026-10-03T14:24:33.4395909Z test_optional_peft_readme_preserves_serving_identity_but_changes_full_proof (test_replay_boundary_comparison_v7.IndependentPackageProofTests.test_optional_peft_readme_preserves_serving_identity_but_changes_full_proof) ... ok
2026-10-03T14:24:33.4415858Z test_optional_readme_cannot_replace_missing_serving_or_allow_an_extra_file (test_replay_boundary_comparison_v7.IndependentPackageProofTests.test_optional_readme_cannot_replace_missing_serving_or_allow_an_extra_file) ... ok
2026-10-03T14:24:33.4510623Z test_profile_and_temperature_tampering_are_rejected (test_replay_boundary_comparison_v7.IndependentPackageProofTests.test_profile_and_temperature_tampering_are_rejected) ... ok
2026-10-03T14:24:33.4600312Z test_complete_offline_provenance_replays_without_live_processes_or_rewriting_origin (test_replay_boundary_comparison_v7.IndependentSupplementProvenanceTests.test_complete_offline_provenance_replays_without_live_processes_or_rewriting_origin) ... ok
2026-10-03T14:24:33.4694655Z test_consumed_s1_identity_cannot_be_reused_for_new_supplement (test_replay_boundary_comparison_v7.IndependentSupplementProvenanceTests.test_consumed_s1_identity_cannot_be_reused_for_new_supplement) ... ok
2026-10-03T14:24:33.4994785Z test_declaration_source_plan_checkpoint_device_and_hash_tampering_are_rejected (test_replay_boundary_comparison_v7.IndependentSupplementProvenanceTests.test_declaration_source_plan_checkpoint_device_and_hash_tampering_are_rejected) ... ok
2026-10-03T14:24:33.5209569Z test_failed_origin_code_inventory_or_added_prediction_cannot_be_replaced (test_replay_boundary_comparison_v7.IndependentSupplementProvenanceTests.test_failed_origin_code_inventory_or_added_prediction_cannot_be_replaced) ... ok
2026-10-03T14:24:33.5395378Z test_final_launch_verification_seals_both_query_time_boundaries_and_timezone (test_replay_boundary_comparison_v7.IndependentSupplementProvenanceTests.test_final_launch_verification_seals_both_query_time_boundaries_and_timezone) ... ok
2026-10-03T14:24:33.5496602Z test_foreign_source_checkout_cannot_replace_exact_nested_evaluation_source (test_replay_boundary_comparison_v7.IndependentSupplementProvenanceTests.test_foreign_source_checkout_cannot_replace_exact_nested_evaluation_source) ... ok
2026-10-03T14:24:33.6406989Z test_metadata_types_guard_aliases_and_timezone_are_strict_without_live_checks (test_replay_boundary_comparison_v7.IndependentSupplementProvenanceTests.test_metadata_types_guard_aliases_and_timezone_are_strict_without_live_checks) ... ok
2026-10-03T14:24:33.6695833Z test_missing_naive_invalid_future_or_query_expired_final_verification_is_rejected (test_replay_boundary_comparison_v7.IndependentSupplementProvenanceTests.test_missing_naive_invalid_future_or_query_expired_final_verification_is_rejected) ... ok
2026-10-03T14:24:33.6748546Z test_nested_source_symlink_cannot_escape_to_foreign_checkout (test_replay_boundary_comparison_v7.IndependentSupplementProvenanceTests.test_nested_source_symlink_cannot_escape_to_foreign_checkout) ... ok
2026-10-03T14:24:33.7870730Z test_nested_task_still_rejects_both_directions_of_preserved_evidence_overlap (test_replay_boundary_comparison_v7.IndependentSupplementProvenanceTests.test_nested_task_still_rejects_both_directions_of_preserved_evidence_overlap) ... ok
2026-10-03T14:24:33.8606795Z test_new_attempt_plan_resource_and_preflight_cannot_be_bypassed (test_replay_boundary_comparison_v7.IndependentSupplementProvenanceTests.test_new_attempt_plan_resource_and_preflight_cannot_be_bypassed) ... ok
2026-10-03T14:24:33.8652196Z test_optional_cli_and_locked_provenance_cannot_bypass_ordinary_binding (test_replay_boundary_comparison_v7.IndependentSupplementProvenanceTests.test_optional_cli_and_locked_provenance_cannot_bypass_ordinary_binding) ... ok
2026-10-03T14:24:33.8889083Z test_original_receipt_request_bytes_and_output_tampering_are_rejected (test_replay_boundary_comparison_v7.IndependentSupplementProvenanceTests.test_original_receipt_request_bytes_and_output_tampering_are_rejected) ... ok
2026-10-03T14:24:33.9272731Z test_original_restoration_requires_full_true_checks_and_all_owned_exits (test_replay_boundary_comparison_v7.IndependentSupplementProvenanceTests.test_original_restoration_requires_full_true_checks_and_all_owned_exits) ... ok
2026-10-03T14:24:33.9613275Z test_resource_lock_raw_hash_completion_and_committed_declaration_are_required (test_replay_boundary_comparison_v7.IndependentSupplementProvenanceTests.test_resource_lock_raw_hash_completion_and_committed_declaration_are_required) ... ok
2026-10-03T14:24:34.0465625Z test_reviewed_controller_command_cwd_and_persisted_launch_freshness (test_replay_boundary_comparison_v7.IndependentSupplementProvenanceTests.test_reviewed_controller_command_cwd_and_persisted_launch_freshness) ... ok
2026-10-03T14:24:34.1738048Z test_all_eight_portable_slices_and_actual_observed_denominators (test_replay_boundary_comparison_v7.IndependentWholeComparisonTests.test_all_eight_portable_slices_and_actual_observed_denominators) ... ok
2026-10-03T14:24:34.3045173Z test_family_coverage_31_vs_32_all_abstain_and_single_accepted_error (test_replay_boundary_comparison_v7.IndependentWholeComparisonTests.test_family_coverage_31_vs_32_all_abstain_and_single_accepted_error) ... ok
2026-10-03T14:24:34.3965650Z test_observed_conservative_errors_cannot_bypass_safety_checks (test_replay_boundary_comparison_v7.IndependentWholeComparisonTests.test_observed_conservative_errors_cannot_bypass_safety_checks) ... ok
2026-10-03T14:24:34.3971123Z test_paired_transitions_conserve_rows_and_report_every_regression (test_replay_boundary_comparison_v7.IndependentWholeComparisonTests.test_paired_transitions_conserve_rows_and_report_every_regression) ... ok
2026-10-03T14:24:34.3979875Z test_alignment_detects_content_sequence_logits_and_memory (test_replay_frontier_comparison_v8.ReplayTests.test_alignment_detects_content_sequence_logits_and_memory) ... ok
2026-10-03T14:24:34.3984652Z test_calibration_fit_has_known_optimum_and_split_guard (test_replay_frontier_comparison_v8.ReplayTests.test_calibration_fit_has_known_optimum_and_split_guard) ... ok
2026-10-03T14:24:34.4007441Z test_checkpoint_base_and_adapter_contract (test_replay_frontier_comparison_v8.ReplayTests.test_checkpoint_base_and_adapter_contract) ... ok
2026-10-03T14:24:34.4723184Z test_completed_training_and_unicode_calibration_provenance (test_replay_frontier_comparison_v8.ReplayTests.test_completed_training_and_unicode_calibration_provenance) ... ok
2026-10-03T14:24:34.5940617Z test_completed_training_rejects_claimed_error_and_nonmonotonic_steps (test_replay_frontier_comparison_v8.ReplayTests.test_completed_training_rejects_claimed_error_and_nonmonotonic_steps) ... ok
2026-10-03T14:24:34.5984602Z test_failed_exclusive_replay_remains_consumed (test_replay_frontier_comparison_v8.ReplayTests.test_failed_exclusive_replay_remains_consumed) ... ok
2026-10-03T14:24:34.5986057Z test_inclusive_predicate_and_ties (test_replay_frontier_comparison_v8.ReplayTests.test_inclusive_predicate_and_ties) ... ok
2026-10-03T14:24:34.5993517Z test_inventory_rejects_symlink_fifo_and_unexpected_sources (test_replay_frontier_comparison_v8.ReplayTests.test_inventory_rejects_symlink_fifo_and_unexpected_sources) ... ok
2026-10-03T14:24:34.5995195Z test_known_brier_nll_ece_and_empty (test_replay_frontier_comparison_v8.ReplayTests.test_known_brier_nll_ece_and_empty) ... ok
2026-10-03T14:24:34.6431176Z test_no_model_or_comparator_import_in_independent_replay (test_replay_frontier_comparison_v8.ReplayTests.test_no_model_or_comparator_import_in_independent_replay) ... ok
2026-10-03T14:24:34.6435357Z test_paired_regressions_fixes_and_threshold_changes (test_replay_frontier_comparison_v8.ReplayTests.test_paired_regressions_fixes_and_threshold_changes) ... ok
2026-10-03T14:24:34.6445165Z test_plan_rejects_changed_safety_temperature_runtime_and_timing (test_replay_frontier_comparison_v8.ReplayTests.test_plan_rejects_changed_safety_temperature_runtime_and_timing) ... ok
2026-10-03T14:24:34.6911349Z test_source_freeze_rejects_dirty_tree_and_scrubs_git_environment (test_replay_frontier_comparison_v8.ReplayTests.test_source_freeze_rejects_dirty_tree_and_scrubs_git_environment) ... ok
2026-10-03T14:24:34.6913683Z test_strict_json_nonfinite_and_duplicate_keys (test_replay_frontier_comparison_v8.ReplayTests.test_strict_json_nonfinite_and_duplicate_keys) ... ok
2026-10-03T14:24:34.6918590Z test_timing_keeps_cold_outlier_and_nearest_rank (test_replay_frontier_comparison_v8.ReplayTests.test_timing_keeps_cold_outlier_and_nearest_rank) ... ok
2026-10-03T14:24:34.6946876Z test_consumed_s1_identity_cannot_be_reused_for_new_supplement (test_run_boundary_comparison_supplement_v7.ComparisonSupplementTests.test_consumed_s1_identity_cannot_be_reused_for_new_supplement) ... ok
2026-10-03T14:24:34.6982389Z test_declaration_and_origin_identity_cannot_be_silently_changed (test_run_boundary_comparison_supplement_v7.ComparisonSupplementTests.test_declaration_and_origin_identity_cannot_be_silently_changed) ... ok
2026-10-03T14:24:34.7056842Z test_direct_comparator_cannot_skip_preflight_package_or_restoration_guard (test_run_boundary_comparison_supplement_v7.ComparisonSupplementTests.test_direct_comparator_cannot_skip_preflight_package_or_restoration_guard) ... ok
2026-10-03T14:24:34.7090554Z test_exclusive_fsynced_lock_cannot_be_overwritten (test_run_boundary_comparison_supplement_v7.ComparisonSupplementTests.test_exclusive_fsynced_lock_cannot_be_overwritten) ... ok
2026-10-03T14:24:34.7197865Z test_gpu_queries_cannot_expire_resource_or_hide_lost_controller (test_run_boundary_comparison_supplement_v7.ComparisonSupplementTests.test_gpu_queries_cannot_expire_resource_or_hide_lost_controller) ... ok
2026-10-03T14:24:34.7368064Z test_incomplete_restoration_and_live_process_rejected_even_if_rehashed (test_run_boundary_comparison_supplement_v7.ComparisonSupplementTests.test_incomplete_restoration_and_live_process_rejected_even_if_rehashed) ... ok
2026-10-03T14:24:34.7467290Z test_input_hardware_runtime_and_output_overrides_refused (test_run_boundary_comparison_supplement_v7.ComparisonSupplementTests.test_input_hardware_runtime_and_output_overrides_refused) ... ok
2026-10-03T14:24:34.7540472Z test_launch_requires_current_process_new_session_lock_and_live_resource (test_run_boundary_comparison_supplement_v7.ComparisonSupplementTests.test_launch_requires_current_process_new_session_lock_and_live_resource) ... ok
2026-10-03T14:24:34.7739533Z test_new_task_disjoint_from_original_task_dataset_and_checkpoint (test_run_boundary_comparison_supplement_v7.ComparisonSupplementTests.test_new_task_disjoint_from_original_task_dataset_and_checkpoint) ... ok
2026-10-03T14:24:34.7854866Z test_origin_bytes_or_extra_predictions_fail (test_run_boundary_comparison_supplement_v7.ComparisonSupplementTests.test_origin_bytes_or_extra_predictions_fail) ... ok
2026-10-03T14:24:34.7893293Z test_origin_preserved_and_cpu_provenance_complete (test_run_boundary_comparison_supplement_v7.ComparisonSupplementTests.test_origin_preserved_and_cpu_provenance_complete) ... ok
2026-10-03T14:24:34.7954364Z test_resource_failure_cannot_be_bypassed (test_run_boundary_comparison_supplement_v7.ComparisonSupplementTests.test_resource_failure_cannot_be_bypassed) ... ok
2026-10-03T14:24:34.7980792Z test_restoration_guard_cannot_alias_controller_or_driver (test_run_boundary_comparison_supplement_v7.ComparisonSupplementTests.test_restoration_guard_cannot_alias_controller_or_driver) ... ok
2026-10-03T14:24:34.8032837Z test_source_requires_exact_canonical_nested_layout (test_run_boundary_comparison_supplement_v7.ComparisonSupplementTests.test_source_requires_exact_canonical_nested_layout) ... ok
2026-10-03T14:24:34.8069358Z test_source_symlink_and_resolved_external_target_rejected (test_run_boundary_comparison_supplement_v7.ComparisonSupplementTests.test_source_symlink_and_resolved_external_target_rejected) ... ok
2026-10-03T14:24:34.8073919Z test_attempt_receipt_cannot_be_overwritten (test_run_boundary_training_v7.PathAndAttemptTests.test_attempt_receipt_cannot_be_overwritten) ... ok
2026-10-03T14:24:34.9012720Z test_complete_steps_and_finite_fields_required_without_resume_snapshot (test_run_boundary_training_v7.PathAndAttemptTests.test_complete_steps_and_finite_fields_required_without_resume_snapshot) ... ok
2026-10-03T14:24:34.9023926Z test_duplicate_driver_refusal_does_not_relabel_prior_attempt_as_failure (test_run_boundary_training_v7.PathAndAttemptTests.test_duplicate_driver_refusal_does_not_relabel_prior_attempt_as_failure) ... ok
2026-10-03T14:24:34.9054945Z test_refuse_existing_output_nested_input_parent_and_placeholder (test_run_boundary_training_v7.PathAndAttemptTests.test_refuse_existing_output_nested_input_parent_and_placeholder) ... ok
2026-10-03T14:24:34.9068089Z test_translation_changes_only_three_paths_and_preserves_frozen_plan (test_run_boundary_training_v7.PathAndAttemptTests.test_translation_changes_only_three_paths_and_preserves_frozen_plan) ... ok
2026-10-03T14:24:34.9104531Z test_stale_proof_guard_birth_compute_process_and_busy_gpu_are_refused (test_run_boundary_training_v7.ResourceProofTests.test_stale_proof_guard_birth_compute_process_and_busy_gpu_are_refused) ... ok
2026-10-03T14:24:34.9106877Z test_data_runtime_stage_and_base_tampering_refused_before_model (test_run_boundary_training_v7.StagingTests.test_data_runtime_stage_and_base_tampering_refused_before_model) ... skipped 'Frozen local mixture is not shipped in portable CI'
2026-10-03T14:24:34.9109660Z test_edited_or_live_trainer_refused_before_data_checkpoint_and_runtime_staging (test_run_boundary_training_v7.StagingTests.test_edited_or_live_trainer_refused_before_data_checkpoint_and_runtime_staging) ... skipped 'Frozen local mixture is not shipped in portable CI'
2026-10-03T14:24:34.9113083Z test_old_attempt_cannot_reenter_preflight (test_run_boundary_training_v7.StagingTests.test_old_attempt_cannot_reenter_preflight) ... skipped 'Frozen local mixture is not shipped in portable CI'
2026-10-03T14:24:34.9115006Z test_real_frozen_data_preflight_without_gpu_acquisition (test_run_boundary_training_v7.StagingTests.test_real_frozen_data_preflight_without_gpu_acquisition) ... skipped 'Frozen local mixture is not shipped in portable CI'
2026-10-03T14:24:34.9221330Z test_changed_dirty_or_wrong_source_checkout_is_rejected (test_run_frontier_native_v8.NativeDeclarationTests.test_changed_dirty_or_wrong_source_checkout_is_rejected) ... ok
2026-10-03T14:24:34.9262295Z test_execute_refuses_before_declared_paths_or_optional_imports (test_run_frontier_native_v8.NativeDeclarationTests.test_execute_refuses_before_declared_paths_or_optional_imports) ... ok
2026-10-03T14:24:34.9318790Z test_hash_inventory_and_published_installation_references_are_bound (test_run_frontier_native_v8.NativeDeclarationTests.test_hash_inventory_and_published_installation_references_are_bound) ... ok
2026-10-03T14:24:34.9382053Z test_ready_flags_extra_keys_and_changed_gradient_policy_cannot_unlock (test_run_frontier_native_v8.NativeDeclarationTests.test_ready_flags_extra_keys_and_changed_gradient_policy_cannot_unlock) ... ok
2026-10-03T14:24:34.9433543Z test_symlink_escape_and_nonrelative_inventory_are_rejected (test_run_frontier_native_v8.NativeDeclarationTests.test_symlink_escape_and_nonrelative_inventory_are_rejected) ... ok
2026-10-03T14:24:34.9511030Z test_verified_source_retains_unarmed_and_unobserved_result (test_run_frontier_native_v8.NativeDeclarationTests.test_verified_source_retains_unarmed_and_unobserved_result) ... ok
2026-10-03T14:24:35.0294028Z test_attempt_is_consumed_even_when_preflight_fails (test_run_frontier_training_v8.DriverFixtures.test_attempt_is_consumed_even_when_preflight_fails) ... ok
2026-10-03T14:24:35.3526615Z test_changed_calibration_labels_initial_identity_reload_or_phase_rejected (test_run_frontier_training_v8.DriverFixtures.test_changed_calibration_labels_initial_identity_reload_or_phase_rejected) ... ok
2026-10-03T14:24:35.7450918Z test_changed_data_checkpoint_and_base_rejected (test_run_frontier_training_v8.DriverFixtures.test_changed_data_checkpoint_and_base_rejected) ... ok
2026-10-03T14:24:35.8030881Z test_changed_plan_or_freeze_bytes_rejected (test_run_frontier_training_v8.DriverFixtures.test_changed_plan_or_freeze_bytes_rejected) ... ok
2026-10-03T14:24:36.0178145Z test_complete_read_only_preflight_and_exact_deferred_command (test_run_frontier_training_v8.DriverFixtures.test_complete_read_only_preflight_and_exact_deferred_command) ... ok
2026-10-03T14:24:36.0937437Z test_dirty_source_and_different_commit_rejected (test_run_frontier_training_v8.DriverFixtures.test_dirty_source_and_different_commit_rejected) ... ok
2026-10-03T14:24:36.3054832Z test_git_environment_cannot_redirect_source (test_run_frontier_training_v8.DriverFixtures.test_git_environment_cannot_redirect_source) ... ok
2026-10-03T14:24:36.5178675Z test_hf_link_must_remain_inside_declared_cache (test_run_frontier_training_v8.DriverFixtures.test_hf_link_must_remain_inside_declared_cache) ... ok
2026-10-03T14:24:36.8690225Z test_incomplete_final_checkpoint_and_special_journal_rejected (test_run_frontier_training_v8.DriverFixtures.test_incomplete_final_checkpoint_and_special_journal_rejected) ... ok
2026-10-03T14:24:37.1383475Z test_incomplete_nonfinite_or_nonmonotonic_optimizer_steps_rejected (test_run_frontier_training_v8.DriverFixtures.test_incomplete_nonfinite_or_nonmonotonic_optimizer_steps_rejected) ... ok
2026-10-03T14:24:37.1943722Z test_old_attempt_protected_node_placeholder_overlap_and_existing_outputs_refused (test_run_frontier_training_v8.DriverFixtures.test_old_attempt_protected_node_placeholder_overlap_and_existing_outputs_refused) ... ok
2026-10-03T14:24:37.4665059Z test_real_trainer_journal_shape_without_options_is_supported (test_run_frontier_training_v8.DriverFixtures.test_real_trainer_journal_shape_without_options_is_supported) ... ok
2026-10-03T14:24:37.6743444Z test_reserved_files_are_never_parsed (test_run_frontier_training_v8.DriverFixtures.test_reserved_files_are_never_parsed) ... ok
2026-10-03T14:24:37.8913927Z test_resource_receipt_flag_cannot_unlock_execution (test_run_frontier_training_v8.DriverFixtures.test_resource_receipt_flag_cannot_unlock_execution) ... ok
2026-10-03T14:24:38.2500771Z test_runtime_lock_platform_or_stage_mutation_rejected (test_run_frontier_training_v8.DriverFixtures.test_runtime_lock_platform_or_stage_mutation_rejected) ... ok
2026-10-03T14:24:38.7143437Z test_runtime_version_or_position_shadowing_rejected (test_run_frontier_training_v8.DriverFixtures.test_runtime_version_or_position_shadowing_rejected) ... ok
2026-10-03T14:24:38.7815606Z test_source_inventory_cannot_claim_other_bytes (test_run_frontier_training_v8.DriverFixtures.test_source_inventory_cannot_claim_other_bytes) ... ok
2026-10-03T14:24:38.8565798Z test_special_manifest_or_plan_rejected_before_open (test_run_frontier_training_v8.DriverFixtures.test_special_manifest_or_plan_rejected_before_open) ... ok
2026-10-03T14:24:38.9512773Z test_symlink_and_special_dataset_leaf_rejected (test_run_frontier_training_v8.DriverFixtures.test_symlink_and_special_dataset_leaf_rejected) ... ok
2026-10-03T14:24:38.9538536Z test_bad_temperature (test_service_suite.ServiceSuiteTests.test_bad_temperature) ... ok
2026-10-03T14:24:38.9553191Z test_binding_policy_cannot_override_hostname_or_training_card (test_service_suite.ServiceSuiteTests.test_binding_policy_cannot_override_hostname_or_training_card) ... ok
2026-10-03T14:24:38.9639906Z test_browser_only_passes_checkpoint_identity_without_workflow_input (test_service_suite.ServiceSuiteTests.test_browser_only_passes_checkpoint_identity_without_workflow_input) ... ok
2026-10-03T14:24:38.9673352Z test_cli_guard_before_gpu_and_children (test_service_suite.ServiceSuiteTests.test_cli_guard_before_gpu_and_children) ... ok
2026-10-03T14:24:38.9679045Z test_command_workloads (test_service_suite.ServiceSuiteTests.test_command_workloads) ... ok
2026-10-03T14:24:38.9686002Z test_control_commands_pin_full_identity_and_complete_splits (test_service_suite.ServiceSuiteTests.test_control_commands_pin_full_identity_and_complete_splits) ... ok
2026-10-03T14:24:38.9746217Z test_control_preflight_failure_precedes_output_gpu_and_subprocesses (test_service_suite.ServiceSuiteTests.test_control_preflight_failure_precedes_output_gpu_and_subprocesses) ... ok
2026-10-03T14:24:38.9759598Z test_control_preflight_is_opt_in_and_uses_existing_frozen_loaders (test_service_suite.ServiceSuiteTests.test_control_preflight_is_opt_in_and_uses_existing_frozen_loaders) ... ok
2026-10-03T14:24:38.9953566Z test_controls_run_serially_retain_failures_and_clean_each_server (test_service_suite.ServiceSuiteTests.test_controls_run_serially_retain_failures_and_clean_each_server) ... ok
2026-10-03T14:24:39.0032775Z test_drone_only_pins_identity_and_keeps_gpu_cleanup (test_service_suite.ServiceSuiteTests.test_drone_only_pins_identity_and_keeps_gpu_cleanup) ... ok
2026-10-03T14:24:39.0040549Z test_existing_measurement_logs_not_overwritten (test_service_suite.ServiceSuiteTests.test_existing_measurement_logs_not_overwritten) ... ok
2026-10-03T14:24:39.0122509Z test_fatal_provider_collection_retains_summary_then_cleans_without_probe (test_service_suite.ServiceSuiteTests.test_fatal_provider_collection_retains_summary_then_cleans_without_probe) ... ok
2026-10-03T14:24:39.0314172Z test_frontier_only_runs_all_three_checkpoints_without_workflow_input (test_service_suite.ServiceSuiteTests.test_frontier_only_runs_all_three_checkpoints_without_workflow_input) ... ok
2026-10-03T14:24:39.0327418Z test_gpu_selection_and_busy_rejection (test_service_suite.ServiceSuiteTests.test_gpu_selection_and_busy_rejection) ... ok
2026-10-03T14:24:39.0348314Z test_hash_and_wrong_model (test_service_suite.ServiceSuiteTests.test_hash_and_wrong_model) ... ok
2026-10-03T14:24:39.0432353Z test_identity_mismatch_stops_and_cleans_server (test_service_suite.ServiceSuiteTests.test_identity_mismatch_stops_and_cleans_server) ... ok
2026-10-03T14:24:39.0687967Z test_larger_capacity_reaches_every_server_and_identity (test_service_suite.ServiceSuiteTests.test_larger_capacity_reaches_every_server_and_identity) ... ok
2026-10-03T14:24:39.0852750Z test_measurement_exit_and_live_pid_record (test_service_suite.ServiceSuiteTests.test_measurement_exit_and_live_pid_record) ... ok
2026-10-03T14:24:39.0863192Z test_measurement_interrupt_recorded_and_reaped (test_service_suite.ServiceSuiteTests.test_measurement_interrupt_recorded_and_reaped) ... ok
2026-10-03T14:24:39.1386545Z test_measurement_timeout_reaps_own_child (test_service_suite.ServiceSuiteTests.test_measurement_timeout_reaps_own_child) ... ok
2026-10-03T14:24:39.1411789Z test_missing_browser_cases_rejected_before_gpu_or_spawn (test_service_suite.ServiceSuiteTests.test_missing_browser_cases_rejected_before_gpu_or_spawn) ... ok
2026-10-03T14:24:39.1430102Z test_missing_drone_cases_rejected_before_gpu_or_spawn (test_service_suite.ServiceSuiteTests.test_missing_drone_cases_rejected_before_gpu_or_spawn) ... ok
2026-10-03T14:24:39.1455925Z test_nan_timeout_rejected_on_authorized_host (test_service_suite.ServiceSuiteTests.test_nan_timeout_rejected_on_authorized_host) ... ok
2026-10-03T14:24:39.1504080Z test_nonpositive_server_capacity_rejected_before_gpu_or_spawn (test_service_suite.ServiceSuiteTests.test_nonpositive_server_capacity_rejected_before_gpu_or_spawn) ... ok
2026-10-03T14:24:39.1535955Z test_probe_rejects_changed_identity_and_invalid_probability (test_service_suite.ServiceSuiteTests.test_probe_rejects_changed_identity_and_invalid_probability) ... ok
2026-10-03T14:24:39.1558060Z test_provider_commands_keep_gold_out_of_inference_and_pin_identity (test_service_suite.ServiceSuiteTests.test_provider_commands_keep_gold_out_of_inference_and_pin_identity) ... ok
2026-10-03T14:24:39.1594371Z test_provider_preflight_pins_manifests_files_and_gold_alignment (test_service_suite.ServiceSuiteTests.test_provider_preflight_pins_manifests_files_and_gold_alignment) ... ok
2026-10-03T14:24:39.1622282Z test_provider_preflight_rejection_precedes_output_gpu_and_children (test_service_suite.ServiceSuiteTests.test_provider_preflight_rejection_precedes_output_gpu_and_children) ... ok
2026-10-03T14:24:39.1888501Z test_provider_quality_runs_all_five_suites_before_releasing_each_model (test_service_suite.ServiceSuiteTests.test_provider_quality_runs_all_five_suites_before_releasing_each_model) ... ok
2026-10-03T14:24:39.1946655Z test_provider_raw_binding_preserves_types_order_and_strict_decoding (test_service_suite.ServiceSuiteTests.test_provider_raw_binding_preserves_types_order_and_strict_decoding) ... ok
2026-10-03T14:24:39.1997529Z test_provider_summary_rechecks_raw_identity_and_retains_partial_denominator (test_service_suite.ServiceSuiteTests.test_provider_summary_rechecks_raw_identity_and_retains_partial_denominator) ... ok
2026-10-03T14:24:39.2010834Z test_readiness_requires_own_log (test_service_suite.ServiceSuiteTests.test_readiness_requires_own_log) ... ok
2026-10-03T14:24:39.2037100Z test_repeated_or_unknown_model_rejected_before_gpu_or_spawn (test_service_suite.ServiceSuiteTests.test_repeated_or_unknown_model_rejected_before_gpu_or_spawn) ... ok
2026-10-03T14:24:39.2123902Z test_selected_checkpoint_does_not_require_other_model_files (test_service_suite.ServiceSuiteTests.test_selected_checkpoint_does_not_require_other_model_files) ... ok
2026-10-03T14:24:39.2204868Z test_stopped_trec_retains_summary_and_cleans_before_any_next_probe (test_service_suite.ServiceSuiteTests.test_stopped_trec_retains_summary_and_cleans_before_any_next_probe) ... ok
2026-10-03T14:24:39.2463874Z test_three_models_serial_semantic_failure_continues_latency_last (test_service_suite.ServiceSuiteTests.test_three_models_serial_semantic_failure_continues_latency_last) ... ok
2026-10-03T14:24:39.2479044Z test_trec_commands_pin_identity_and_never_pass_qrels (test_service_suite.ServiceSuiteTests.test_trec_commands_pin_identity_and_never_pass_qrels) ... ok
2026-10-03T14:24:39.2708056Z test_trec_inputs_and_outputs_cannot_enter_training_tree (test_service_suite.ServiceSuiteTests.test_trec_inputs_and_outputs_cannot_enter_training_tree) ... ok
2026-10-03T14:24:39.2830754Z test_trec_models_are_serial_and_failed_queries_keep_cleanup (test_service_suite.ServiceSuiteTests.test_trec_models_are_serial_and_failed_queries_keep_cleanup) ... ok
2026-10-03T14:24:39.3236733Z test_trec_preflight_bad_hashes_precede_output_gpu_and_children (test_service_suite.ServiceSuiteTests.test_trec_preflight_bad_hashes_precede_output_gpu_and_children) ... ok
2026-10-03T14:24:39.4008487Z test_trec_preflight_is_opt_in_and_binds_full_input_and_qrels (test_service_suite.ServiceSuiteTests.test_trec_preflight_is_opt_in_and_binds_full_input_and_qrels) ... ok
2026-10-03T14:24:39.4088078Z test_trec_rejected_audit_cleans_before_any_next_probe (test_service_suite.ServiceSuiteTests.test_trec_rejected_audit_cleans_before_any_next_probe) ... ok
2026-10-03T14:24:39.4173496Z test_trec_summary_requires_settled_identity_and_offline_audit (test_service_suite.ServiceSuiteTests.test_trec_summary_requires_settled_identity_and_offline_audit) ... ok
2026-10-03T14:24:39.4179395Z test_typed_doom_mode_reaches_game_evaluator (test_service_suite.ServiceSuiteTests.test_typed_doom_mode_reaches_game_evaluator) ... ok
2026-10-03T14:24:39.4180670Z test_ambiguous_json_is_rejected (test_serving.ServingTest.test_ambiguous_json_is_rejected) ... ok
2026-10-03T14:24:39.4188114Z test_chunked_choice_is_normalized_after_reassembly (test_serving.ServingTest.test_chunked_choice_is_normalized_after_reassembly) ... ok
2026-10-03T14:24:39.9285782Z test_http_client_official_route_and_errors (test_serving.ServingTest.test_http_client_official_route_and_errors) ... ok
2026-10-03T14:24:40.4387971Z test_http_inventory_lists_requests_and_keeps_artifacts_fetchable (test_serving.ServingTest.test_http_inventory_lists_requests_and_keeps_artifacts_fetchable) ... ok
2026-10-03T14:24:40.4389619Z test_invalid_backend_cannot_return_fake_answers (test_serving.ServingTest.test_invalid_backend_cannot_return_fake_answers) ... ok
2026-10-03T14:24:40.4390985Z test_limits_and_unknown_models_fail_before_backend (test_serving.ServingTest.test_limits_and_unknown_models_fail_before_backend) ... ok
2026-10-03T14:24:40.4558630Z test_all_variants_derive_labels_from_body_in_every_layout (test_silent_failure_data.SilentFailureBodyTest.test_all_variants_derive_labels_from_body_in_every_layout) ... ok
2026-10-03T14:24:40.4564566Z test_ambiguous_unknown_and_duplicate_grammar_is_rejected (test_silent_failure_data.SilentFailureBodyTest.test_ambiguous_unknown_and_duplicate_grammar_is_rejected) ... ok
2026-10-03T14:24:40.4566781Z test_current_counts_override_historical_counts (test_silent_failure_data.SilentFailureBodyTest.test_current_counts_override_historical_counts) ... ok
2026-10-03T14:24:40.4574026Z test_current_history_swap_flips_label_but_order_does_not (test_silent_failure_data.SilentFailureBodyTest.test_current_history_swap_flips_label_but_order_does_not) ... ok
2026-10-03T14:24:40.4576750Z test_empty_search_and_required_empty_receipt_have_different_meanings (test_silent_failure_data.SilentFailureBodyTest.test_empty_search_and_required_empty_receipt_have_different_meanings) ... ok
2026-10-03T14:24:40.4653810Z test_json_order_whitespace_and_html_current_document_pairs (test_silent_failure_data.SilentFailureBodyTest.test_json_order_whitespace_and_html_current_document_pairs) ... ok
2026-10-03T14:24:40.4656087Z test_metadata_and_targets_never_enter_model_prompt (test_silent_failure_data.SilentFailureBodyTest.test_metadata_and_targets_never_enter_model_prompt) ... ok
2026-10-03T14:24:40.4658228Z test_numeric_text_boundary_from_visible_requirement (test_silent_failure_data.SilentFailureBodyTest.test_numeric_text_boundary_from_visible_requirement) ... ok
2026-10-03T14:24:40.4660656Z test_partial_permission_alone_changes_result_and_pending_job_is_valid (test_silent_failure_data.SilentFailureBodyTest.test_partial_permission_alone_changes_result_and_pending_job_is_valid) ... ok
2026-10-03T14:24:40.4663398Z test_quoted_error_and_archived_debug_text_are_not_current_failure (test_silent_failure_data.SilentFailureBodyTest.test_quoted_error_and_archived_debug_text_are_not_current_failure) ... ok
2026-10-03T14:24:40.4665642Z test_runtime_preserves_original_body_and_single_noul (test_silent_failure_data.SilentFailureBodyTest.test_runtime_preserves_original_body_and_single_noul) ... ok
2026-10-03T14:24:40.5387849Z test_audit_counts_pair_isolation_and_byte_determinism (test_silent_failure_data.SilentFailureCorpusTest.test_audit_counts_pair_isolation_and_byte_determinism) ... ok
2026-10-03T14:24:40.5551729Z test_body_only_runtime_contract_rejects_status_wrapper (test_silent_failure_data.SilentFailureCorpusTest.test_body_only_runtime_contract_rejects_status_wrapper) ... ok
2026-10-03T14:24:40.5694574Z test_counterfactual_cannot_cross_split (test_silent_failure_data.SilentFailureCorpusTest.test_counterfactual_cannot_cross_split) ... ok
2026-10-03T14:24:40.5708229Z test_existing_output_symlink_and_bad_sizes_rejected (test_silent_failure_data.SilentFailureCorpusTest.test_existing_output_symlink_and_bad_sizes_rejected) ... ok
2026-10-03T14:24:40.5871246Z test_label_tamper_after_rehash_still_fails_semantic_audit (test_silent_failure_data.SilentFailureCorpusTest.test_label_tamper_after_rehash_still_fails_semantic_audit) ... ok
2026-10-03T14:24:40.5898712Z test_source_and_data_hashes_are_checked (test_silent_failure_data.SilentFailureCorpusTest.test_source_and_data_hashes_are_checked) ... ok
2026-10-03T14:24:40.5917559Z test_changed_derivative_is_rejected_before_curation (test_site_display_media.ApprovedSiteMediaTests.test_changed_derivative_is_rejected_before_curation) ... ok
2026-10-03T14:24:40.5967453Z test_curation_retains_phone_derivatives_in_temporary_site (test_site_display_media.ApprovedSiteMediaTests.test_curation_retains_phone_derivatives_in_temporary_site) ... ok
2026-10-03T14:24:40.5976678Z test_derivatives_are_not_kept_when_phone_item_is_not_selected (test_site_display_media.ApprovedSiteMediaTests.test_derivatives_are_not_kept_when_phone_item_is_not_selected) ... ok
2026-10-03T14:24:40.5990189Z test_manifest_cannot_approve_an_unexpected_path (test_site_display_media.ApprovedSiteMediaTests.test_manifest_cannot_approve_an_unexpected_path) ... ok
2026-10-03T14:24:40.6004563Z test_selected_phone_item_keeps_exact_manifest_backed_derivatives (test_site_display_media.ApprovedSiteMediaTests.test_selected_phone_item_keeps_exact_manifest_backed_derivatives) ... ok
2026-10-03T14:24:40.6021899Z test_windows_text_line_endings_match_manifest_hashes (test_site_display_media.ApprovedSiteMediaTests.test_windows_text_line_endings_match_manifest_hashes) ... ok
2026-10-03T14:24:41.1091827Z test_blank_instructions_and_invalid_categories_never_reach_fixture (test_space_app.SpaceHTTPTest.test_blank_instructions_and_invalid_categories_never_reach_fixture) ... ok
2026-10-03T14:24:41.6132653Z test_busy_rejects_second_request_while_health_works (test_space_app.SpaceHTTPTest.test_busy_rejects_second_request_while_health_works) ... ok
2026-10-03T14:24:42.1236197Z test_canonical_page_assets_and_developer_link (test_space_app.SpaceHTTPTest.test_canonical_page_assets_and_developer_link) ... ok
2026-10-03T14:24:42.6263606Z test_errors_do_not_echo_input_or_raw_exception (test_space_app.SpaceHTTPTest.test_errors_do_not_echo_input_or_raw_exception) ... ok
2026-10-03T14:24:43.1309514Z test_loading_and_error_do_not_claim_ready_or_infer (test_space_app.SpaceHTTPTest.test_loading_and_error_do_not_claim_ready_or_infer) ... ok
2026-10-03T14:24:43.6345497Z test_plain_category_names_reach_fixture (test_space_app.SpaceHTTPTest.test_plain_category_names_reach_fixture) ... ok
2026-10-03T14:24:44.1391417Z test_request_limits_and_origin_guard (test_space_app.SpaceHTTPTest.test_request_limits_and_origin_guard) ... ok
2026-10-03T14:24:44.1412888Z test_financial_evidence_and_ownership_counterexamples (test_sponsor_segments.SponsorSegmentTest.test_financial_evidence_and_ownership_counterexamples) ... ok
2026-10-03T14:24:44.2711836Z test_generated_contract_and_labels (test_sponsor_segments.SponsorSegmentTest.test_generated_contract_and_labels) ... ok
2026-10-03T14:24:44.2789750Z test_marker_timestamp_and_neighbour_not_label_oracle (test_sponsor_segments.SponsorSegmentTest.test_marker_timestamp_and_neighbour_not_label_oracle) ... ok
2026-10-03T14:24:44.4286342Z test_persisted_audit_and_rehashed_bad_target (test_sponsor_segments.SponsorSegmentTest.test_persisted_audit_and_rehashed_bad_target) ... ok
2026-10-03T14:24:44.5928308Z test_shared_context_brand_identity_and_manifest_count_checks (test_sponsor_segments.SponsorSegmentTest.test_shared_context_brand_identity_and_manifest_count_checks) ... ok
2026-10-03T14:24:44.6945314Z test_counterfactuals_change_exactly_the_visible_requested_metric (test_sql_semantics_v3.SQLSemanticsV3Test.test_counterfactuals_change_exactly_the_visible_requested_metric) ... ok
2026-10-03T14:24:44.6953830Z test_database_and_structural_families_are_split_disjoint (test_sql_semantics_v3.SQLSemanticsV3Test.test_database_and_structural_families_are_split_disjoint) ... ok
2026-10-03T14:24:44.6960070Z test_equal_answers_are_not_mislabeled_as_negatives (test_sql_semantics_v3.SQLSemanticsV3Test.test_equal_answers_are_not_mislabeled_as_negatives) ... ok
2026-10-03T14:24:44.8657219Z test_full_layout_smoke_independent_sqlite_replay (test_sql_semantics_v3.SQLSemanticsV3Test.test_full_layout_smoke_independent_sqlite_replay) ... ok
2026-10-03T14:24:44.8661929Z test_halfway_rounding_matches_stated_business_rule (test_sql_semantics_v3.SQLSemanticsV3Test.test_halfway_rounding_matches_stated_business_rule) ... ok
2026-10-03T14:24:44.8934581Z test_hand_calculated_fixtures_cover_every_business_operator (test_sql_semantics_v3.SQLSemanticsV3Test.test_hand_calculated_fixtures_cover_every_business_operator) ... ok
2026-10-03T14:24:44.9713049Z test_label_result_and_visible_data_tampering_are_detected (test_sql_semantics_v3.SQLSemanticsV3Test.test_label_result_and_visible_data_tampering_are_detected) ... ok
2026-10-03T14:24:44.9763872Z test_metadata_never_determines_answer_and_no_results_in_inputs (test_sql_semantics_v3.SQLSemanticsV3Test.test_metadata_never_determines_answer_and_no_results_in_inputs) ... ok
2026-10-03T14:24:45.5450556Z test_reproducible_no_input_files_and_non_overwriting_build (test_sql_semantics_v3.SQLSemanticsV3Test.test_reproducible_no_input_files_and_non_overwriting_build) ... ok
2026-10-03T14:24:45.5465332Z test_syntax_errors_writes_and_multiple_statements_are_rejected (test_sql_semantics_v3.SQLSemanticsV3Test.test_syntax_errors_writes_and_multiple_statements_are_rejected) ... ok
2026-10-03T14:24:45.5482251Z test_named_human_can_finish_no_route_without_forcing_a_catalog_label (test_support_routing.SupportRoutingTests.test_named_human_can_finish_no_route_without_forcing_a_catalog_label) ... ok
2026-10-03T14:24:46.0512177Z test_real_http_schema_probabilities_and_identity_drift (test_support_routing.SupportRoutingTests.test_real_http_schema_probabilities_and_identity_drift) ... ok
2026-10-03T14:24:46.0533587Z test_review_queue_keeps_unresolved_rows_and_requires_human_attribution (test_support_routing.SupportRoutingTests.test_review_queue_keeps_unresolved_rows_and_requires_human_attribution) ... ok
2026-10-03T14:24:46.0535669Z test_shortlist_never_reads_gold_and_retrieval_failure_stays_visible (test_support_routing.SupportRoutingTests.test_shortlist_never_reads_gold_and_retrieval_failure_stays_visible) ... ok
2026-10-03T14:24:46.0562811Z test_test_gold_and_predictions_follow_calibration_lock_without_retuning (test_support_routing.SupportRoutingTests.test_test_gold_and_predictions_follow_calibration_lock_without_retuning) ... ok
2026-10-03T14:24:46.0564920Z test_threshold_fit_abstains_when_no_calibration_policy_is_met (test_support_routing.SupportRoutingTests.test_threshold_fit_abstains_when_no_calibration_policy_is_met) ... ok
2026-10-03T14:24:46.0898573Z test_complete_frozen_groups_disjoint_splits_and_boundary_offset_coverage (test_temporal_windows_v5.TemporalWindowsV5Test.test_complete_frozen_groups_disjoint_splits_and_boundary_offset_coverage) ... ok
2026-10-03T14:24:46.0901728Z test_epoch_seconds_equivalent_instants_and_strict_timestamp_grammar (test_temporal_windows_v5.TemporalWindowsV5Test.test_epoch_seconds_equivalent_instants_and_strict_timestamp_grammar) ... ok
2026-10-03T14:24:46.1313963Z test_freeze_hashes_refuses_overwrite_and_detects_changed_split (test_temporal_windows_v5.TemporalWindowsV5Test.test_freeze_hashes_refuses_overwrite_and_detects_changed_split) ... ok
2026-10-03T14:24:46.1405910Z test_generator_labels_are_checked_by_separate_epoch_implementation (test_temporal_windows_v5.TemporalWindowsV5Test.test_generator_labels_are_checked_by_separate_epoch_implementation) ... ok
2026-10-03T14:24:46.1408626Z test_hand_calculated_lower_upper_leap_boundaries_and_exception (test_temporal_windows_v5.TemporalWindowsV5Test.test_hand_calculated_lower_upper_leap_boundaries_and_exception) ... ok
2026-10-03T14:24:46.1444248Z test_hidden_labels_ids_and_metadata_do_not_enter_model_prompts (test_temporal_windows_v5.TemporalWindowsV5Test.test_hidden_labels_ids_and_metadata_do_not_enter_model_prompts) ... ok
2026-10-03T14:24:46.1753672Z test_independent_validator_rejects_corrupted_gold_proposal_and_incomplete_group (test_temporal_windows_v5.TemporalWindowsV5Test.test_independent_validator_rejects_corrupted_gold_proposal_and_incomplete_group) ... ok
2026-10-03T14:24:46.1858607Z test_relabeling_case_ids_cannot_disguise_repeated_temporal_facts (test_temporal_windows_v5.TemporalWindowsV5Test.test_relabeling_case_ids_cannot_disguise_repeated_temporal_facts) ... ok
2026-10-03T14:24:46.2604010Z test_frozen_input_hashes_and_separate_calibration (test_train_frontier_controls_v4.ContinuedTrainingTest.test_frozen_input_hashes_and_separate_calibration) ... ok
2026-10-03T14:24:46.2718943Z test_group_sampling_keeps_counterfactuals_and_is_label_independent (test_train_frontier_controls_v4.ContinuedTrainingTest.test_group_sampling_keeps_counterfactuals_and_is_label_independent) ... ok
2026-10-03T14:24:46.2764201Z test_identity_binds_head_adapter_and_released_temperature (test_train_frontier_controls_v4.ContinuedTrainingTest.test_identity_binds_head_adapter_and_released_temperature) ... ok
2026-10-03T14:24:46.2766423Z test_only_existing_lora_and_head_train (test_train_frontier_controls_v4.ContinuedTrainingTest.test_only_existing_lora_and_head_train) ... ok
2026-10-03T14:24:46.2831733Z test_actual_adapter_configuration_and_method_must_agree (test_train_initial_checkpoint.InitialInferenceCheckpointTests.test_actual_adapter_configuration_and_method_must_agree) ... ok
2026-10-03T14:24:46.2865780Z test_content_identity_binds_initialization_and_detects_changed_weights (test_train_initial_checkpoint.InitialInferenceCheckpointTests.test_content_identity_binds_initialization_and_detects_changed_weights) ... ok
2026-10-03T14:24:46.2876202Z test_default_base_constructor_is_unchanged (test_train_initial_checkpoint.InitialInferenceCheckpointTests.test_default_base_constructor_is_unchanged) ... ok
2026-10-03T14:24:46.2899020Z test_loads_existing_weights_and_unfreezes_only_lora_and_head (test_train_initial_checkpoint.InitialInferenceCheckpointTests.test_loads_existing_weights_and_unfreezes_only_lora_and_head) ... ok
2026-10-03T14:24:46.2920753Z test_missing_serving_files_and_invalid_temperature_are_rejected (test_train_initial_checkpoint.InitialInferenceCheckpointTests.test_missing_serving_files_and_invalid_temperature_are_rejected) ... ok
2026-10-03T14:24:46.2975349Z test_profile_mismatches_and_resume_reject_before_model_import (test_train_initial_checkpoint.InitialInferenceCheckpointTests.test_profile_mismatches_and_resume_reject_before_model_import) ... ok
2026-10-03T14:24:46.3007304Z test_lease_self_registration_and_controller_closing_preservation (test_train_temporal_windows_v5.TemporalPilotTest.test_lease_self_registration_and_controller_closing_preservation) ... ok
2026-10-03T14:24:46.3009878Z test_paired_regression_counts_and_mismatched_evidence_rejection (test_train_temporal_windows_v5.TemporalPilotTest.test_paired_regression_counts_and_mismatched_evidence_rejection) ... ok
2026-10-03T14:24:46.3017774Z test_temperature_ablation_keeps_argmax_but_changes_noul_threshold_behavior (test_train_temporal_windows_v5.TemporalPilotTest.test_temperature_ablation_keeps_argmax_but_changes_noul_threshold_behavior) ... ok
2026-10-03T14:24:46.3040001Z test_cli_defaults_to_legacy_and_exposes_explicit_opt_in (test_training_deferred_heldout.DeferredHeldoutTests.test_cli_defaults_to_legacy_and_exposes_explicit_opt_in) ... ok
2026-10-03T14:24:46.3067125Z test_complete_allowed_splits_are_validated_before_sampling_or_model_construction (test_training_deferred_heldout.DeferredHeldoutTests.test_complete_allowed_splits_are_validated_before_sampling_or_model_construction) ... ok
2026-10-03T14:24:46.4126624Z test_default_keeps_all_split_validation_baselines_and_heldout_evaluation (test_training_deferred_heldout.DeferredHeldoutTests.test_default_keeps_all_split_validation_baselines_and_heldout_evaluation) ... ok
2026-10-03T14:24:47.0603539Z test_deferred_reload_rejects_nonfinite_width_and_value_mismatches_without_summary (test_training_deferred_heldout.DeferredHeldoutTests.test_deferred_reload_rejects_nonfinite_width_and_value_mismatches_without_summary) ... ok
2026-10-03T14:24:47.0618461Z test_deferred_resume_and_snapshots_rejected_before_runtime_imports (test_training_deferred_heldout.DeferredHeldoutTests.test_deferred_resume_and_snapshots_rejected_before_runtime_imports) ... ok
2026-10-03T14:24:47.1565837Z test_deferred_run_never_reads_or_forwards_heldout_and_saves_fixed_final (test_training_deferred_heldout.DeferredHeldoutTests.test_deferred_run_never_reads_or_forwards_heldout_and_saves_fixed_final) ... ok
2026-10-03T14:24:47.1590942Z test_deferred_run_requires_calibration (test_training_deferred_heldout.DeferredHeldoutTests.test_deferred_run_requires_calibration) ... ok
2026-10-03T14:24:47.1606803Z test_opt_in_changes_identity_without_changing_default_argument_schema (test_training_deferred_heldout.DeferredHeldoutTests.test_opt_in_changes_identity_without_changing_default_argument_schema) ... ok
2026-10-03T14:24:47.1696674Z test_all_snapshot_artifacts_and_old_log_cursor_are_verified (test_training_initialization.InitializationContractTests.test_all_snapshot_artifacts_and_old_log_cursor_are_verified) ... ok
2026-10-03T14:24:47.1742294Z test_cli_and_programmatic_run_reject_initialization_plus_resume (test_training_initialization.InitializationContractTests.test_cli_and_programmatic_run_reject_initialization_plus_resume) ... ok
2026-10-03T14:24:47.1799128Z test_model_revision_rank_topology_and_complete_snapshot_are_required (test_training_initialization.InitializationContractTests.test_model_revision_rank_topology_and_complete_snapshot_are_required) ... ok
2026-10-03T14:24:47.1815478Z test_provenance_rejects_missing_extra_malformed_and_reset_fields (test_training_initialization.InitializationContractTests.test_provenance_rejects_missing_extra_malformed_and_reset_fields) ... ok
2026-10-03T14:24:47.1844369Z test_weights_initialization_accepts_new_data_but_binds_source_content (test_training_initialization.InitializationContractTests.test_weights_initialization_accepts_new_data_but_binds_source_content) ... ok
2026-10-03T14:24:47.1846516Z test_changed_preflight_bytes_or_provenance_are_rejected (test_training_initialization.InitializationNumericalTests.test_changed_preflight_bytes_or_provenance_are_rejected) ... skipped 'requires optional torch runtime'
2026-10-03T14:24:47.1848891Z test_four_rank_run_measures_initialized_baseline_and_resumes_new_stage_trajectory (test_training_initialization.InitializationNumericalTests.test_four_rank_run_measures_initialized_baseline_and_resumes_new_stage_trajectory) ... skipped 'requires optional torch runtime'
2026-10-03T14:24:47.1851554Z test_future_resume_tensor_binding_rejects_removed_or_rewritten_provenance (test_training_initialization.InitializationNumericalTests.test_future_resume_tensor_binding_rejects_removed_or_rewritten_provenance) ... skipped 'requires optional torch runtime'
2026-10-03T14:24:47.1853801Z test_invalid_tensor_payload_never_partially_copies_weights (test_training_initialization.InitializationNumericalTests.test_invalid_tensor_payload_never_partially_copies_weights) ... skipped 'requires optional torch runtime'
2026-10-03T14:24:47.1855608Z test_only_trainable_weights_copy_without_optimizer_rng_or_base_mutation (test_training_initialization.InitializationNumericalTests.test_only_trainable_weights_copy_without_optimizer_rng_or_base_mutation) ... skipped 'requires optional torch runtime'
2026-10-03T14:24:47.3621741Z test_both_installed_cli_help_commands_work_without_model_imports (test_training_provenance.TrainingProvenanceTests.test_both_installed_cli_help_commands_work_without_model_imports) ... ok
2026-10-03T14:24:47.3910356Z test_both_trainers_reject_before_imports_or_argument_access (test_training_provenance.TrainingProvenanceTests.test_both_trainers_reject_before_imports_or_argument_access) ... ok
2026-10-03T14:24:47.4231681Z test_caller_git_environment_cannot_override_source_checkout (test_training_provenance.TrainingProvenanceTests.test_caller_git_environment_cannot_override_source_checkout) ... ok
2026-10-03T14:24:47.4545220Z test_caller_head_is_wrong_but_source_head_is_recorded (test_training_provenance.TrainingProvenanceTests.test_caller_head_is_wrong_but_source_head_is_recorded) ... ok
2026-10-03T14:24:47.4861064Z test_dirty_source_checkout_remains_supported (test_training_provenance.TrainingProvenanceTests.test_dirty_source_checkout_remains_supported) ... ok
2026-10-03T14:24:47.5147484Z test_installed_package_cannot_inherit_ancestor_repository (test_training_provenance.TrainingProvenanceTests.test_installed_package_cannot_inherit_ancestor_repository) ... ok
2026-10-03T14:24:47.5457584Z test_invalid_git_marker_cannot_inherit_ancestor_repository (test_training_provenance.TrainingProvenanceTests.test_invalid_git_marker_cannot_inherit_ancestor_repository) ... ok
2026-10-03T14:24:47.5876897Z test_real_git_worktree_with_git_file_is_supported (test_training_provenance.TrainingProvenanceTests.test_real_git_worktree_with_git_file_is_supported) ... ok
2026-10-03T14:24:47.6187896Z test_source_head_is_recorded_outside_any_repository (test_training_provenance.TrainingProvenanceTests.test_source_head_is_recorded_outside_any_repository) ... ok
2026-10-03T14:24:47.6227535Z test_artifact_restore_archives_interrupted_log_and_keeps_final_calibration (test_training_resume.ResumeIdentityTests.test_artifact_restore_archives_interrupted_log_and_keeps_final_calibration) ... ok
2026-10-03T14:24:47.6262404Z test_identity_binds_training_configuration_dataset_and_order (test_training_resume.ResumeIdentityTests.test_identity_binds_training_configuration_dataset_and_order) ... ok
2026-10-03T14:24:47.6264022Z test_original_baseline_ids_targets_and_order_are_required (test_training_resume.ResumeIdentityTests.test_original_baseline_ids_targets_and_order_are_required) ... ok
2026-10-03T14:24:47.6287618Z test_snapshot_checksum_and_log_cursor_are_verified_before_tensor_loading (test_training_resume.ResumeIdentityTests.test_snapshot_checksum_and_log_cursor_are_verified_before_tensor_loading) ... ok
2026-10-03T14:24:47.6289767Z test_cpu_dropout_rng_optimizer_and_parameter_trajectory_resume_exactly (test_training_resume.ResumeNumericalTests.test_cpu_dropout_rng_optimizer_and_parameter_trajectory_resume_exactly) ... skipped 'requires optional torch runtime'
2026-10-03T14:24:47.6832360Z test_actual_scores_change_later_windows_and_requests_are_saved_before_calls (test_trec_provider.TrecProviderTest.test_actual_scores_change_later_windows_and_requests_are_saved_before_calls) ... ok
2026-10-03T14:24:47.7260968Z test_declared_mass_only_scalar_analysis_never_becomes_primary_ranking (test_trec_provider.TrecProviderTest.test_declared_mass_only_scalar_analysis_never_becomes_primary_ranking) ... ok
2026-10-03T14:24:47.8240553Z test_endpoint_rejections_stop_all_remaining_queries (test_trec_provider.TrecProviderTest.test_endpoint_rejections_stop_all_remaining_queries) ... ok
2026-10-03T14:24:47.9083512Z test_frozen_input_contract_rejects_gold_metadata_hash_mismatch_and_overwrite (test_trec_provider.TrecProviderTest.test_frozen_input_contract_rejects_gold_metadata_hash_mismatch_and_overwrite) ... ok
2026-10-03T14:24:49.7643703Z test_full_run_completes_all_97_queries_in_exactly_873_calls (test_trec_provider.TrecProviderTest.test_full_run_completes_all_97_queries_in_exactly_873_calls) ... ok
2026-10-03T14:24:49.8480364Z test_jev_mass_or_expectation_failure_is_retained_and_next_query_runs (test_trec_provider.TrecProviderTest.test_jev_mass_or_expectation_failure_is_retained_and_next_query_runs) ... ok
2026-10-03T14:24:49.8753285Z test_mass_and_expectation_failure_cannot_use_scalar_analysis (test_trec_provider.TrecProviderTest.test_mass_and_expectation_failure_cannot_use_scalar_analysis) ... ok
2026-10-03T14:24:49.9025873Z test_nonfinite_parsed_response_keeps_exact_raw_text_and_fails_query (test_trec_provider.TrecProviderTest.test_nonfinite_parsed_response_keeps_exact_raw_text_and_fails_query) ... ok
2026-10-03T14:24:49.9126796Z test_openai_envelope_preserves_integer_scores_without_probabilities (test_trec_provider.TrecProviderTest.test_openai_envelope_preserves_integer_scores_without_probabilities) ... ok
2026-10-03T14:24:49.9766465Z test_request_time_and_usage_cost_budgets_preserve_partial_and_pending (test_trec_provider.TrecProviderTest.test_request_time_and_usage_cost_budgets_preserve_partial_and_pending) ... ok
2026-10-03T14:24:50.0067800Z test_thrown_attempt_error_is_saved_redacted_and_cost_remains_unknown (test_trec_provider.TrecProviderTest.test_thrown_attempt_error_is_saved_redacted_and_cost_remains_unknown) ... ok
2026-10-03T14:24:52.9710139Z test_finished_collection_with_mass_failure_retains_full_denominator (test_trec_summary.TrecSummaryTest.test_finished_collection_with_mass_failure_retains_full_denominator) ... ok
2026-10-03T14:24:56.4017391Z test_full_openai_collection_has_no_fabricated_scalar_probability_analysis (test_trec_summary.TrecSummaryTest.test_full_openai_collection_has_no_fabricated_scalar_probability_analysis) ... ok
2026-10-03T14:24:56.6080993Z test_input_and_qrel_manifest_hashes_are_required (test_trec_summary.TrecSummaryTest.test_input_and_qrel_manifest_hashes_are_required) ... ok
2026-10-03T14:24:56.7448602Z test_live_report_prefix_may_have_unscored_newer_raw_records (test_trec_summary.TrecSummaryTest.test_live_report_prefix_may_have_unscored_newer_raw_records) ... ok
2026-10-03T14:24:56.8626845Z test_mass_only_query_primary_zero_and_supplemental_uses_actual_saved_scalars (test_trec_summary.TrecSummaryTest.test_mass_only_query_primary_zero_and_supplemental_uses_actual_saved_scalars) ... ok
2026-10-03T14:24:56.9586012Z test_mass_only_then_hard_error_does_not_publish_either_ranking (test_trec_summary.TrecSummaryTest.test_mass_only_then_hard_error_does_not_publish_either_ranking) ... ok
2026-10-03T14:24:57.0780883Z test_partial_run_uses_full_qrels_and_direct_grade_including_outside_candidates (test_trec_summary.TrecSummaryTest.test_partial_run_uses_full_qrels_and_direct_grade_including_outside_candidates) ... ok
2026-10-03T14:24:57.4178478Z test_python310_mass_diagnostics_replay_exactly_without_relaxing_validation (test_trec_summary.TrecSummaryTest.test_python310_mass_diagnostics_replay_exactly_without_relaxing_validation) ... ok
2026-10-03T14:24:57.6276166Z test_rejects_permutation_tampering_flags_and_adaptive_window_changes (test_trec_summary.TrecSummaryTest.test_rejects_permutation_tampering_flags_and_adaptive_window_changes) ... ok
2026-10-03T14:24:57.8313993Z test_rejects_raw_payload_response_model_or_order_tampering (test_trec_summary.TrecSummaryTest.test_rejects_raw_payload_response_model_or_order_tampering) ... ok
2026-10-03T14:25:00.8343560Z test_top_level_running_status_never_becomes_complete_even_after_all_queries (test_trec_summary.TrecSummaryTest.test_top_level_running_status_never_becomes_complete_even_after_all_queries) ... ok
2026-10-03T14:25:00.8388833Z test_candidate_permutation_preserves_labels_and_source_groups (test_wanli_data.WanliTests.test_candidate_permutation_preserves_labels_and_source_groups) ... ok
2026-10-03T14:25:00.8390562Z test_conflicts_are_removed_not_arbitrarily_resolved (test_wanli_data.WanliTests.test_conflicts_are_removed_not_arbitrarily_resolved) ... ok
2026-10-03T14:25:00.8403128Z test_existing_output_fails_before_source_download_or_modification (test_wanli_data.WanliTests.test_existing_output_fails_before_source_download_or_modification) ... ok
2026-10-03T14:25:00.8404881Z test_malformed_source_fails (test_wanli_data.WanliTests.test_malformed_source_fails) ... ok
2026-10-03T14:25:00.8407831Z test_test_components_are_reserved_transitively (test_wanli_data.WanliTests.test_test_components_are_reserved_transitively) ... ok
2026-10-03T14:25:01.2152512Z test_http_runner_preserves_responses_and_aborts_on_service_change (test_workflows.WorkflowServiceEvaluationTests.test_http_runner_preserves_responses_and_aborts_on_service_change) ... ok
2026-10-03T14:25:01.2164873Z test_prediction_identity_binds_case_state_questions_and_split (test_workflows.WorkflowServiceEvaluationTests.test_prediction_identity_binds_case_state_questions_and_split) ... ok
2026-10-03T14:25:01.4346016Z test_selection_is_heldout_balanced_group_distinct_and_label_independent (test_workflows.WorkflowServiceEvaluationTests.test_selection_is_heldout_balanced_group_distinct_and_label_independent) ... ok
2026-10-03T14:25:01.5979248Z test_selection_rejects_cross_split_parent_groups_and_duplicate_ids (test_workflows.WorkflowServiceEvaluationTests.test_selection_rejects_cross_split_parent_groups_and_duplicate_ids) ... ok
2026-10-03T14:25:01.5982236Z test_service_identity_rejects_oracle_mismatch_and_tracks_artifact_digest (test_workflows.WorkflowServiceEvaluationTests.test_service_identity_rejects_oracle_mismatch_and_tracks_artifact_digest) ... ok
2026-10-03T14:25:01.5985277Z test_agent_permission_is_evaluated_at_call_time_with_exact_scope (test_workflows.WorkflowTests.test_agent_permission_is_evaluated_at_call_time_with_exact_scope) ... ok
2026-10-03T14:25:01.6003180Z test_all_workflows_compile_as_target_free_independent_questions (test_workflows.WorkflowTests.test_all_workflows_compile_as_target_free_independent_questions) ... ok
2026-10-03T14:25:01.6005354Z test_card_and_cancellation_account_facts_gate_mutations (test_workflows.WorkflowTests.test_card_and_cancellation_account_facts_gate_mutations) ... ok
2026-10-03T14:25:01.6008070Z test_customer_empty_resolved_negation_and_account_claim_conflict (test_workflows.WorkflowTests.test_customer_empty_resolved_negation_and_account_claim_conflict) ... ok
2026-10-03T14:25:01.6015904Z test_evaluation_rejects_fixture_claims_and_bad_case_alignment (test_workflows.WorkflowTests.test_evaluation_rejects_fixture_claims_and_bad_case_alignment) ... ok
2026-10-03T14:25:01.6019745Z test_exclusive_workflows_use_one_disposition_while_customer_can_fan_out (test_workflows.WorkflowTests.test_exclusive_workflows_use_one_disposition_while_customer_can_fan_out) ... ok
2026-10-03T14:25:03.3392022Z test_generated_groups_stay_together_and_models_cannot_see_references (test_workflows.WorkflowTests.test_generated_groups_stay_together_and_models_cannot_see_references) ... ok
2026-10-03T14:25:03.3398064Z test_invoice_financial_boundaries_and_grants (test_workflows.WorkflowTests.test_invoice_financial_boundaries_and_grants) ... ok
2026-10-03T14:25:04.1934709Z test_manifest_and_saved_jsonl_are_reproducible (test_workflows.WorkflowTests.test_manifest_and_saved_jsonl_are_reproducible) ... ok
2026-10-03T14:25:04.1941053Z test_refund_requires_exact_account_object_amount_and_current_consent (test_workflows.WorkflowTests.test_refund_requires_exact_account_object_amount_and_current_consent) ... ok
2026-10-03T14:25:04.1944162Z test_security_maintenance_must_match_asset_activity_and_time (test_workflows.WorkflowTests.test_security_maintenance_must_match_asset_activity_and_time) ... ok
2026-10-03T14:25:04.1946191Z test_security_priority_grant_expiry_and_production_isolation (test_workflows.WorkflowTests.test_security_priority_grant_expiry_and_production_isolation) ... ok
2026-10-03T14:25:04.1947175Z 
2026-10-03T14:25:04.1947473Z ----------------------------------------------------------------------
2026-10-03T14:25:04.1948037Z Ran 1369 tests in 169.463s
2026-10-03T14:25:04.1948300Z 
2026-10-03T14:25:04.1948410Z OK (skipped=90)
2026-10-03T14:25:04.1948756Z {
2026-10-03T14:25:04.1949133Z   "trace": "/tmp/tmpvlg4l3b_/typed.json",
2026-10-03T14:25:04.1949521Z   "policy": "random_baseline",
2026-10-03T14:25:04.1949834Z   "is_model": false,
2026-10-03T14:25:04.1950097Z   "episodes": 1,
2026-10-03T14:25:04.1950347Z   "metrics": [
2026-10-03T14:25:04.1950585Z     {
2026-10-03T14:25:04.1950813Z       "steps": 2,
2026-10-03T14:25:04.1951078Z       "stop_reason": "terminal",
2026-10-03T14:25:04.1951391Z       "total_reward": 2.0,
2026-10-03T14:25:04.1951973Z       "mean_decision_latency_ms": 0.0793035000015152,
2026-10-03T14:25:04.1952363Z       "engine_total_reward": 2.0,
2026-10-03T14:25:04.1952678Z       "elapsed_tics": 8
2026-10-03T14:25:04.1952938Z     }
2026-10-03T14:25:04.1953155Z   ]
2026-10-03T14:25:04.1953365Z }
2026-10-03T14:25:04.7122478Z ##[group]Run python -m build --wheel
2026-10-03T14:25:04.7122941Z [36;1mpython -m build --wheel[0m
2026-10-03T14:25:04.7185922Z shell: /usr/bin/bash -e {0}
2026-10-03T14:25:04.7186189Z env:
2026-10-03T14:25:04.7186481Z   pythonLocation: /opt/hostedtoolcache/Python/3.14.7/x64
2026-10-03T14:25:04.7186962Z   PKG_CONFIG_PATH: /opt/hostedtoolcache/Python/3.14.7/x64/lib/pkgconfig
2026-10-03T14:25:04.7187429Z   Python_ROOT_DIR: /opt/hostedtoolcache/Python/3.14.7/x64
2026-10-03T14:25:04.7187851Z   Python2_ROOT_DIR: /opt/hostedtoolcache/Python/3.14.7/x64
2026-10-03T14:25:04.7188278Z   Python3_ROOT_DIR: /opt/hostedtoolcache/Python/3.14.7/x64
2026-10-03T14:25:04.7188702Z   LD_LIBRARY_PATH: /opt/hostedtoolcache/Python/3.14.7/x64/lib
2026-10-03T14:25:04.7189056Z ##[endgroup]
2026-10-03T14:25:04.8773177Z * Creating isolated environment: venv+pip...
2026-10-03T14:25:04.9003049Z * Installing packages in isolated environment:
2026-10-03T14:25:04.9003686Z   - setuptools>=77.0.3
2026-10-03T14:25:06.3360305Z * Getting build dependencies for wheel...
2026-10-03T14:25:06.9517913Z running egg_info
2026-10-03T14:25:06.9533336Z creating open_jev.egg-info
2026-10-03T14:25:06.9534184Z writing open_jev.egg-info/PKG-INFO
2026-10-03T14:25:06.9551462Z writing dependency_links to open_jev.egg-info/dependency_links.txt
2026-10-03T14:25:06.9563092Z writing entry points to open_jev.egg-info/entry_points.txt
2026-10-03T14:25:06.9564405Z writing requirements to open_jev.egg-info/requires.txt
2026-10-03T14:25:06.9565016Z writing top-level names to open_jev.egg-info/top_level.txt
2026-10-03T14:25:06.9565496Z writing manifest file 'open_jev.egg-info/SOURCES.txt'
2026-10-03T14:25:06.9636090Z reading manifest file 'open_jev.egg-info/SOURCES.txt'
2026-10-03T14:25:06.9638167Z adding license file 'LICENSE'
2026-10-03T14:25:06.9656955Z writing manifest file 'open_jev.egg-info/SOURCES.txt'
2026-10-03T14:25:06.9968713Z * Installed build dependency versions:
2026-10-03T14:25:06.9969077Z   - setuptools==84.0.0
2026-10-03T14:25:06.9969621Z * Building wheel...
2026-10-03T14:25:07.1693075Z running bdist_wheel
2026-10-03T14:25:07.1755572Z running build
2026-10-03T14:25:07.1756072Z running build_py
2026-10-03T14:25:07.1777114Z creating build/lib/jev
2026-10-03T14:25:07.1779865Z copying jev/temporal_windows_v5.py -> build/lib/jev
2026-10-03T14:25:07.1782964Z copying jev/mailroom_audit.py -> build/lib/jev
2026-10-03T14:25:07.1785575Z copying jev/ir_eval.py -> build/lib/jev
2026-10-03T14:25:07.1788034Z copying jev/case_doom.py -> build/lib/jev
2026-10-03T14:25:07.1790551Z copying jev/server.py -> build/lib/jev
2026-10-03T14:25:07.1793308Z copying jev/painting.py -> build/lib/jev
2026-10-03T14:25:07.1795766Z copying jev/mailroom_probe.py -> build/lib/jev
2026-10-03T14:25:07.1798076Z copying jev/silent_failure_data.py -> build/lib/jev
2026-10-03T14:25:07.1800513Z copying jev/community_diversity_v2.py -> build/lib/jev
2026-10-03T14:25:07.1803717Z copying jev/boundary_controls_v7.py -> build/lib/jev
2026-10-03T14:25:07.1805972Z copying jev/case_workflows.py -> build/lib/jev
2026-10-03T14:25:07.1808417Z copying jev/metrics.py -> build/lib/jev
2026-10-03T14:25:07.1810770Z copying jev/context_retention_data.py -> build/lib/jev
2026-10-03T14:25:07.1813271Z copying jev/case_customer.py -> build/lib/jev
2026-10-03T14:25:07.1815622Z copying jev/public_data.py -> build/lib/jev
2026-10-03T14:25:07.1817822Z copying jev/ir_data.py -> build/lib/jev
2026-10-03T14:25:07.1820145Z copying jev/game_cli.py -> build/lib/jev
2026-10-03T14:25:07.1822588Z copying jev/sql_semantics_v3.py -> build/lib/jev
2026-10-03T14:25:07.1825091Z copying jev/sharded_model.py -> build/lib/jev
2026-10-03T14:25:07.1827509Z copying jev/community_workflow_v3.py -> build/lib/jev
2026-10-03T14:25:07.1829885Z copying jev/serving.py -> build/lib/jev
2026-10-03T14:25:07.1832443Z copying jev/mailroom_data.py -> build/lib/jev
2026-10-03T14:25:07.1834822Z copying jev/case_entity_alignment.py -> build/lib/jev
2026-10-03T14:25:07.1837112Z copying jev/case_wikiracing.py -> build/lib/jev
2026-10-03T14:25:07.1839711Z copying jev/doom_control.py -> build/lib/jev
2026-10-03T14:25:07.1841675Z copying jev/frontier_controls_v4.py -> build/lib/jev
2026-10-03T14:25:07.1844241Z copying jev/fast_backend.py -> build/lib/jev
2026-10-03T14:25:07.1846442Z copying jev/case_browser.py -> build/lib/jev
2026-10-03T14:25:07.1848806Z copying jev/prefix_cache.py -> build/lib/jev
2026-10-03T14:25:07.1851196Z copying jev/case_sponsor_segments.py -> build/lib/jev
2026-10-03T14:25:07.1853779Z copying jev/wanli_data.py -> build/lib/jev
2026-10-03T14:25:07.1855983Z copying jev/model.py -> build/lib/jev
2026-10-03T14:25:07.1858324Z copying jev/case_drone.py -> build/lib/jev
2026-10-03T14:25:07.1860684Z copying jev/case_reasoning.py -> build/lib/jev
2026-10-03T14:25:07.1863302Z copying jev/case_phone_extraction.py -> build/lib/jev
2026-10-03T14:25:07.1865568Z copying jev/workflows.py -> build/lib/jev
2026-10-03T14:25:07.1867961Z copying jev/games.py -> build/lib/jev
2026-10-03T14:25:07.1870496Z copying jev/predict.py -> build/lib/jev
2026-10-03T14:25:07.1872965Z copying jev/recipes.py -> build/lib/jev
2026-10-03T14:25:07.1875365Z copying jev/shared_resources.py -> build/lib/jev
2026-10-03T14:25:07.1877723Z copying jev/client.py -> build/lib/jev
2026-10-03T14:25:07.1879887Z copying jev/train.py -> build/lib/jev
2026-10-03T14:25:07.1882700Z copying jev/community.py -> build/lib/jev
2026-10-03T14:25:07.1885101Z copying jev/policy_controls_v6.py -> build/lib/jev
2026-10-03T14:25:07.1887441Z copying jev/inference_initialization.py -> build/lib/jev
2026-10-03T14:25:07.1889770Z copying jev/community_routing_v3.py -> build/lib/jev
2026-10-03T14:25:07.1892157Z copying jev/__init__.py -> build/lib/jev
2026-10-03T14:25:07.1894567Z copying jev/case_email_selection.py -> build/lib/jev
2026-10-03T14:25:07.1896843Z copying jev/eval_resources.py -> build/lib/jev
2026-10-03T14:25:07.1899162Z copying jev/case_citation.py -> build/lib/jev
2026-10-03T14:25:07.1901654Z copying jev/case_amount_extraction.py -> build/lib/jev
2026-10-03T14:25:07.1904047Z copying jev/eval_frontier.py -> build/lib/jev
2026-10-03T14:25:07.1906539Z copying jev/api.py -> build/lib/jev
2026-10-03T14:25:07.1908875Z copying jev/mix_data.py -> build/lib/jev
2026-10-03T14:25:07.1911038Z copying jev/data.py -> build/lib/jev
2026-10-03T14:25:07.1913788Z copying jev/frontier_controls_v8.py -> build/lib/jev
2026-10-03T14:25:07.1916187Z copying jev/train_distributed.py -> build/lib/jev
2026-10-03T14:25:07.1919352Z creating build/lib/third_party
2026-10-03T14:25:07.1920559Z copying third_party/__init__.py -> build/lib/third_party
2026-10-03T14:25:07.1923903Z creating build/lib/jev/kernels
2026-10-03T14:25:07.1925136Z copying jev/kernels/triton_tail.py -> build/lib/jev/kernels
2026-10-03T14:25:07.1927623Z copying jev/kernels/final_score.py -> build/lib/jev/kernels
2026-10-03T14:25:07.1929792Z copying jev/kernels/__init__.py -> build/lib/jev/kernels
2026-10-03T14:25:07.1932898Z creating build/lib/third_party/open_jev_fast
2026-10-03T14:25:07.1934199Z copying third_party/open_jev_fast/__init__.py -> build/lib/third_party/open_jev_fast
2026-10-03T14:25:07.1937344Z creating build/lib/third_party/open_jev_fast/src
2026-10-03T14:25:07.1938694Z copying third_party/open_jev_fast/src/fastmodel.py -> build/lib/third_party/open_jev_fast/src
2026-10-03T14:25:07.1941209Z copying third_party/open_jev_fast/src/ext.py -> build/lib/third_party/open_jev_fast/src
2026-10-03T14:25:07.1943360Z copying third_party/open_jev_fast/src/lt_ext.py -> build/lib/third_party/open_jev_fast/src
2026-10-03T14:25:07.1945520Z copying third_party/open_jev_fast/src/__init__.py -> build/lib/third_party/open_jev_fast/src
2026-10-03T14:25:07.1946803Z running egg_info
2026-10-03T14:25:07.1960926Z writing open_jev.egg-info/PKG-INFO
2026-10-03T14:25:07.1976160Z writing dependency_links to open_jev.egg-info/dependency_links.txt
2026-10-03T14:25:07.1979599Z writing entry points to open_jev.egg-info/entry_points.txt
2026-10-03T14:25:07.1987696Z writing requirements to open_jev.egg-info/requires.txt
2026-10-03T14:25:07.1989662Z writing top-level names to open_jev.egg-info/top_level.txt
2026-10-03T14:25:07.2033660Z reading manifest file 'open_jev.egg-info/SOURCES.txt'
2026-10-03T14:25:07.2054045Z adding license file 'LICENSE'
2026-10-03T14:25:07.2076925Z writing manifest file 'open_jev.egg-info/SOURCES.txt'
2026-10-03T14:25:07.2091137Z copying third_party/open_jev_fast/LICENSE -> build/lib/third_party/open_jev_fast
2026-10-03T14:25:07.2093592Z copying third_party/open_jev_fast/PROVENANCE.json -> build/lib/third_party/open_jev_fast
2026-10-03T14:25:07.2095479Z copying third_party/open_jev_fast/THIRD_PARTY_NOTICES.md -> build/lib/third_party/open_jev_fast
2026-10-03T14:25:07.2097637Z copying third_party/open_jev_fast/src/kernels.cu -> build/lib/third_party/open_jev_fast/src
2026-10-03T14:25:07.2100963Z copying third_party/open_jev_fast/src/lt.cpp -> build/lib/third_party/open_jev_fast/src
2026-10-03T14:25:07.2135402Z installing to build/bdist.linux-x86_64/wheel
2026-10-03T14:25:07.2135995Z running install
2026-10-03T14:25:07.2204120Z running install_lib
2026-10-03T14:25:07.2217775Z creating build/bdist.linux-x86_64/wheel
2026-10-03T14:25:07.2220320Z creating build/bdist.linux-x86_64/wheel/jev
2026-10-03T14:25:07.2222134Z copying build/lib/jev/temporal_windows_v5.py -> build/bdist.linux-x86_64/wheel/./jev
2026-10-03T14:25:07.2223908Z copying build/lib/jev/mailroom_audit.py -> build/bdist.linux-x86_64/wheel/./jev
2026-10-03T14:25:07.2225601Z copying build/lib/jev/ir_eval.py -> build/bdist.linux-x86_64/wheel/./jev
2026-10-03T14:25:07.2227435Z copying build/lib/jev/case_doom.py -> build/bdist.linux-x86_64/wheel/./jev
2026-10-03T14:25:07.2229251Z copying build/lib/jev/server.py -> build/bdist.linux-x86_64/wheel/./jev
2026-10-03T14:25:07.2230892Z copying build/lib/jev/painting.py -> build/bdist.linux-x86_64/wheel/./jev
2026-10-03T14:25:07.2232988Z copying build/lib/jev/mailroom_probe.py -> build/bdist.linux-x86_64/wheel/./jev
2026-10-03T14:25:07.2234558Z copying build/lib/jev/silent_failure_data.py -> build/bdist.linux-x86_64/wheel/./jev
2026-10-03T14:25:07.2236277Z copying build/lib/jev/community_diversity_v2.py -> build/bdist.linux-x86_64/wheel/./jev
2026-10-03T14:25:07.2238459Z copying build/lib/jev/boundary_controls_v7.py -> build/bdist.linux-x86_64/wheel/./jev
2026-10-03T14:25:07.2240012Z copying build/lib/jev/case_workflows.py -> build/bdist.linux-x86_64/wheel/./jev
2026-10-03T14:25:07.2241780Z copying build/lib/jev/metrics.py -> build/bdist.linux-x86_64/wheel/./jev
2026-10-03T14:25:07.2243914Z copying build/lib/jev/context_retention_data.py -> build/bdist.linux-x86_64/wheel/./jev
2026-10-03T14:25:07.2245400Z copying build/lib/jev/case_customer.py -> build/bdist.linux-x86_64/wheel/./jev
2026-10-03T14:25:07.2247257Z copying build/lib/jev/public_data.py -> build/bdist.linux-x86_64/wheel/./jev
2026-10-03T14:25:07.2248713Z copying build/lib/jev/ir_data.py -> build/bdist.linux-x86_64/wheel/./jev
2026-10-03T14:25:07.2250534Z copying build/lib/jev/game_cli.py -> build/bdist.linux-x86_64/wheel/./jev
2026-10-03T14:25:07.2252164Z copying build/lib/jev/sql_semantics_v3.py -> build/bdist.linux-x86_64/wheel/./jev
2026-10-03T14:25:07.2254223Z copying build/lib/jev/sharded_model.py -> build/bdist.linux-x86_64/wheel/./jev
2026-10-03T14:25:07.2255820Z copying build/lib/jev/community_workflow_v3.py -> build/bdist.linux-x86_64/wheel/./jev
2026-10-03T14:25:07.2257618Z copying build/lib/jev/serving.py -> build/bdist.linux-x86_64/wheel/./jev
2026-10-03T14:25:07.2259205Z copying build/lib/jev/mailroom_data.py -> build/bdist.linux-x86_64/wheel/./jev
2026-10-03T14:25:07.2261099Z copying build/lib/jev/case_entity_alignment.py -> build/bdist.linux-x86_64/wheel/./jev
2026-10-03T14:25:07.2263191Z copying build/lib/jev/case_wikiracing.py -> build/bdist.linux-x86_64/wheel/./jev
2026-10-03T14:25:07.2264794Z copying build/lib/jev/doom_control.py -> build/bdist.linux-x86_64/wheel/./jev
2026-10-03T14:25:07.2266656Z copying build/lib/jev/frontier_controls_v4.py -> build/bdist.linux-x86_64/wheel/./jev
2026-10-03T14:25:07.2268150Z copying build/lib/jev/fast_backend.py -> build/bdist.linux-x86_64/wheel/./jev
2026-10-03T14:25:07.2270240Z copying build/lib/jev/case_browser.py -> build/bdist.linux-x86_64/wheel/./jev
2026-10-03T14:25:07.2271848Z copying build/lib/jev/prefix_cache.py -> build/bdist.linux-x86_64/wheel/./jev
2026-10-03T14:25:07.2273859Z copying build/lib/jev/case_sponsor_segments.py -> build/bdist.linux-x86_64/wheel/./jev
2026-10-03T14:25:07.2275426Z copying build/lib/jev/wanli_data.py -> build/bdist.linux-x86_64/wheel/./jev
2026-10-03T14:25:07.2277247Z copying build/lib/jev/model.py -> build/bdist.linux-x86_64/wheel/./jev
2026-10-03T14:25:07.2279346Z creating build/bdist.linux-x86_64/wheel/jev/kernels
2026-10-03T14:25:07.2280786Z copying build/lib/jev/kernels/triton_tail.py -> build/bdist.linux-x86_64/wheel/./jev/kernels
2026-10-03T14:25:07.2282659Z copying build/lib/jev/kernels/final_score.py -> build/bdist.linux-x86_64/wheel/./jev/kernels
2026-10-03T14:25:07.2284217Z copying build/lib/jev/kernels/__init__.py -> build/bdist.linux-x86_64/wheel/./jev/kernels
2026-10-03T14:25:07.2285738Z copying build/lib/jev/case_drone.py -> build/bdist.linux-x86_64/wheel/./jev
2026-10-03T14:25:07.2287692Z copying build/lib/jev/case_reasoning.py -> build/bdist.linux-x86_64/wheel/./jev
2026-10-03T14:25:07.2289307Z copying build/lib/jev/case_phone_extraction.py -> build/bdist.linux-x86_64/wheel/./jev
2026-10-03T14:25:07.2291234Z copying build/lib/jev/workflows.py -> build/bdist.linux-x86_64/wheel/./jev
2026-10-03T14:25:07.2293284Z copying build/lib/jev/games.py -> build/bdist.linux-x86_64/wheel/./jev
2026-10-03T14:25:07.2295188Z copying build/lib/jev/predict.py -> build/bdist.linux-x86_64/wheel/./jev
2026-10-03T14:25:07.2296666Z copying build/lib/jev/recipes.py -> build/bdist.linux-x86_64/wheel/./jev
2026-10-03T14:25:07.2298711Z copying build/lib/jev/shared_resources.py -> build/bdist.linux-x86_64/wheel/./jev
2026-10-03T14:25:07.2300321Z copying build/lib/jev/client.py -> build/bdist.linux-x86_64/wheel/./jev
2026-10-03T14:25:07.2301990Z copying build/lib/jev/train.py -> build/bdist.linux-x86_64/wheel/./jev
2026-10-03T14:25:07.2304162Z copying build/lib/jev/community.py -> build/bdist.linux-x86_64/wheel/./jev
2026-10-03T14:25:07.2305889Z copying build/lib/jev/policy_controls_v6.py -> build/bdist.linux-x86_64/wheel/./jev
2026-10-03T14:25:07.2307601Z copying build/lib/jev/inference_initialization.py -> build/bdist.linux-x86_64/wheel/./jev
2026-10-03T14:25:07.2309246Z copying build/lib/jev/community_routing_v3.py -> build/bdist.linux-x86_64/wheel/./jev
2026-10-03T14:25:07.2311065Z copying build/lib/jev/__init__.py -> build/bdist.linux-x86_64/wheel/./jev
2026-10-03T14:25:07.2313058Z copying build/lib/jev/case_email_selection.py -> build/bdist.linux-x86_64/wheel/./jev
2026-10-03T14:25:07.2314626Z copying build/lib/jev/eval_resources.py -> build/bdist.linux-x86_64/wheel/./jev
2026-10-03T14:25:07.2316479Z copying build/lib/jev/case_citation.py -> build/bdist.linux-x86_64/wheel/./jev
2026-10-03T14:25:07.2318335Z copying build/lib/jev/case_amount_extraction.py -> build/bdist.linux-x86_64/wheel/./jev
2026-10-03T14:25:07.2320194Z copying build/lib/jev/eval_frontier.py -> build/bdist.linux-x86_64/wheel/./jev
2026-10-03T14:25:07.2322434Z copying build/lib/jev/api.py -> build/bdist.linux-x86_64/wheel/./jev
2026-10-03T14:25:07.2323887Z copying build/lib/jev/mix_data.py -> build/bdist.linux-x86_64/wheel/./jev
2026-10-03T14:25:07.2325648Z copying build/lib/jev/data.py -> build/bdist.linux-x86_64/wheel/./jev
2026-10-03T14:25:07.2327642Z copying build/lib/jev/frontier_controls_v8.py -> build/bdist.linux-x86_64/wheel/./jev
2026-10-03T14:25:07.2329338Z copying build/lib/jev/train_distributed.py -> build/bdist.linux-x86_64/wheel/./jev
2026-10-03T14:25:07.2331614Z creating build/bdist.linux-x86_64/wheel/third_party
2026-10-03T14:25:07.2333684Z creating build/bdist.linux-x86_64/wheel/third_party/open_jev_fast
2026-10-03T14:25:07.2335157Z copying build/lib/third_party/open_jev_fast/LICENSE -> build/bdist.linux-x86_64/wheel/./third_party/open_jev_fast
2026-10-03T14:25:07.2337051Z copying build/lib/third_party/open_jev_fast/PROVENANCE.json -> build/bdist.linux-x86_64/wheel/./third_party/open_jev_fast
2026-10-03T14:25:07.2338525Z creating build/bdist.linux-x86_64/wheel/third_party/open_jev_fast/src
2026-10-03T14:25:07.2340196Z copying build/lib/third_party/open_jev_fast/src/fastmodel.py -> build/bdist.linux-x86_64/wheel/./third_party/open_jev_fast/src
2026-10-03T14:25:07.2342094Z copying build/lib/third_party/open_jev_fast/src/ext.py -> build/bdist.linux-x86_64/wheel/./third_party/open_jev_fast/src
2026-10-03T14:25:07.2343793Z copying build/lib/third_party/open_jev_fast/src/lt_ext.py -> build/bdist.linux-x86_64/wheel/./third_party/open_jev_fast/src
2026-10-03T14:25:07.2345395Z copying build/lib/third_party/open_jev_fast/src/kernels.cu -> build/bdist.linux-x86_64/wheel/./third_party/open_jev_fast/src
2026-10-03T14:25:07.2348275Z copying build/lib/third_party/open_jev_fast/src/lt.cpp -> build/bdist.linux-x86_64/wheel/./third_party/open_jev_fast/src
2026-10-03T14:25:07.2349942Z copying build/lib/third_party/open_jev_fast/src/__init__.py -> build/bdist.linux-x86_64/wheel/./third_party/open_jev_fast/src
2026-10-03T14:25:07.2351775Z copying build/lib/third_party/open_jev_fast/THIRD_PARTY_NOTICES.md -> build/bdist.linux-x86_64/wheel/./third_party/open_jev_fast
2026-10-03T14:25:07.2353394Z copying build/lib/third_party/open_jev_fast/__init__.py -> build/bdist.linux-x86_64/wheel/./third_party/open_jev_fast
2026-10-03T14:25:07.2354866Z copying build/lib/third_party/__init__.py -> build/bdist.linux-x86_64/wheel/./third_party
2026-10-03T14:25:07.2356093Z running install_egg_info
2026-10-03T14:25:07.2370164Z Copying open_jev.egg-info to build/bdist.linux-x86_64/wheel/./open_jev-0.1.0.dev0-py3.14.egg-info
2026-10-03T14:25:07.2378948Z running install_scripts
2026-10-03T14:25:07.2390404Z creating build/bdist.linux-x86_64/wheel/open_jev-0.1.0.dev0.dist-info/WHEEL
2026-10-03T14:25:07.2395528Z creating '/home/runner/work/Open-Jev/Open-Jev/dist/.tmp-2krfogok/open_jev-0.1.0.dev0-py3-none-any.whl' and adding 'build/bdist.linux-x86_64/wheel' to it
2026-10-03T14:25:07.2398549Z adding 'jev/__init__.py'
2026-10-03T14:25:07.2402486Z adding 'jev/api.py'
2026-10-03T14:25:07.2409746Z adding 'jev/boundary_controls_v7.py'
2026-10-03T14:25:07.2419056Z adding 'jev/case_amount_extraction.py'
2026-10-03T14:25:07.2426533Z adding 'jev/case_browser.py'
2026-10-03T14:25:07.2431325Z adding 'jev/case_citation.py'
2026-10-03T14:25:07.2437742Z adding 'jev/case_customer.py'
2026-10-03T14:25:07.2443583Z adding 'jev/case_doom.py'
2026-10-03T14:25:07.2450714Z adding 'jev/case_drone.py'
2026-10-03T14:25:07.2456928Z adding 'jev/case_email_selection.py'
2026-10-03T14:25:07.2463192Z adding 'jev/case_entity_alignment.py'
2026-10-03T14:25:07.2471235Z adding 'jev/case_phone_extraction.py'
2026-10-03T14:25:07.2478061Z adding 'jev/case_reasoning.py'
2026-10-03T14:25:07.2483581Z adding 'jev/case_sponsor_segments.py'
2026-10-03T14:25:07.2489046Z adding 'jev/case_wikiracing.py'
2026-10-03T14:25:07.2495705Z adding 'jev/case_workflows.py'
2026-10-03T14:25:07.2497686Z adding 'jev/client.py'
2026-10-03T14:25:07.2506772Z adding 'jev/community.py'
2026-10-03T14:25:07.2528396Z adding 'jev/community_diversity_v2.py'
2026-10-03T14:25:07.2535392Z adding 'jev/community_routing_v3.py'
2026-10-03T14:25:07.2547127Z adding 'jev/community_workflow_v3.py'
2026-10-03T14:25:07.2553006Z adding 'jev/context_retention_data.py'
2026-10-03T14:25:07.2560676Z adding 'jev/data.py'
2026-10-03T14:25:07.2563736Z adding 'jev/doom_control.py'
2026-10-03T14:25:07.2570951Z adding 'jev/eval_frontier.py'
2026-10-03T14:25:07.2576893Z adding 'jev/eval_resources.py'
2026-10-03T14:25:07.2580721Z adding 'jev/fast_backend.py'
2026-10-03T14:25:07.2585367Z adding 'jev/frontier_controls_v4.py'
2026-10-03T14:25:07.2594522Z adding 'jev/frontier_controls_v8.py'
2026-10-03T14:25:07.2597498Z adding 'jev/game_cli.py'
2026-10-03T14:25:07.2613196Z adding 'jev/games.py'
2026-10-03T14:25:07.2617064Z adding 'jev/inference_initialization.py'
2026-10-03T14:25:07.2621108Z adding 'jev/ir_data.py'
2026-10-03T14:25:07.2626430Z adding 'jev/ir_eval.py'
2026-10-03T14:25:07.2631978Z adding 'jev/mailroom_audit.py'
2026-10-03T14:25:07.2638422Z adding 'jev/mailroom_data.py'
2026-10-03T14:25:07.2641569Z adding 'jev/mailroom_probe.py'
2026-10-03T14:25:07.2645659Z adding 'jev/metrics.py'
2026-10-03T14:25:07.2647754Z adding 'jev/mix_data.py'
2026-10-03T14:25:07.2653338Z adding 'jev/model.py'
2026-10-03T14:25:07.2658016Z adding 'jev/painting.py'
2026-10-03T14:25:07.2663177Z adding 'jev/policy_controls_v6.py'
2026-10-03T14:25:07.2665383Z adding 'jev/predict.py'
2026-10-03T14:25:07.2670919Z adding 'jev/prefix_cache.py'
2026-10-03T14:25:07.2674126Z adding 'jev/public_data.py'
2026-10-03T14:25:07.2678901Z adding 'jev/recipes.py'
2026-10-03T14:25:07.2682018Z adding 'jev/server.py'
2026-10-03T14:25:07.2685610Z adding 'jev/serving.py'
2026-10-03T14:25:07.2690125Z adding 'jev/sharded_model.py'
2026-10-03T14:25:07.2697817Z adding 'jev/shared_resources.py'
2026-10-03T14:25:07.2703533Z adding 'jev/silent_failure_data.py'
2026-10-03T14:25:07.2713681Z adding 'jev/sql_semantics_v3.py'
2026-10-03T14:25:07.2716819Z adding 'jev/temporal_windows_v5.py'
2026-10-03T14:25:07.2726810Z adding 'jev/train.py'
2026-10-03T14:25:07.2738277Z adding 'jev/train_distributed.py'
2026-10-03T14:25:07.2741755Z adding 'jev/wanli_data.py'
2026-10-03T14:25:07.2750055Z adding 'jev/workflows.py'
2026-10-03T14:25:07.2752193Z adding 'jev/kernels/__init__.py'
2026-10-03T14:25:07.2754711Z adding 'jev/kernels/final_score.py'
2026-10-03T14:25:07.2756831Z adding 'jev/kernels/triton_tail.py'
2026-10-03T14:25:07.2759888Z adding 'open_jev-0.1.0.dev0.dist-info/licenses/LICENSE'
2026-10-03T14:25:07.2761634Z adding 'third_party/__init__.py'
2026-10-03T14:25:07.2764097Z adding 'third_party/open_jev_fast/LICENSE'
2026-10-03T14:25:07.2766137Z adding 'third_party/open_jev_fast/PROVENANCE.json'
2026-10-03T14:25:07.2769527Z adding 'third_party/open_jev_fast/THIRD_PARTY_NOTICES.md'
2026-10-03T14:25:07.2771102Z adding 'third_party/open_jev_fast/__init__.py'
2026-10-03T14:25:07.2773447Z adding 'third_party/open_jev_fast/src/__init__.py'
2026-10-03T14:25:07.2776129Z adding 'third_party/open_jev_fast/src/ext.py'
2026-10-03T14:25:07.2785929Z adding 'third_party/open_jev_fast/src/fastmodel.py'
2026-10-03T14:25:07.2836932Z adding 'third_party/open_jev_fast/src/kernels.cu'
2026-10-03T14:25:07.2842501Z adding 'third_party/open_jev_fast/src/lt.cpp'
2026-10-03T14:25:07.2844530Z adding 'third_party/open_jev_fast/src/lt_ext.py'
2026-10-03T14:25:07.2855834Z adding 'open_jev-0.1.0.dev0.dist-info/METADATA'
2026-10-03T14:25:07.2857419Z adding 'open_jev-0.1.0.dev0.dist-info/WHEEL'
2026-10-03T14:25:07.2858779Z adding 'open_jev-0.1.0.dev0.dist-info/entry_points.txt'
2026-10-03T14:25:07.2860067Z adding 'open_jev-0.1.0.dev0.dist-info/top_level.txt'
2026-10-03T14:25:07.2864225Z adding 'open_jev-0.1.0.dev0.dist-info/RECORD'
2026-10-03T14:25:07.2866641Z removing build/bdist.linux-x86_64/wheel
2026-10-03T14:25:07.3274541Z Successfully built open_jev-0.1.0.dev0-py3-none-any.whl
2026-10-03T14:25:07.3493724Z ##[group]Run python - <<'PY'
2026-10-03T14:25:07.3494143Z [36;1mpython - <<'PY'[0m
2026-10-03T14:25:07.3494401Z [36;1mfrom pathlib import Path[0m
2026-10-03T14:25:07.3494682Z [36;1mfrom zipfile import ZipFile[0m
2026-10-03T14:25:07.3494973Z [36;1mwheel = next(Path('dist').glob('*.whl'))[0m
2026-10-03T14:25:07.3495268Z [36;1mrequired = {[0m
2026-10-03T14:25:07.3495505Z [36;1m    'jev/kernels/triton_tail.py',[0m
2026-10-03T14:25:07.3495839Z [36;1m    'third_party/open_jev_fast/src/fastmodel.py',[0m
2026-10-03T14:25:07.3496198Z [36;1m    'third_party/open_jev_fast/src/kernels.cu',[0m
2026-10-03T14:25:07.3496526Z [36;1m    'third_party/open_jev_fast/src/lt.cpp',[0m
2026-10-03T14:25:07.3496837Z [36;1m    'third_party/open_jev_fast/LICENSE',[0m
2026-10-03T14:25:07.3497167Z [36;1m    'third_party/open_jev_fast/PROVENANCE.json',[0m
2026-10-03T14:25:07.3497532Z [36;1m    'third_party/open_jev_fast/THIRD_PARTY_NOTICES.md',[0m
2026-10-03T14:25:07.3497877Z [36;1m}[0m
2026-10-03T14:25:07.3498086Z [36;1mwith ZipFile(wheel) as package:[0m
2026-10-03T14:25:07.3498521Z [36;1m    assert required <= set(package.namelist()), required - set(package.namelist())[0m
2026-10-03T14:25:07.3498950Z [36;1mPY[0m
2026-10-03T14:25:07.3561959Z shell: /usr/bin/bash -e {0}
2026-10-03T14:25:07.3562212Z env:
2026-10-03T14:25:07.3562472Z   pythonLocation: /opt/hostedtoolcache/Python/3.14.7/x64
2026-10-03T14:25:07.3562898Z   PKG_CONFIG_PATH: /opt/hostedtoolcache/Python/3.14.7/x64/lib/pkgconfig
2026-10-03T14:25:07.3563319Z   Python_ROOT_DIR: /opt/hostedtoolcache/Python/3.14.7/x64
2026-10-03T14:25:07.3563688Z   Python2_ROOT_DIR: /opt/hostedtoolcache/Python/3.14.7/x64
2026-10-03T14:25:07.3564070Z   Python3_ROOT_DIR: /opt/hostedtoolcache/Python/3.14.7/x64
2026-10-03T14:25:07.3564446Z   LD_LIBRARY_PATH: /opt/hostedtoolcache/Python/3.14.7/x64/lib
2026-10-03T14:25:07.3564761Z ##[endgroup]
2026-10-03T14:25:07.4093022Z Post job cleanup.
2026-10-03T14:25:07.5348637Z (node:7091) [DEP0040] DeprecationWarning: The `punycode` module is deprecated. Please use a userland alternative instead.
2026-10-03T14:25:07.5349573Z (Use `node --trace-deprecation ...` to show where the warning was created)
2026-10-03T14:25:07.5538483Z Post job cleanup.
2026-10-03T14:25:07.6412459Z [command]/usr/bin/git version
2026-10-03T14:25:07.6450715Z git version 2.55.0
2026-10-03T14:25:07.6494881Z Temporarily overriding HOME='/home/runner/work/_temp/d581b665-e0d3-4924-9018-43207fabc232' before making global git config changes
2026-10-03T14:25:07.6495983Z Adding repository directory to the temporary git global config as a safe directory
2026-10-03T14:25:07.6502051Z [command]/usr/bin/git config --global --add safe.directory /home/runner/work/Open-Jev/Open-Jev
2026-10-03T14:25:07.6544317Z [command]/usr/bin/git config --local --name-only --get-regexp core\.sshCommand
2026-10-03T14:25:07.6580560Z [command]/usr/bin/git submodule foreach --recursive sh -c "git config --local --name-only --get-regexp 'core\.sshCommand' && git config --local --unset-all 'core.sshCommand' || :"
2026-10-03T14:25:07.6837947Z [command]/usr/bin/git config --local --name-only --get-regexp http\.https\:\/\/github\.com\/\.extraheader
2026-10-03T14:25:07.6863797Z http.https://github.com/.extraheader
2026-10-03T14:25:07.6875122Z [command]/usr/bin/git config --local --unset-all http.https://github.com/.extraheader
2026-10-03T14:25:07.6911696Z [command]/usr/bin/git submodule foreach --recursive sh -c "git config --local --name-only --get-regexp 'http\.https\:\/\/github\.com\/\.extraheader' && git config --local --unset-all 'http.https://github.com/.extraheader' || :"
2026-10-03T14:25:07.7179144Z [command]/usr/bin/git config --local --name-only --get-regexp ^includeIf\.gitdir:
2026-10-03T14:25:07.7222908Z [command]/usr/bin/git submodule foreach --recursive git config --local --show-origin --name-only --get-regexp remote.origin.url
2026-10-03T14:25:07.7648529Z Cleaning up orphan processes
2026-10-03T14:25:07.8027043Z ##[warning]Node.js 20 is deprecated. The following actions target Node.js 20 but are being forced to run on Node.js 24: actions/checkout@v4, actions/setup-python@v5. For more information see: https://github.blog/changelog/2025-09-19-deprecation-of-node-20-on-github-actions-runners/
