2026-10-03T14:22:05.5789068Z Current runner version: '2.337.0'
2026-10-03T14:22:05.5826591Z ##[group]Runner Image Provisioner
2026-10-03T14:22:05.5827898Z Hosted Compute Agent
2026-10-03T14:22:05.5828943Z Version: 20260901.588
2026-10-03T14:22:05.5829968Z Commit: f88ec8081b781fac6c440065ac7ff9e710ce3d0b
2026-10-03T14:22:05.5831288Z Build Date: 2026-09-01T19:56:44Z
2026-10-03T14:22:05.5832461Z Worker ID: {2d594294-ae80-49af-bad8-37660ebf8aa9}
2026-10-03T14:22:05.5833729Z Azure Region: eastus
2026-10-03T14:22:05.5834858Z ##[endgroup]
2026-10-03T14:22:05.5837758Z ##[group]Operating System
2026-10-03T14:22:05.5838898Z Ubuntu
2026-10-03T14:22:05.5839748Z 24.04.5
2026-10-03T14:22:05.5840572Z LTS
2026-10-03T14:22:05.5841544Z ##[endgroup]
2026-10-03T14:22:05.5842417Z ##[group]Runner Image
2026-10-03T14:22:05.5843429Z Image: ubuntu-24.04
2026-10-03T14:22:05.5844503Z Version: 20260927.320.1
2026-10-03T14:22:05.5847504Z Included Software: https://github.com/actions/runner-images/blob/ubuntu24/20260927.320/images/ubuntu/Ubuntu2404-Readme.md
2026-10-03T14:22:05.5850326Z Image Release: https://github.com/actions/runner-images/releases/tag/ubuntu24%2F20260927.320
2026-10-03T14:22:05.5852029Z ##[endgroup]
2026-10-03T14:22:05.5854129Z ##[group]GITHUB_TOKEN Permissions
2026-10-03T14:22:05.5857292Z Contents: read
2026-10-03T14:22:05.5858427Z Metadata: read
2026-10-03T14:22:05.5859353Z Packages: read
2026-10-03T14:22:05.5860262Z ##[endgroup]
2026-10-03T14:22:05.5863345Z Secret source: Actions
2026-10-03T14:22:05.5864848Z Cache mode: write
2026-10-03T14:22:05.5866649Z Prepare workflow directory
2026-10-03T14:22:05.6340902Z Prepare all required actions
2026-10-03T14:22:05.6411118Z Getting action download info
2026-10-03T14:22:05.8553708Z Download action repository 'actions/checkout@v4' (SHA:11d5960a326750d5838078e36cf38b85af677262)
2026-10-03T14:22:05.9949920Z Download action repository 'actions/setup-python@v5' (SHA:a26af69be951a213d495a4c3e4e4022e16d87065)
2026-10-03T14:22:06.1791272Z Complete job name: portable (3.10)
2026-10-03T14:22:06.2558174Z ##[group]Run actions/checkout@v4
2026-10-03T14:22:06.2559076Z with:
2026-10-03T14:22:06.2559531Z   repository: Zefan-Cai/Open-Jev
2026-10-03T14:22:06.2563454Z   token: ***
2026-10-03T14:22:06.2563920Z   ssh-strict: true
2026-10-03T14:22:06.2564425Z   ssh-user: git
2026-10-03T14:22:06.2564879Z   persist-credentials: true
2026-10-03T14:22:06.2565378Z   clean: true
2026-10-03T14:22:06.2566039Z   sparse-checkout-cone-mode: true
2026-10-03T14:22:06.2566560Z   fetch-depth: 1
2026-10-03T14:22:06.2566986Z   fetch-tags: false
2026-10-03T14:22:06.2567427Z   show-progress: true
2026-10-03T14:22:06.2567868Z   lfs: false
2026-10-03T14:22:06.2568280Z   submodules: false
2026-10-03T14:22:06.2568734Z   set-safe-directory: true
2026-10-03T14:22:06.2569237Z   allow-unsafe-pr-checkout: false
2026-10-03T14:22:06.2570006Z ##[endgroup]
2026-10-03T14:22:06.3587256Z Syncing repository: Zefan-Cai/Open-Jev
2026-10-03T14:22:06.3589708Z ##[group]Getting Git version info
2026-10-03T14:22:06.3590952Z Working directory is '/home/runner/work/Open-Jev/Open-Jev'
2026-10-03T14:22:06.3592578Z [command]/usr/bin/git version
2026-10-03T14:22:06.3683553Z git version 2.55.0
2026-10-03T14:22:06.3712742Z ##[endgroup]
2026-10-03T14:22:06.3726164Z Temporarily overriding HOME='/home/runner/work/_temp/4175de11-8b9a-4483-998a-3c5f88185f38' before making global git config changes
2026-10-03T14:22:06.3728700Z Adding repository directory to the temporary git global config as a safe directory
2026-10-03T14:22:06.3732203Z [command]/usr/bin/git config --global --add safe.directory /home/runner/work/Open-Jev/Open-Jev
2026-10-03T14:22:06.3788828Z Deleting the contents of '/home/runner/work/Open-Jev/Open-Jev'
2026-10-03T14:22:06.3794942Z ##[group]Initializing the repository
2026-10-03T14:22:06.3798528Z [command]/usr/bin/git init /home/runner/work/Open-Jev/Open-Jev
2026-10-03T14:22:06.3921148Z hint: Using 'master' as the name for the initial branch. This default branch name
2026-10-03T14:22:06.3923243Z hint: will change to "main" in Git 3.0. To configure the initial branch name
2026-10-03T14:22:06.3925380Z hint: to use in all of your new repositories, which will suppress this warning,
2026-10-03T14:22:06.3927065Z hint: call:
2026-10-03T14:22:06.3927892Z hint:
2026-10-03T14:22:06.3928925Z hint: 	git config --global init.defaultBranch <name>
2026-10-03T14:22:06.3929871Z hint:
2026-10-03T14:22:06.3930825Z hint: Names commonly chosen instead of 'master' are 'main', 'trunk' and
2026-10-03T14:22:06.3932100Z hint: 'development'. The just-created branch can be renamed via this command:
2026-10-03T14:22:06.3933126Z hint:
2026-10-03T14:22:06.3933882Z hint: 	git branch -m <name>
2026-10-03T14:22:06.3934648Z hint:
2026-10-03T14:22:06.3935953Z hint: Disable this message with "git config set advice.defaultBranchName false"
2026-10-03T14:22:06.3937375Z Initialized empty Git repository in /home/runner/work/Open-Jev/Open-Jev/.git/
2026-10-03T14:22:06.3940106Z [command]/usr/bin/git remote add origin https://github.com/Zefan-Cai/Open-Jev
2026-10-03T14:22:06.3993166Z ##[endgroup]
2026-10-03T14:22:06.3994316Z ##[group]Disabling automatic garbage collection
2026-10-03T14:22:06.3998269Z [command]/usr/bin/git config --local gc.auto 0
2026-10-03T14:22:06.4031627Z ##[endgroup]
2026-10-03T14:22:06.4032735Z ##[group]Setting up auth
2026-10-03T14:22:06.4040347Z [command]/usr/bin/git config --local --name-only --get-regexp core\.sshCommand
2026-10-03T14:22:06.4073560Z [command]/usr/bin/git submodule foreach --recursive sh -c "git config --local --name-only --get-regexp 'core\.sshCommand' && git config --local --unset-all 'core.sshCommand' || :"
2026-10-03T14:22:06.4486799Z [command]/usr/bin/git config --local --name-only --get-regexp http\.https\:\/\/github\.com\/\.extraheader
2026-10-03T14:22:06.4525626Z [command]/usr/bin/git submodule foreach --recursive sh -c "git config --local --name-only --get-regexp 'http\.https\:\/\/github\.com\/\.extraheader' && git config --local --unset-all 'http.https://github.com/.extraheader' || :"
2026-10-03T14:22:06.4748978Z [command]/usr/bin/git config --local --name-only --get-regexp ^includeIf\.gitdir:
2026-10-03T14:22:06.4784525Z [command]/usr/bin/git submodule foreach --recursive git config --local --show-origin --name-only --get-regexp remote.origin.url
2026-10-03T14:22:06.5008669Z [command]/usr/bin/git config --local http.https://github.com/.extraheader AUTHORIZATION: basic ***
2026-10-03T14:22:06.5049269Z ##[endgroup]
2026-10-03T14:22:06.5050753Z ##[group]Fetching the repository
2026-10-03T14:22:06.5061189Z [command]/usr/bin/git -c protocol.version=2 fetch --no-tags --prune --no-recurse-submodules --depth=1 origin +2571666656e5b470a6198f9abe6e37591c8a445e:refs/remotes/origin/codex/open-jev-v8-source-loader-20261003
2026-10-03T14:22:07.7523718Z From https://github.com/Zefan-Cai/Open-Jev
2026-10-03T14:22:07.7526406Z  * [new ref]         2571666656e5b470a6198f9abe6e37591c8a445e -> origin/codex/open-jev-v8-source-loader-20261003
2026-10-03T14:22:07.7533477Z ##[endgroup]
2026-10-03T14:22:07.7535029Z ##[group]Determining the checkout info
2026-10-03T14:22:07.7537504Z ##[endgroup]
2026-10-03T14:22:07.7538870Z [command]/usr/bin/git sparse-checkout disable
2026-10-03T14:22:07.7604149Z [command]/usr/bin/git config --local --unset-all extensions.worktreeConfig
2026-10-03T14:22:07.7646859Z ##[group]Checking out the ref
2026-10-03T14:22:07.7649204Z [command]/usr/bin/git checkout --progress --force -B codex/open-jev-v8-source-loader-20261003 refs/remotes/origin/codex/open-jev-v8-source-loader-20261003
2026-10-03T14:22:08.1822500Z Switched to a new branch 'codex/open-jev-v8-source-loader-20261003'
2026-10-03T14:22:08.1827415Z branch 'codex/open-jev-v8-source-loader-20261003' set up to track 'origin/codex/open-jev-v8-source-loader-20261003'.
2026-10-03T14:22:08.1857394Z ##[endgroup]
2026-10-03T14:22:08.1907238Z [command]/usr/bin/git log -1 --format=%H
2026-10-03T14:22:08.1933720Z 2571666656e5b470a6198f9abe6e37591c8a445e
2026-10-03T14:22:08.2212156Z ##[group]Run actions/setup-python@v5
2026-10-03T14:22:08.2212588Z with:
2026-10-03T14:22:08.2212880Z   python-version: 3.10
2026-10-03T14:22:08.2213204Z   check-latest: false
2026-10-03T14:22:08.2216749Z   token: ***
2026-10-03T14:22:08.2217091Z   update-environment: true
2026-10-03T14:22:08.2217429Z   allow-prereleases: false
2026-10-03T14:22:08.2217761Z   freethreaded: false
2026-10-03T14:22:08.2218060Z ##[endgroup]
2026-10-03T14:22:08.3531377Z ##[group]Installed versions
2026-10-03T14:22:08.3622889Z (node:2294) [DEP0040] DeprecationWarning: The `punycode` module is deprecated. Please use a userland alternative instead.
2026-10-03T14:22:08.3624163Z (Use `node --trace-deprecation ...` to show where the warning was created)
2026-10-03T14:22:08.3624959Z Successfully set up CPython (3.10.21)
2026-10-03T14:22:08.3626071Z ##[endgroup]
2026-10-03T14:22:08.3816627Z ##[group]Run python -m pip install build
2026-10-03T14:22:08.3817377Z [36;1mpython -m pip install build[0m
2026-10-03T14:22:08.4245823Z shell: /usr/bin/bash -e {0}
2026-10-03T14:22:08.4246255Z env:
2026-10-03T14:22:08.4246610Z   pythonLocation: /opt/hostedtoolcache/Python/3.10.21/x64
2026-10-03T14:22:08.4311656Z   PKG_CONFIG_PATH: /opt/hostedtoolcache/Python/3.10.21/x64/lib/pkgconfig
2026-10-03T14:22:08.4312249Z   Python_ROOT_DIR: /opt/hostedtoolcache/Python/3.10.21/x64
2026-10-03T14:22:08.4312747Z   Python2_ROOT_DIR: /opt/hostedtoolcache/Python/3.10.21/x64
2026-10-03T14:22:08.4313222Z   Python3_ROOT_DIR: /opt/hostedtoolcache/Python/3.10.21/x64
2026-10-03T14:22:08.4313686Z   LD_LIBRARY_PATH: /opt/hostedtoolcache/Python/3.10.21/x64/lib
2026-10-03T14:22:08.4314070Z ##[endgroup]
2026-10-03T14:22:11.2840919Z Collecting build
2026-10-03T14:22:11.3328207Z   Downloading build-1.6.1-py3-none-any.whl.metadata (5.6 kB)
2026-10-03T14:22:11.3520734Z Collecting packaging>=24.0 (from build)
2026-10-03T14:22:11.3559708Z   Downloading packaging-26.3-py3-none-any.whl.metadata (3.5 kB)
2026-10-03T14:22:11.3670389Z Collecting pyproject_hooks (from build)
2026-10-03T14:22:11.3708761Z   Downloading pyproject_hooks-1.3.3-py3-none-any.whl.metadata (1.3 kB)
2026-10-03T14:22:11.4070317Z Collecting tomli>=1.1.0 (from build)
2026-10-03T14:22:11.4112898Z   Downloading tomli-2.4.1-py3-none-any.whl.metadata (10 kB)
2026-10-03T14:22:11.4217422Z Downloading build-1.6.1-py3-none-any.whl (31 kB)
2026-10-03T14:22:11.4308545Z Downloading packaging-26.3-py3-none-any.whl (129 kB)
2026-10-03T14:22:11.4431290Z Downloading tomli-2.4.1-py3-none-any.whl (14 kB)
2026-10-03T14:22:11.4490486Z Downloading pyproject_hooks-1.3.3-py3-none-any.whl (10 kB)
2026-10-03T14:22:11.5901509Z Installing collected packages: tomli, pyproject_hooks, packaging, build
2026-10-03T14:22:11.7011324Z 
2026-10-03T14:22:11.7026908Z Successfully installed build-1.6.1 packaging-26.3 pyproject_hooks-1.3.3 tomli-2.4.1
2026-10-03T14:22:11.7504734Z ##[group]Run python -m unittest discover -s tests -v
2026-10-03T14:22:11.7505185Z [36;1mpython -m unittest discover -s tests -v[0m
2026-10-03T14:22:11.7573253Z shell: /usr/bin/bash -e {0}
2026-10-03T14:22:11.7573542Z env:
2026-10-03T14:22:11.7573839Z   pythonLocation: /opt/hostedtoolcache/Python/3.10.21/x64
2026-10-03T14:22:11.7574333Z   PKG_CONFIG_PATH: /opt/hostedtoolcache/Python/3.10.21/x64/lib/pkgconfig
2026-10-03T14:22:11.7574826Z   Python_ROOT_DIR: /opt/hostedtoolcache/Python/3.10.21/x64
2026-10-03T14:22:11.7575256Z   Python2_ROOT_DIR: /opt/hostedtoolcache/Python/3.10.21/x64
2026-10-03T14:22:11.7575861Z   Python3_ROOT_DIR: /opt/hostedtoolcache/Python/3.10.21/x64
2026-10-03T14:22:11.7576300Z   LD_LIBRARY_PATH: /opt/hostedtoolcache/Python/3.10.21/x64/lib
2026-10-03T14:22:11.7576665Z ##[endgroup]
2026-10-03T14:22:13.6308894Z test_case_family_split_and_all_candidate_coverage_are_checked (test_amount_extraction_control.AmountCorpusAuditTest) ... ok
2026-10-03T14:22:13.6346211Z test_generator_refuses_existing_dataset (test_amount_extraction_control.AmountCorpusAuditTest) ... ok
2026-10-03T14:22:13.7531529Z test_hidden_labels_and_metadata_do_not_enter_candidate_prompts (test_amount_extraction_control.AmountCorpusAuditTest) ... ok
2026-10-03T14:22:13.9296397Z test_joint_selection_reference_and_target_mutation_is_rejected (test_amount_extraction_control.AmountCorpusAuditTest) ... ok
2026-10-03T14:22:14.3267952Z test_original_dataset_counts_recall_and_all_candidate_attributes (test_amount_extraction_control.AmountCorpusAuditTest) ... ok
2026-10-03T14:22:14.7267395Z test_output_exclusive_creation_preserves_concurrent_file (test_amount_extraction_control.AmountCorpusAuditTest) ... ok
2026-10-03T14:22:14.7368987Z test_output_rejects_dataset_paths_aliases_existing_files_and_symlinks (test_amount_extraction_control.AmountCorpusAuditTest) ... ok
2026-10-03T14:22:14.7512899Z test_source_hash_binding_and_unsealed_bytes_fail (test_amount_extraction_control.AmountCorpusAuditTest) ... ok
2026-10-03T14:22:15.0919760Z test_undefined_is_credit_cannot_gain_a_false_supervised_target (test_amount_extraction_control.AmountCorpusAuditTest) ... ok
2026-10-03T14:22:15.4088026Z test_visible_flow_mutation_and_wrong_normalization_are_independently_detected (test_amount_extraction_control.AmountCorpusAuditTest) ... ok
2026-10-03T14:22:15.4109287Z test_absent_unsupported_and_unrecalled_populated_fields_remain_distinct (test_amount_extraction_control.AmountRuntimeTest) ... ok
2026-10-03T14:22:15.4138653Z test_ascii_numeric_grammar_rejects_mixed_unicode_malformed_grouping_and_signs (test_amount_extraction_control.AmountRuntimeTest) ... ok
2026-10-03T14:22:15.4176323Z test_candidate_limit_no_candidates_and_actual_candidate_binding (test_amount_extraction_control.AmountRuntimeTest) ... ok
2026-10-03T14:22:15.4184383Z test_candidates_are_query_blind_and_preserve_original_character_offsets (test_amount_extraction_control.AmountRuntimeTest) ... ok
2026-10-03T14:22:15.4196054Z test_exact_long_decimal_credit_and_zero_ignore_decimal_context (test_amount_extraction_control.AmountRuntimeTest) ... ok
2026-10-03T14:22:15.4222371Z test_independent_candidate_scanner_matches_prefix_suffix_and_boundary_cases (test_amount_extraction_control.AmountRuntimeTest) ... ok
2026-10-03T14:22:15.4224865Z test_locale_headers_are_required_unique_and_consistent (test_amount_extraction_control.AmountRuntimeTest) ... ok
2026-10-03T14:22:15.4236398Z test_partial_candidates_cannot_be_rescued_by_counterfeit_predictions (test_amount_extraction_control.AmountRuntimeTest) ... ok
2026-10-03T14:22:15.4241853Z test_same_value_different_offsets_and_duplicate_target_roles (test_amount_extraction_control.AmountRuntimeTest) ... ok
2026-10-03T14:22:15.4268444Z test_unsigned_signed_conflicting_and_unknown_directions (test_amount_extraction_control.AmountRuntimeTest) ... ok
2026-10-03T14:22:15.4305403Z test_visible_currency_markers_declarations_and_unsupported_currency (test_amount_extraction_control.AmountRuntimeTest) ... ok
2026-10-03T14:22:15.4348676Z test_changed_artifact_manifest_and_producer_fail_before_dispatch (test_amount_service.AmountDriverFixtures) ... ok
2026-10-03T14:22:15.4449355Z test_driver_preserves_actual_wire_and_labels_fixture_evidence (test_amount_service.AmountDriverFixtures) ... ok
2026-10-03T14:22:15.4516278Z test_failed_default_http_path_never_marks_model_quality_evidence (test_amount_service.AmountDriverFixtures) ... ok
2026-10-03T14:22:15.4582959Z test_interruption_during_b_retains_a_and_all_fixed_denominators (test_amount_service.AmountDriverFixtures) ... ok
2026-10-03T14:22:15.4588704Z test_invalid_identity_split_and_transport_flags_fail_before_dispatch (test_amount_service.AmountDriverFixtures) ... ok
2026-10-03T14:22:15.4628120Z test_loader_never_decodes_nonheldout_or_typed_targets (test_amount_service.AmountDriverFixtures) ... ok
2026-10-03T14:22:15.4657710Z test_outputs_cannot_overwrite_data_or_follow_output_symlink (test_amount_service.AmountDriverFixtures) ... ok
2026-10-03T14:22:15.4750254Z test_postrun_artifact_change_invalidates_evidence (test_amount_service.AmountDriverFixtures) ... ok
2026-10-03T14:22:15.4772148Z test_absent_and_ambiguous_refusals_have_no_unique_target_denominator (test_amount_service.AmountPipelineFixtures) ... ok
2026-10-03T14:22:15.4814720Z test_b_http_schema_and_identity_failure_preserve_a (test_amount_service.AmountPipelineFixtures) ... ok
2026-10-03T14:22:15.4837747Z test_b_uses_actual_wrong_role_even_when_presence_is_false (test_amount_service.AmountPipelineFixtures) ... ok
2026-10-03T14:22:15.4859376Z test_equal_amount_at_other_offset_is_not_extraction_success (test_amount_service.AmountPipelineFixtures) ... ok
2026-10-03T14:22:15.4871222Z test_forced_single_none_still_requires_a_valid_response (test_amount_service.AmountPipelineFixtures) ... ok
2026-10-03T14:22:15.4888173Z test_metadata_locks_before_invalid_a_answers (test_amount_service.AmountPipelineFixtures) ... ok
2026-10-03T14:22:15.4899268Z test_miss_none_is_span_correct_but_never_extracted (test_amount_service.AmountPipelineFixtures) ... ok
2026-10-03T14:22:15.4917424Z test_partial_selection_cannot_be_repaired_by_predicted_known (test_amount_service.AmountPipelineFixtures) ... ok
2026-10-03T14:22:15.4939083Z test_predicted_known_cannot_make_unknown_reference_normalizable (test_amount_service.AmountPipelineFixtures) ... ok
2026-10-03T14:22:15.4957813Z test_presence_false_keeps_value_score_but_fails_complete_output (test_amount_service.AmountPipelineFixtures) ... ok
2026-10-03T14:22:15.4976218Z test_reference_currency_review_keeps_known_credit_denominator (test_amount_service.AmountPipelineFixtures) ... ok
2026-10-03T14:22:15.5014683Z test_reference_known_credit_scored_even_when_predicted_unknown (test_amount_service.AmountPipelineFixtures) ... ok
2026-10-03T14:22:15.5086137Z test_supported_currencies_signs_and_long_decimal_remain_exact (test_amount_service.AmountPipelineFixtures) ... ok
2026-10-03T14:22:15.5142083Z test_undefined_credit_still_requires_protocol_valid_probability (test_amount_service.AmountPipelineFixtures) ... ok
2026-10-03T14:22:15.5196474Z test_undefined_credit_valid_probabilities_do_not_change_defined_score (test_amount_service.AmountPipelineFixtures) ... ok
2026-10-03T14:22:15.5250182Z test_wrong_b_heads_collapsing_to_review_do_not_succeed (test_amount_service.AmountPipelineFixtures) ... ok
2026-10-03T14:22:15.5252606Z test_all_primitives_have_exact_typed_outputs (test_api.TypedAPITest) ... ok
2026-10-03T14:22:15.5490329Z test_api_cold_import_has_no_torch_dependency (test_api.TypedAPITest) ... ok
2026-10-03T14:22:15.5494499Z test_cardinality_and_primitive_validation (test_api.TypedAPITest) ... ok
2026-10-03T14:22:15.5496136Z test_input_mutation_does_not_modify_compiled_state (test_api.TypedAPITest) ... ok
2026-10-03T14:22:15.5498705Z test_invalid_model_probabilities_are_never_formatted_as_answers (test_api.TypedAPITest) ... ok
2026-10-03T14:22:15.5500227Z test_noul_accepts_optional_true_and_false_criteria (test_api.TypedAPITest) ... ok
2026-10-03T14:22:15.5503176Z test_question_ids_labels_targets_and_siblings_are_isolated (test_api.TypedAPITest) ... ok
2026-10-03T14:22:15.5504631Z test_score_sees_own_description_without_neighbor_or_number (test_api.TypedAPITest) ... ok
2026-10-03T14:22:15.5505924Z test_structured_descriptions_and_null_choice_descriptions (test_api.TypedAPITest) ... ok
2026-10-03T14:22:15.6248582Z test_cli_writes_fresh_receipt_and_sparse_stdout (test_audit_boundary_controls_v7.IndependentDirectoryTests) ... ok
2026-10-03T14:22:15.6693627Z test_complete_hand_authored_groups_and_structural_limits (test_audit_boundary_controls_v7.IndependentDirectoryTests) ... ok
2026-10-03T14:22:15.7624886Z test_condition_target_and_incomplete_group_rejected (test_audit_boundary_controls_v7.IndependentDirectoryTests) ... ok
2026-10-03T14:22:15.8674969Z test_directory_receipt_hashes_and_changed_bytes (test_audit_boundary_controls_v7.IndependentDirectoryTests) ... ok
2026-10-03T14:22:15.9204083Z test_kind_truth_coupled_structure_rejected (test_audit_boundary_controls_v7.IndependentDirectoryTests) ... ok
2026-10-03T14:22:15.9915373Z test_rehashed_wrong_rule_still_fails_independent_replay (test_audit_boundary_controls_v7.IndependentDirectoryTests) ... ok
2026-10-03T14:22:15.9920646Z test_gregorian_offset_manual_epoch_fixtures (test_audit_boundary_controls_v7.IndependentGoldTests) ... ok
2026-10-03T14:22:15.9922003Z test_integer_ledger_cancellation_negative_and_one_cent_without_float (test_audit_boundary_controls_v7.IndependentGoldTests) ... ok
2026-10-03T14:22:15.9925222Z test_joint_latest_valid_scope_and_minimum_capacity (test_audit_boundary_controls_v7.IndependentGoldTests) ... ok
2026-10-03T14:22:15.9927052Z test_policy_withdrawal_and_absence_precede_fraud_no_fallback (test_audit_boundary_controls_v7.IndependentGoldTests) ... ok
2026-10-03T14:22:15.9928548Z test_revocation_precedes_missing_consent (test_audit_boundary_controls_v7.IndependentGoldTests) ... ok
2026-10-03T14:22:15.9929944Z test_temporal_closed_endpoints_and_exception_precedence (test_audit_boundary_controls_v7.IndependentGoldTests) ... ok
2026-10-03T14:22:15.9932891Z test_visible_question_and_contract_mutations_rejected (test_audit_boundary_controls_v7.IndependentGoldTests) ... ok
2026-10-03T14:22:15.9936128Z test_exact_integer_and_boolean_types (test_audit_frontier_controls_v8.PrimitiveOracleTests) ... ok
2026-10-03T14:22:15.9938453Z test_money_format_is_exact_for_negative_and_large_cents (test_audit_frontier_controls_v8.PrimitiveOracleTests) ... ok
2026-10-03T14:22:15.9942020Z test_time_uses_absolute_instants_across_offsets_and_leap_day (test_audit_frontier_controls_v8.PrimitiveOracleTests) ... ok
2026-10-03T14:22:15.9945886Z test_account_closed_paused_unknown_active_priority_and_latest_status (test_audit_frontier_controls_v8.StateOracleTests) ... ok
2026-10-03T14:22:15.9950738Z test_canonical_balance_candidates_and_visible_proposition (test_audit_frontier_controls_v8.StateOracleTests) ... ok
2026-10-03T14:22:15.9954893Z test_composed_signed_ledgers_and_no_boolean_or_neutral_operands (test_audit_frontier_controls_v8.StateOracleTests) ... ok
2026-10-03T14:22:15.9958492Z test_department_fraud_before_missing_or_withdrawn_policy (test_audit_frontier_controls_v8.StateOracleTests) ... ok
2026-10-03T14:22:15.9963563Z test_department_normalization_preserves_unequal_components_under_reversal (test_audit_frontier_controls_v8.StateOracleTests) ... ok
2026-10-03T14:22:15.9967084Z test_foreign_reference_equality_is_preserved_even_when_gold_ignores_it (test_audit_frontier_controls_v8.StateOracleTests) ... ok
2026-10-03T14:22:15.9970225Z test_full_matcher_accepts_consistent_renaming_and_rejects_identity_merge (test_audit_frontier_controls_v8.StateOracleTests) ... ok
2026-10-03T14:22:15.9974667Z test_full_typed_presentation_matcher_preserves_all_ids_and_values (test_audit_frontier_controls_v8.StateOracleTests) ... ok
2026-10-03T14:22:15.9978122Z test_joint_exact_capacity_scope_and_revoke_before_missing_or_amount (test_audit_frontier_controls_v8.StateOracleTests) ... ok
2026-10-03T14:22:15.9980911Z test_joint_regrant_and_tied_authority (test_audit_frontier_controls_v8.StateOracleTests) ... ok
2026-10-03T14:22:15.9994450Z test_old_directory_and_symlink_are_rejected_before_any_row_read (test_audit_frontier_controls_v8.StateOracleTests) ... ok
2026-10-03T14:22:15.9998211Z test_policy_identity_normalization_ignores_mapping_key_order (test_audit_frontier_controls_v8.StateOracleTests) ... ok
2026-10-03T14:22:16.0010757Z test_provisional_split_hash_rejected_before_row_json_parse (test_audit_frontier_controls_v8.StateOracleTests) ... ok
2026-10-03T14:22:16.0015667Z test_refund_canonical_first_last_annotations_survive_verified_reversal (test_audit_frontier_controls_v8.StateOracleTests) ... ok
2026-10-03T14:22:16.0017836Z test_refund_recall_before_document_ineligibility_and_total_capacity (test_audit_frontier_controls_v8.StateOracleTests) ... ok
2026-10-03T14:22:16.0021363Z test_temporal_advance_and_duplicate_applicable_sequences (test_audit_frontier_controls_v8.StateOracleTests) ... ok
2026-10-03T14:22:16.0046837Z test_temporal_corrected_anchor_inclusive_endpoints_exception_and_invalid_records (test_audit_frontier_controls_v8.StateOracleTests) ... ok
2026-10-03T14:22:16.0047762Z test_topic_scope_exactness_and_duplicate_valid_revision (test_audit_frontier_controls_v8.StateOracleTests) ... ok
2026-10-03T14:22:16.0048611Z test_topics_resolve_all_authority_before_fraud_and_ignore_invalid_high_revision (test_audit_frontier_controls_v8.StateOracleTests) ... ok
2026-10-03T14:22:16.0049485Z test_visible_policy_and_proposition_gold_ignore_metadata_conditions (test_audit_frontier_controls_v8.StateOracleTests) ... ok
2026-10-03T14:22:16.0058295Z test_every_git_variable_scrubbed_and_exact_commit_used (test_audit_frontier_training_v8.CommittedSourceTests) ... ok
2026-10-03T14:22:16.0186012Z test_wrong_repository_root_or_source_bytes_rejected (test_audit_frontier_training_v8.CommittedSourceTests) ... ok
2026-10-03T14:22:16.0262572Z test_full_numeric_menu_origin_changes_block_but_shared_atom_alone_does_not (test_audit_frontier_training_v8.InputIsolationTests) ... ok
2026-10-03T14:22:16.0282765Z test_inherited_typed_query_clone_blocks_and_exports_no_old_body (test_audit_frontier_training_v8.InputIsolationTests) ... ok
2026-10-03T14:22:16.0290417Z test_noul_query_outcome_and_negation_cannot_be_ignored (test_audit_frontier_training_v8.InputIsolationTests) ... ok
2026-10-03T14:22:16.0299471Z test_option_rotation_and_invisible_metadata_do_not_disguise_compiled_copy (test_audit_frontier_training_v8.InputIsolationTests) ... ok
2026-10-03T14:22:16.0341386Z test_parent_closure_excludes_unmatched_siblings_without_label_selection (test_audit_frontier_training_v8.InputIsolationTests) ... ok
2026-10-03T14:22:16.0347471Z test_parent_identifier_cannot_cross_splits_with_different_facts (test_audit_frontier_training_v8.InputIsolationTests) ... ok
2026-10-03T14:22:16.0462605Z test_preserved_full_receipt_to_exact_declared_derivative_passes (test_audit_frontier_training_v8.InputIsolationTests) ... ok
2026-10-03T14:22:16.0472426Z test_reserved_to_reserved_collision_is_checked (test_audit_frontier_training_v8.InputIsolationTests) ... ok
2026-10-03T14:22:16.0482549Z test_subject_edges_are_preserved_independently (test_audit_frontier_training_v8.InputIsolationTests) ... ok
2026-10-03T14:22:16.0503761Z test_unreviewed_question_does_not_claim_proven_semantic_clone (test_audit_frontier_training_v8.InputIsolationTests) ... ok
2026-10-03T14:22:16.0537846Z test_actual_bytes_and_order_pass (test_audit_frontier_training_v8.StageIsolationTests) ... ok
2026-10-03T14:22:16.0539237Z test_blocked_preflight_fails_before_directory_read (test_audit_frontier_training_v8.StageIsolationTests) ... ok
2026-10-03T14:22:16.2266583Z test_changed_input_receipt_binding_rejected (test_audit_frontier_training_v8.StageIsolationTests) ... ok
2026-10-03T14:22:16.5725373Z test_declared_blocks_counts_and_membership_cannot_be_forged (test_audit_frontier_training_v8.StageIsolationTests) ... ok
2026-10-03T14:22:16.5779605Z test_missing_retained_or_changed_bytes_rejected (test_audit_frontier_training_v8.StageIsolationTests) ... ok
2026-10-03T14:22:16.6167881Z test_promotion_model_calls_or_executable_argv_is_rejected (test_audit_frontier_training_v8.StageIsolationTests) ... ok
2026-10-03T14:22:16.6258515Z test_reordered_or_mutated_row_is_rejected_even_if_manifest_self_consistent (test_audit_frontier_training_v8.StageIsolationTests) ... ok
2026-10-03T14:22:16.6350769Z test_unexpected_nonjsonl_jsonl_symlink_and_fifo_rejected_before_read (test_audit_frontier_training_v8.StageIsolationTests) ... ok
2026-10-03T14:22:16.6360071Z test_bad_probabilities_and_derived_fields_are_schema_failures (test_benchmark_generation.GenerationBenchmarkTest) ... ok
2026-10-03T14:22:16.6386127Z test_cli_rejects_unknown_contract_and_existing_outputs_before_model_loading (test_benchmark_generation.GenerationBenchmarkTest) ... ok
2026-10-03T14:22:16.6390218Z test_complete_typed_response_and_json_validate (test_benchmark_generation.GenerationBenchmarkTest) ... ok
2026-10-03T14:22:16.6393668Z test_contracts_are_explicit_and_never_inferred_from_output (test_benchmark_generation.GenerationBenchmarkTest) ... ok
2026-10-03T14:22:16.6396549Z test_generation_prompt_contains_same_state_all_questions_and_full_output (test_benchmark_generation.GenerationBenchmarkTest) ... ok
2026-10-03T14:22:16.6401834Z test_missing_questions_candidates_and_fields_are_coverage_failures (test_benchmark_generation.GenerationBenchmarkTest) ... ok
2026-10-03T14:22:16.6403548Z test_no_ratio_when_even_one_output_is_invalid (test_benchmark_generation.GenerationBenchmarkTest) ... ok
2026-10-03T14:22:16.6406399Z test_parse_failure_is_not_repaired (test_benchmark_generation.GenerationBenchmarkTest) ... ok
2026-10-03T14:22:16.6409482Z test_probability_json_rejects_fences_duplicate_keys_and_nonfinite_literals (test_benchmark_generation.GenerationBenchmarkTest) ... ok
2026-10-03T14:22:16.6414231Z test_probability_mapping_requires_exact_question_and_candidate_coverage (test_benchmark_generation.GenerationBenchmarkTest) ... ok
2026-10-03T14:22:16.6419054Z test_probability_mapping_uses_identical_typed_formatter_without_mutation (test_benchmark_generation.GenerationBenchmarkTest) ... ok
2026-10-03T14:22:16.6421940Z test_probability_prompt_retains_request_and_omits_derived_output_fields (test_benchmark_generation.GenerationBenchmarkTest) ... ok
2026-10-03T14:22:16.6428737Z test_probability_simplex_is_strict_and_invalid_numbers_are_not_repaired (test_benchmark_generation.GenerationBenchmarkTest) ... ok
2026-10-03T14:22:16.6443745Z test_timed_probability_trials_retain_raw_text_on_success_and_failure (test_benchmark_generation.GenerationBenchmarkTest) ... ok
2026-10-03T14:22:16.9384598Z test_complete_schema_split_counts_independent_replay_and_determinism (test_boundary_controls_v7.BoundaryControlsV7Tests) ... ok
2026-10-03T14:22:16.9607382Z test_condition_kind_truth_correct_position_and_action_coverage (test_boundary_controls_v7.BoundaryControlsV7Tests) ... ok
2026-10-03T14:22:17.4422847Z test_corrupt_target_proposal_incomplete_group_and_same_split_duplicate (test_boundary_controls_v7.BoundaryControlsV7Tests) ... ok
2026-10-03T14:22:17.8124075Z test_frozen_output_hashes_and_hidden_metadata_are_absent_from_prompts (test_boundary_controls_v7.BoundaryControlsV7Tests) ... ok
2026-10-03T14:22:17.8134127Z test_independent_replay_rejects_malformed_authority_facts (test_boundary_controls_v7.BoundaryControlsV7Tests) ... ok
2026-10-03T14:22:17.8141054Z test_joint_scope_sequence_revocation_missing_and_one_cent_mutations (test_boundary_controls_v7.BoundaryControlsV7Tests) ... ok
2026-10-03T14:22:17.8146331Z test_latest_authority_missing_withdrawal_and_fraud_priority_mutations (test_boundary_controls_v7.BoundaryControlsV7Tests) ... ok
2026-10-03T14:22:17.8229166Z test_numeric_signed_zero_cancelled_integer_money_and_nonmedian_gold (test_boundary_controls_v7.BoundaryControlsV7Tests) ... ok
2026-10-03T14:22:18.5491735Z test_separate_audit_rejects_changed_rules_conditions_and_labels (test_boundary_controls_v7.BoundaryControlsV7Tests) ... ok
2026-10-03T14:22:18.5557934Z test_structural_alternatives_cross_kind_and_noul_truth (test_boundary_controls_v7.BoundaryControlsV7Tests) ... ok
2026-10-03T14:22:18.5603738Z test_temporal_inclusive_offsets_exception_and_equivalent_negative (test_boundary_controls_v7.BoundaryControlsV7Tests) ... ok
2026-10-03T14:22:18.5605884Z test_exact_frozen_train_and_only_train_row_file_read (test_boundary_train_coverage.TrainCoverageTests) ... skipped 'Frozen Train artifact is not part of a clean checkout'
2026-10-03T14:22:18.5617302Z test_exact_state_margins_and_authority_blocked_exclusion (test_boundary_train_coverage.TrainCoverageTests) ... ok
2026-10-03T14:22:18.5623657Z test_missing_choice_action_and_no_input_mutation (test_boundary_train_coverage.TrainCoverageTests) ... ok
2026-10-03T14:22:18.5626944Z test_non_train_rows_rejected (test_boundary_train_coverage.TrainCoverageTests) ... ok
2026-10-03T14:22:18.5637363Z test_symlink_to_heldout_filename_rejected_before_read (test_boundary_train_coverage.TrainCoverageTests) ... ok
2026-10-03T14:22:18.5648714Z test_unsafe_heldout_filename_rejected_before_read (test_boundary_train_coverage.TrainCoverageTests) ... ok
2026-10-03T14:22:18.5653657Z test_wrong_hash_rejected_before_json_parsing (test_boundary_train_coverage.TrainCoverageTests) ... ok
2026-10-03T14:22:19.3999180Z test_disclosed_done_wait_blocked_precedence (test_browser_data.BrowserDataTest) ... ok
2026-10-03T14:22:20.4112834Z test_disk_roundtrip_preserves_runtime_indices_and_refuses_overwrite (test_browser_data.BrowserDataTest) ... ok
2026-10-03T14:22:20.4140923Z test_exact_scope_ignores_completed_or_busy_distractors (test_browser_data.BrowserDataTest) ... ok
2026-10-03T14:22:20.4644966Z test_forced_active_heads_are_counted_and_never_invent_candidates (test_browser_data.BrowserDataTest) ... ok
2026-10-03T14:22:20.9399241Z test_group_and_ood_isolation_and_determinism (test_browser_data.BrowserDataTest) ... ok
2026-10-03T14:22:21.0139625Z test_id_and_order_permutation_preserves_semantic_proposal (test_browser_data.BrowserDataTest) ... ok
2026-10-03T14:22:21.0159382Z test_injection_cannot_change_any_active_answer (test_browser_data.BrowserDataTest) ... ok
2026-10-03T14:22:21.0263685Z test_metadata_cannot_leak_into_model_prompts (test_browser_data.BrowserDataTest) ... ok
2026-10-03T14:22:21.0288846Z test_rejects_changed_runtime_questions_and_saved_answers (test_browser_data.BrowserDataTest) ... ok
2026-10-03T14:22:21.4213815Z test_rows_are_exact_runtime_inputs_with_only_active_labels (test_browser_data.BrowserDataTest) ... ok
2026-10-03T14:22:21.4751914Z test_same_snapshot_value_counterfactuals_require_the_goal (test_browser_data.BrowserDataTest) ... ok
2026-10-03T14:22:21.4779705Z test_unavailable_or_nonunique_values_are_blocked (test_browser_data.BrowserDataTest) ... ok
2026-10-03T14:22:21.6432291Z test_active_heads_are_scored_even_for_wrong_operation_and_forced_heads_are_separate (test_browser_service_eval.BrowserServiceEvaluationTests) ... ok
2026-10-03T14:22:21.6540479Z test_confidence_is_required_and_consistent_even_on_inactive_heads (test_browser_service_eval.BrowserServiceEvaluationTests) ... ok
2026-10-03T14:22:22.2099223Z test_identity_drift_and_missing_checkpoint_are_failures (test_browser_service_eval.BrowserServiceEvaluationTests) ... ok
2026-10-03T14:22:22.7609270Z test_real_http_failures_remain_in_denominators_and_wire_bytes_are_retained (test_browser_service_eval.BrowserServiceEvaluationTests) ... ok
2026-10-03T14:22:22.8080936Z test_selection_is_label_independent_grouped_balanced_and_order_invariant (test_browser_service_eval.BrowserServiceEvaluationTests) ... ok
2026-10-03T14:22:22.8082848Z test_largest_fanout_is_not_necessarily_longest_sequence (test_candidate_length_audit.CandidateLengthStatsTests) ... ok
2026-10-03T14:22:22.8084275Z test_limits_count_rows_and_sequences_with_strict_exceeds_semantics (test_candidate_length_audit.CandidateLengthStatsTests) ... ok
2026-10-03T14:22:22.8699038Z test_cosmetic_reproduction_does_not_describe_broken_functionality (test_case_customer.CustomerCaseTests) ... ok
2026-10-03T14:22:22.8703330Z test_hidden_worlds_with_identical_observations_have_identical_targets (test_case_customer.CustomerCaseTests) ... ok
2026-10-03T14:22:22.8705084Z test_latent_marginal_is_defined_not_a_guessed_confidence (test_case_customer.CustomerCaseTests) ... ok
2026-10-03T14:22:22.9112243Z test_ood_full_utterances_and_templates_are_reserved (test_case_customer.CustomerCaseTests) ... ok
2026-10-03T14:22:23.0033062Z test_saved_workflow_choice_order_roundtrip (test_case_customer.CustomerCaseTests) ... ok
2026-10-03T14:22:23.0034376Z test_source_question_forms_and_independent_score_descriptions (test_case_customer.CustomerCaseTests) ... ok
2026-10-03T14:22:23.1293248Z test_workflows_compile_to_the_training_inputs_and_targets (test_case_customer.CustomerCaseTests) ... ok
2026-10-03T14:22:23.1294554Z test_bearing_coordinate_convention_and_wrap (test_case_doom.DoomDecisionTests) ... ok
2026-10-03T14:22:23.1328925Z test_episode_splits_and_ood_seed_ranges (test_case_doom.DoomDecisionTests) ... ok
2026-10-03T14:22:23.1329997Z test_movement_momentum_and_action_button_order (test_case_doom.DoomDecisionTests) ... ok
2026-10-03T14:22:23.1331078Z test_shot_grade_boundaries_and_attack (test_case_doom.DoomDecisionTests) ... ok
2026-10-03T14:22:23.1336454Z test_three_tasks_share_episode_group_and_keep_labels_out_of_input (test_case_doom.DoomDecisionTests) ... ok
2026-10-03T14:22:23.1337964Z test_real_rollout_replay_and_tamper_detection (test_case_doom.DoomEngineTests) ... skipped 'optional vizdoom environment unavailable'
2026-10-03T14:22:23.1339699Z test_small_engine_dataset_validates_and_replays_id_and_ood (test_case_doom.DoomEngineTests) ... skipped 'optional vizdoom environment unavailable'
2026-10-03T14:22:23.1341722Z test_arithmetic_uses_exact_integer_floor_and_remainder (test_case_reasoning.ReasoningControlTest) ... ok
2026-10-03T14:22:23.1343071Z test_code_interpreter_matches_hand_calculated_branches (test_case_reasoning.ReasoningControlTest) ... ok
2026-10-03T14:22:23.1344463Z test_directed_reachability_handles_cycles_and_disconnected_nodes (test_case_reasoning.ReasoningControlTest) ... ok
2026-10-03T14:22:23.1346142Z test_evidence_filters_aliases_retractions_and_tied_conflicts (test_case_reasoning.ReasoningControlTest) ... ok
2026-10-03T14:22:23.1347336Z test_filter_sort_and_missing_rank (test_case_reasoning.ReasoningControlTest) ... ok
2026-10-03T14:22:23.1946846Z test_generated_records_have_domain_coverage_and_grouped_splits (test_case_reasoning.ReasoningControlTest) ... ok
2026-10-03T14:22:23.1947843Z test_logic_truth_tables (test_case_reasoning.ReasoningControlTest) ... ok
2026-10-03T14:22:23.1951003Z test_oracles_labels_and_ids_do_not_leak_into_candidate_prompts (test_case_reasoning.ReasoningControlTest) ... ok
2026-10-03T14:22:23.1952010Z test_temporal_order_compares_instants_not_local_dates (test_case_reasoning.ReasoningControlTest) ... ok
2026-10-03T14:22:23.1954900Z test_all_unreachable_candidates_are_filtered_without_gold_insertion (test_case_wikiracing.WikiCaseTest) ... ok
2026-10-03T14:22:23.1956694Z test_browser_back_replays_navigation_stack (test_case_wikiracing.WikiCaseTest) ... ok
2026-10-03T14:22:23.1962240Z test_candidates_do_not_change_with_hidden_distances_or_human_trace (test_case_wikiracing.WikiCaseTest) ... ok
2026-10-03T14:22:23.1963394Z test_invalid_limits_are_rejected (test_case_wikiracing.WikiCaseTest) ... ok
2026-10-03T14:22:23.1966562Z test_path_separators_are_split_before_title_decoding (test_case_wikiracing.WikiCaseTest) ... ok
2026-10-03T14:22:23.1969803Z test_policy_ties_are_uniform_over_best_candidates (test_case_wikiracing.WikiCaseTest) ... ok
2026-10-03T14:22:23.1970781Z test_reverse_bfs_is_directed_and_leaves_unreachable_absent (test_case_wikiracing.WikiCaseTest) ... ok
2026-10-03T14:22:23.2313553Z test_target_isolation_determinism_and_workflow_paths (test_case_wikiracing.WikiCaseTest) ... ok
2026-10-03T14:22:23.2316591Z test_unreachable_option_is_zero_and_distance_stays_metadata (test_case_wikiracing.WikiCaseTest) ... ok
2026-10-03T14:22:23.3222345Z test_calibration_split_count_ids_temperature_and_targets_are_bound (test_checkpoint_package.CheckpointPackageTests) ... ok
2026-10-03T14:22:23.4159734Z test_completed_single_2b_9b_and_ddp_27b_package_without_source_data (test_checkpoint_package.CheckpointPackageTests) ... ok
2026-10-03T14:22:23.4448323Z test_data_relocation_keeps_hashes_and_changes_are_rejected (test_checkpoint_package.CheckpointPackageTests) ... ok
2026-10-03T14:22:23.4449862Z test_duplicate_json_keys_are_rejected (test_checkpoint_package.CheckpointPackageTests) ... ok
2026-10-03T14:22:23.5002465Z test_incomplete_resume_only_and_noncontiguous_training_are_rejected (test_checkpoint_package.CheckpointPackageTests) ... ok
2026-10-03T14:22:23.5421580Z test_missing_extra_symlinked_and_ambiguous_checkpoint_files_are_rejected (test_checkpoint_package.CheckpointPackageTests) ... ok
2026-10-03T14:22:23.6489687Z test_model_revision_adapter_and_ddp_identity_are_bound (test_checkpoint_package.CheckpointPackageTests) ... ok
2026-10-03T14:22:23.6768682Z test_output_no_overwrite_and_source_race_leaves_no_published_partial (test_checkpoint_package.CheckpointPackageTests) ... ok
2026-10-03T14:22:23.7326136Z test_pinned_upstream_license_and_metric_scope_are_required (test_checkpoint_package.CheckpointPackageTests) ... ok
2026-10-03T14:22:23.8050071Z test_reload_requires_finite_equal_shape_real_saved_evidence (test_checkpoint_package.CheckpointPackageTests) ... ok
2026-10-03T14:22:23.8974212Z test_stale_metrics_calibration_and_prediction_grouping_are_rejected (test_checkpoint_package.CheckpointPackageTests) ... ok
2026-10-03T14:22:24.1487420Z test_absent_quote_cannot_acquire_confidence_or_a_semantic_record (test_citation_control.CitationCorpusAuditTest) ... ok
2026-10-03T14:22:24.2350440Z test_auxiliary_spec_is_not_the_semantic_oracle (test_citation_control.CitationCorpusAuditTest) ... ok
2026-10-03T14:22:24.2370654Z test_build_refuses_to_overwrite_existing_corpus (test_citation_control.CitationCorpusAuditTest) ... ok
2026-10-03T14:22:24.2730026Z test_entire_source_document_and_claims_remain_in_one_split (test_citation_control.CitationCorpusAuditTest) ... ok
2026-10-03T14:22:24.3161296Z test_final_rendered_fact_change_is_detected_despite_unchanged_auxiliary_spec (test_citation_control.CitationCorpusAuditTest) ... ok
2026-10-03T14:22:24.3531928Z test_gate_offsets_and_typography_modes_are_checked (test_citation_control.CitationCorpusAuditTest) ... ok
2026-10-03T14:22:24.3631895Z test_labels_ids_provenance_and_specs_are_absent_from_model_inputs (test_citation_control.CitationCorpusAuditTest) ... ok
2026-10-03T14:22:24.4042881Z test_matching_wrong_reference_and_target_are_rejected (test_citation_control.CitationCorpusAuditTest) ... ok
2026-10-03T14:22:24.5597857Z test_original_corpus_audits_and_generation_is_deterministic (test_citation_control.CitationCorpusAuditTest) ... ok
2026-10-03T14:22:24.7258627Z test_report_can_only_create_a_new_file_and_uses_exclusive_open (test_citation_control.CitationCorpusAuditTest) ... ok
2026-10-03T14:22:24.7320055Z test_report_cannot_write_inside_input_data_or_through_directory_alias (test_citation_control.CitationCorpusAuditTest) ... ok
2026-10-03T14:22:24.7360781Z test_report_refuses_existing_files_and_normal_or_dangling_symlinks (test_citation_control.CitationCorpusAuditTest) ... ok
2026-10-03T14:22:24.7390652Z test_unsealed_bytes_fail_before_semantic_audit (test_citation_control.CitationCorpusAuditTest) ... ok
2026-10-03T14:22:24.7399494Z test_delivery_negation_and_irrelevant_numbers (test_citation_control.CitationSemanticsTest) ... ok
2026-10-03T14:22:24.7407611Z test_inclusive_amount_and_leap_date_boundaries_in_both_grammars (test_citation_control.CitationSemanticsTest) ... ok
2026-10-03T14:22:24.7409827Z test_quote_gate_only_normalizes_typography_and_whitespace (test_citation_control.CitationSemanticsTest) ... ok
2026-10-03T14:22:24.7422314Z test_unknown_completions_and_dominating_known_failure (test_citation_control.CitationSemanticsTest) ... ok
2026-10-03T14:22:24.7425738Z test_unsupported_rules_ambiguous_registers_and_claims_fail_closed (test_citation_control.CitationSemanticsTest) ... ok
2026-10-03T14:22:24.7452727Z test_browser_does_not_offer_arbitrary_text_generation (test_community.CommunityTest) ... ok
2026-10-03T14:22:24.7475381Z test_browser_rejects_missing_and_duplicate_observations (test_community.CommunityTest) ... ok
2026-10-03T14:22:24.7498494Z test_browser_rejects_stale_revision_before_postprocessing (test_community.CommunityTest) ... ok
2026-10-03T14:22:24.7523485Z test_browser_resolves_only_supplied_text_and_observed_target (test_community.CommunityTest) ... ok
2026-10-03T14:22:24.7549746Z test_browser_select_options_and_click_ids_remain_observed (test_community.CommunityTest) ... ok
2026-10-03T14:22:24.7571095Z test_builders_reject_empty_observations (test_community.CommunityTest) ... ok
2026-10-03T14:22:24.7595739Z test_drone_requires_verified_climb_clearance_and_never_motor_commands (test_community.CommunityTest) ... ok
2026-10-03T14:22:24.7632310Z test_every_example_compiles_and_declared_field_scales_are_exact (test_community.CommunityTest) ... ok
2026-10-03T14:22:24.7656487Z test_heist_uses_one_guards_local_observation_and_allows_no_target (test_community.CommunityTest) ... ok
2026-10-03T14:22:24.7684190Z test_malformed_responses_cannot_become_proposals (test_community.CommunityTest) ... ok
2026-10-03T14:22:24.7709799Z test_pokemon_faint_forecast_is_conditioned_on_selected_move (test_community.CommunityTest) ... ok
2026-10-03T14:22:24.7733108Z test_runescape_keeps_catalog_and_poll_intervals_closed (test_community.CommunityTest) ... ok
2026-10-03T14:22:25.1172069Z test_candidate_permutation_and_metadata_do_not_determine_the_label (test_community_diversity_v2.CommunityDiversityV2Test) ... ok
2026-10-03T14:22:25.3118988Z test_eighty_authored_families_and_all_schema_kinds (test_community_diversity_v2.CommunityDiversityV2Test) ... ok
2026-10-03T14:22:26.7449423Z test_family_and_source_instance_are_disjoint (test_community_diversity_v2.CommunityDiversityV2Test) ... ok
2026-10-03T14:22:28.3519158Z test_generation_has_no_input_file_reads_and_is_reproducible (test_community_diversity_v2.CommunityDiversityV2Test) ... ok
2026-10-03T14:22:28.4133992Z test_minimal_counterfactuals_change_winner_and_only_one_visible_fact (test_community_diversity_v2.CommunityDiversityV2Test) ... ok
2026-10-03T14:22:28.5033975Z test_target_tampering_and_visible_policy_tampering_fail (test_community_diversity_v2.CommunityDiversityV2Test) ... ok
2026-10-03T14:22:28.5035220Z test_three_valued_negation_exception_and_arithmetic (test_community_diversity_v2.CommunityDiversityV2Test) ... ok
2026-10-03T14:22:28.5037387Z test_boolean_truth_tables_and_unknown_comparisons (test_community_diversity_v2_audit.IndependentVisibleRulesTest) ... ok
2026-10-03T14:22:28.5046985Z test_independent_end_to_end_choice_probe_and_target_corruption (test_community_diversity_v2_audit.IndependentVisibleRulesTest) ... ok
2026-10-03T14:22:28.5049814Z test_nested_arithmetic_sets_and_quoted_literals (test_community_diversity_v2_audit.IndependentVisibleRulesTest) ... ok
2026-10-03T14:22:28.5052321Z test_benchmark_labels_are_excluded_and_candidate_order_ignored (test_community_hard_mix.HardMixtureTests) ... ok
2026-10-03T14:22:28.5054014Z test_empty_benchmark_cannot_pass_screen (test_community_hard_mix.HardMixtureTests) ... ok
2026-10-03T14:22:28.5090475Z test_mixture_allows_empty_output_but_never_overwrites_existing_data (test_community_hard_mix.HardMixtureTests) ... ok
2026-10-03T14:22:28.5164066Z test_mixture_checks_both_manifest_schemas_and_caps_across_replay_folders (test_community_hard_mix.HardMixtureTests) ... ok
2026-10-03T14:22:28.5191391Z test_mixture_rejects_stale_or_missing_source_hashes (test_community_hard_mix.HardMixtureTests) ... ok
2026-10-03T14:22:28.5240230Z test_quarantine_removes_whole_training_group (test_community_hard_mix.HardMixtureTests) ... ok
2026-10-03T14:22:28.5242858Z test_replay_spreads_across_groups_and_never_duplicates (test_community_hard_mix.HardMixtureTests) ... ok
2026-10-03T14:22:28.5244624Z test_request_index_reads_only_visible_fields (test_community_hard_mix.HardMixtureTests) ... ok
2026-10-03T14:22:28.5278618Z test_screen_never_exports_benchmark_text_or_uses_gold (test_community_hard_mix.HardMixtureTests) ... ok
2026-10-03T14:22:28.5295608Z test_candidate_microbatches_preserve_all_logits_without_gold (test_community_pair.CommunityPairTest) ... ok
2026-10-03T14:22:28.5370102Z test_completed_checkpoint_identity_and_changed_content (test_community_pair.CommunityPairTest) ... ok
2026-10-03T14:22:28.5440651Z test_cpu_panel_validation_precedes_gpu_environment_check (test_community_pair.CommunityPairTest) ... ok
2026-10-03T14:22:28.5468110Z test_errors_and_soft_targets_keep_complete_denominators (test_community_pair.CommunityPairTest) ... ok
2026-10-03T14:22:28.5563047Z test_frozen_panel_and_all_five_source_hashes_are_checked (test_community_pair.CommunityPairTest) ... ok
2026-10-03T14:22:28.5613130Z test_group_and_input_leakage_rejected_even_under_new_ids (test_community_pair.CommunityPairTest) ... ok
2026-10-03T14:22:28.5642404Z test_group_macro_equal_weights_keep_errors_missing_and_soft_only_groups (test_community_pair.CommunityPairTest) ... ok
2026-10-03T14:22:28.5659636Z test_identical_checkpoint_content_is_a_valid_negative_result (test_community_pair.CommunityPairTest) ... ok
2026-10-03T14:22:28.5754237Z test_incomplete_wrong_revision_reload_and_calibration_fail_closed (test_community_pair.CommunityPairTest) ... ok
2026-10-03T14:22:28.5773176Z test_nonfinite_logits_and_deadline_record_no_fake_probabilities (test_community_pair.CommunityPairTest) ... ok
2026-10-03T14:22:28.5809674Z test_noul_imbalance_and_failures_have_class_conditional_denominators (test_community_pair.CommunityPairTest) ... ok
2026-10-03T14:22:28.5872969Z test_panel_is_reproducible_group_round_robin_with_honest_counts (test_community_pair.CommunityPairTest) ... ok
2026-10-03T14:22:28.5958161Z test_three_new_versions_and_multiple_sources_are_bound (test_community_pair.CommunityPairTest) ... ok
2026-10-03T14:22:28.6372148Z test_catalog_specific_shared_labels_keep_one_global_split_and_explicit_catalog (test_community_routing_v3.RoutingV3Tests) ... ok
2026-10-03T14:22:28.7413107Z test_choice_target_and_abstain_positions_and_noul_labels_are_balanced (test_community_routing_v3.RoutingV3Tests) ... ok
2026-10-03T14:22:28.7936990Z test_full_catalog_protocol_uses_only_official_test_and_is_not_training_rows (test_community_routing_v3.RoutingV3Tests) ... ok
2026-10-03T14:22:28.7947968Z test_global_official_holdouts_are_reserved_before_duplicate_and_conflict_filtering (test_community_routing_v3.RoutingV3Tests) ... ok
2026-10-03T14:22:28.8576624Z test_gold_present_omitted_and_noul_contracts_are_exact_and_bounded (test_community_routing_v3.RoutingV3Tests) ... ok
2026-10-03T14:22:28.9096320Z test_order_independence_and_duplicate_conflicts (test_community_routing_v3.RoutingV3Tests) ... ok
2026-10-03T14:22:28.9110641Z test_pinned_source_mutation_and_existing_output_fail_without_overwrite (test_community_routing_v3.RoutingV3Tests) ... ok
2026-10-03T14:22:28.9538073Z test_approval_manual_counterevidence_absence_and_conflict (test_community_workflow_v3.WorkflowV3Tests) ... ok
2026-10-03T14:22:29.1839422Z test_builder_preserves_existing_outputs_and_reproduces_hashes (test_community_workflow_v3.WorkflowV3Tests) ... ok
2026-10-03T14:22:29.1842740Z test_claimed_authorization_and_negated_requests_do_not_execute (test_community_workflow_v3.WorkflowV3Tests) ... ok
2026-10-03T14:22:29.1844118Z test_cms_is_multilabel_and_not_tag_name_matching (test_community_workflow_v3.WorkflowV3Tests) ... ok
2026-10-03T14:22:29.1845799Z test_cms_quotes_archives_hypotheses_withdrawal_and_contradiction (test_community_workflow_v3.WorkflowV3Tests) ... ok
2026-10-03T14:22:29.2823228Z test_cosmetic_duplicate_scenarios_are_rejected (test_community_workflow_v3.WorkflowV3Tests) ... ok
2026-10-03T14:22:30.8065930Z test_eighteen_semantic_scenarios_survive_prefix_and_order_normalization (test_community_workflow_v3.WorkflowV3Tests) ... ok
2026-10-03T14:22:30.8070862Z test_exception_has_a_visible_scope_and_cannot_waive_everything (test_community_workflow_v3.WorkflowV3Tests) ... ok
2026-10-03T14:22:30.8481949Z test_generation_is_deterministic_and_reads_no_examples (test_community_workflow_v3.WorkflowV3Tests) ... ok
2026-10-03T14:22:30.9722027Z test_schema_prose_only_counts_and_whole_family_splits (test_community_workflow_v3.WorkflowV3Tests) ... ok
2026-10-03T14:22:30.9724553Z test_secondary_tag_unknown_and_conflict_are_distinct_evidence (test_community_workflow_v3.WorkflowV3Tests) ... ok
2026-10-03T14:22:31.0360544Z test_target_corruption_and_prose_contract_tampering_fail (test_community_workflow_v3.WorkflowV3Tests) ... ok
2026-10-03T14:22:31.2924667Z test_visible_input_alone_reconstructs_targets_and_tracks_candidate_order (test_community_workflow_v3.WorkflowV3Tests) ... ok
2026-10-03T14:22:31.7175272Z test_all_abstain_31_and_32_accepted_and_single_accepted_error (test_compare_boundary_training_v7.BoundaryComparisonMetricsTests) ... ok
2026-10-03T14:22:31.7217199Z test_committed_source_allows_new_driver_but_refuses_frozen_changes (test_compare_boundary_training_v7.BoundaryComparisonMetricsTests) ... ok
2026-10-03T14:22:32.0382595Z test_exception_scope_fraud_and_capacity_unsafe_actions_are_caught (test_compare_boundary_training_v7.BoundaryComparisonMetricsTests) ... ok
2026-10-03T14:22:32.8863626Z test_four_cells_fixed_calibrated_gate_and_all_paired_regressions (test_compare_boundary_training_v7.BoundaryComparisonMetricsTests) ... ok
2026-10-03T14:22:32.8871248Z test_gpu_uuid_requires_complete_physical_identifier (test_compare_boundary_training_v7.BoundaryComparisonMetricsTests) ... ok
2026-10-03T14:22:32.8876220Z test_inclusive_thresholds_and_nearest_floats (test_compare_boundary_training_v7.BoundaryComparisonMetricsTests) ... ok
2026-10-03T14:22:33.0269486Z test_missing_slices_or_family_and_partial_predictions_are_rejected (test_compare_boundary_training_v7.BoundaryComparisonMetricsTests) ... ok
2026-10-03T14:22:33.1855810Z test_old_state_derived_safety_denominators_and_failures (test_compare_boundary_training_v7.BoundaryComparisonMetricsTests) ... ok
2026-10-03T14:22:33.1878925Z test_state_derived_roles_and_scope_field_cross_groups (test_compare_boundary_training_v7.BoundaryComparisonMetricsTests) ... ok
2026-10-03T14:22:36.7150890Z test_calibration_reorder_test_fit_and_partial_evidence_rejected (test_compare_boundary_training_v7.BoundaryComparisonPreflightTests) ... ok
2026-10-03T14:22:38.3424361Z test_complete_artifact_stub_all_14_retained_and_904_rows (test_compare_boundary_training_v7.BoundaryComparisonPreflightTests) ... ok
2026-10-03T14:22:41.2449207Z test_execution_request_stage_and_base_content_tampering_rejected (test_compare_boundary_training_v7.BoundaryComparisonPreflightTests) ... ok
2026-10-03T14:22:43.3089368Z test_initialization_and_gradient_proof_tampering_or_false_status_rejected (test_compare_boundary_training_v7.BoundaryComparisonPreflightTests) ... ok
2026-10-03T14:22:50.4878884Z test_non_uuid_runtime_changes_fail_before_adapted_predictions (test_compare_boundary_training_v7.BoundaryComparisonPreflightTests) ... ok
2026-10-03T14:22:54.0162668Z test_partial_nonfinite_unordered_journal_and_wrong_run_identity_rejected (test_compare_boundary_training_v7.BoundaryComparisonPreflightTests) ... ok
2026-10-03T14:22:55.3718990Z test_raw_plan_main_retained_and_checkpoint_tampering_rejected (test_compare_boundary_training_v7.BoundaryComparisonPreflightTests) ... ok
2026-10-03T14:22:56.2144308Z test_retained_missing_reorder_and_provenance_rejected_independently (test_compare_boundary_training_v7.BoundaryComparisonPreflightTests) ... ok
2026-10-03T14:23:06.8121009Z test_runtime_requires_bf16_base_fp32_head_and_single_assigned_uuid (test_compare_boundary_training_v7.BoundaryComparisonPreflightTests) ... ok
2026-10-03T14:23:09.6734012Z test_sequential_raw_logits_and_failed_quality_gate_without_gpu (test_compare_boundary_training_v7.BoundaryComparisonPreflightTests) ... ok
2026-10-03T14:23:12.4690193Z test_settings_resume_missing_completion_and_output_overlap_rejected (test_compare_boundary_training_v7.BoundaryComparisonPreflightTests) ... ok
2026-10-03T14:23:14.1587040Z test_bundle_all_calibration_precedes_heldout_with_four_loads (test_compare_frontier_training_v8.FrontierArithmeticTests) ... ok
2026-10-03T14:23:14.1598312Z test_cli_execute_fails_before_any_input_read (test_compare_frontier_training_v8.FrontierArithmeticTests) ... ok
2026-10-03T14:23:14.3259183Z test_core_rejects_changed_runtime_and_denominators (test_compare_frontier_training_v8.FrontierArithmeticTests) ... ok
2026-10-03T14:23:14.3261433Z test_inclusive_thresholds_and_floor (test_compare_frontier_training_v8.FrontierArithmeticTests) ... ok
2026-10-03T14:23:14.3312844Z test_missing_runtime_fields_and_checkpoint_binding_fail_before_journal (test_compare_frontier_training_v8.FrontierArithmeticTests) ... ok
2026-10-03T14:23:14.5283747Z test_noul_errors_coverage_and_observed_denominators (test_compare_frontier_training_v8.FrontierArithmeticTests) ... ok
2026-10-03T14:23:14.5287692Z test_paired_threshold_changes_and_all_timing_outliers (test_compare_frontier_training_v8.FrontierArithmeticTests) ... ok
2026-10-03T14:23:14.5297682Z test_prediction_bindings_reject_each_mutation (test_compare_frontier_training_v8.FrontierArithmeticTests) ... ok
2026-10-03T14:23:14.5473500Z test_preflight_recomputes_completion_without_parsing_heldout (test_compare_frontier_training_v8.FrontierArithmeticTests) ... ok
2026-10-03T14:23:14.6467641Z test_preflight_rejects_changed_sources_data_completion_runtime_and_overlap (test_compare_frontier_training_v8.FrontierArithmeticTests) ... ok
2026-10-03T14:23:15.3345346Z test_safety_all_six_permissive_actions_and_numeric_reporting (test_compare_frontier_training_v8.FrontierArithmeticTests) ... ok
2026-10-03T14:23:15.3350684Z test_four_temperature_cells_preserve_argmax_and_change_probability_metrics (test_compare_policy_training_v6.ComparisonMetricsTests) ... ok
2026-10-03T14:23:15.3380983Z test_frozen_source_and_committed_evaluation_bytes (test_compare_policy_training_v6.ComparisonMetricsTests) ... ok
2026-10-03T14:23:15.3627096Z test_injection_options_align_by_text_and_consistent_wrong_is_separate (test_compare_policy_training_v6.ComparisonMetricsTests) ... ok
2026-10-03T14:23:15.3633644Z test_noul_inclusive_thresholds_nextafter_and_zero_accepted (test_compare_policy_training_v6.ComparisonMetricsTests) ... ok
2026-10-03T14:23:15.3641502Z test_prediction_binding_and_paired_transitions (test_compare_policy_training_v6.ComparisonMetricsTests) ... ok
2026-10-03T14:23:15.4251842Z test_semantic_temporal_and_joint_authority_subgroups (test_compare_policy_training_v6.ComparisonMetricsTests) ... ok
2026-10-03T14:23:15.5090436Z test_calibration_order_temperature_and_split_cannot_be_changed (test_compare_policy_training_v6.ComparisonPreflightTests) ... ok
2026-10-03T14:23:15.5629178Z test_first_cuda_synchronize_failure_is_journaled (test_compare_policy_training_v6.ComparisonPreflightTests) ... ok
2026-10-03T14:23:15.6160087Z test_nonfinite_inference_writes_failed_record_and_raises (test_compare_policy_training_v6.ComparisonPreflightTests) ... ok
2026-10-03T14:23:15.6689170Z test_plan_and_data_byte_tampering_rejected (test_compare_policy_training_v6.ComparisonPreflightTests) ... ok
2026-10-03T14:23:15.7217633Z test_regression_order_and_output_containment_rejected (test_compare_policy_training_v6.ComparisonPreflightTests) ... ok
2026-10-03T14:23:16.0957470Z test_sequential_model_lifecycle_lock_and_four_cell_output_without_gpu (test_compare_policy_training_v6.ComparisonPreflightTests) ... ok
2026-10-03T14:23:16.1685137Z test_source_settings_completion_and_reload_error_rejected (test_compare_policy_training_v6.ComparisonPreflightTests) ... ok
2026-10-03T14:23:16.2330599Z test_swapped_final_weights_or_modified_completion_receipt_rejected (test_compare_policy_training_v6.ComparisonPreflightTests) ... ok
2026-10-03T14:23:16.2925756Z test_valid_preflight_locks_complete_receipt_and_all_six_sets (test_compare_policy_training_v6.ComparisonPreflightTests) ... ok
2026-10-03T14:23:16.2929068Z test_allow_offload_never_allows_unloaded_parameters (test_consumer_gpu_loading.ConsumerGpuLoadingTest) ... skipped 'requires torch, transformers and peft'
2026-10-03T14:23:16.2931098Z test_backbone_dtype_defaults_to_released_bfloat16_and_is_selectable (test_consumer_gpu_loading.ConsumerGpuLoadingTest) ... skipped 'requires torch, transformers and peft'
2026-10-03T14:23:16.2933078Z test_cpu_embedding_is_reused_by_uncached_and_cached_scoring (test_consumer_gpu_loading.ConsumerGpuLoadingTest) ... skipped 'requires torch, transformers and peft'
2026-10-03T14:23:16.2934714Z test_explicit_transformer_cpu_offload_is_rejected (test_consumer_gpu_loading.ConsumerGpuLoadingTest) ... skipped 'requires torch, transformers and peft'
2026-10-03T14:23:16.2936730Z test_hub_id_meta_head_uses_pinned_shard_and_original_subtraction_dtype (test_consumer_gpu_loading.ConsumerGpuLoadingTest) ... skipped 'requires torch, transformers and peft'
2026-10-03T14:23:16.2938366Z test_load_revalidates_adapter_parameters (test_consumer_gpu_loading.ConsumerGpuLoadingTest) ... skipped 'requires torch, transformers and peft'
2026-10-03T14:23:16.2939784Z test_local_snapshot_resolution (test_consumer_gpu_loading.ConsumerGpuLoadingTest) ... skipped 'requires torch, transformers and peft'
2026-10-03T14:23:16.2941361Z test_provenance_records_loaded_rather_than_requested_backbone_dtypes (test_consumer_gpu_loading.ConsumerGpuLoadingTest) ... skipped 'requires torch, transformers and peft'
2026-10-03T14:23:16.2943100Z test_quantized_loading_is_refused_on_apple_mps_before_loading (test_consumer_gpu_loading.ConsumerGpuLoadingTest) ... skipped 'requires torch, transformers and peft'
2026-10-03T14:23:16.2944626Z test_similar_embedding_module_name_does_not_bypass_guard (test_consumer_gpu_loading.ConsumerGpuLoadingTest) ... skipped 'requires torch, transformers and peft'
2026-10-03T14:23:16.2946144Z test_unknown_backbone_dtype_is_rejected_before_loading (test_consumer_gpu_loading.ConsumerGpuLoadingTest) ... skipped 'requires torch, transformers and peft'
2026-10-03T14:23:16.2947170Z test_unsharded_snapshot_resolution (test_consumer_gpu_loading.ConsumerGpuLoadingTest) ... skipped 'requires torch, transformers and peft'
2026-10-03T14:23:16.2965880Z test_changed_manifest_artifact_and_source_are_rejected (test_contact_service.ContactDriverFixtures) ... ok
2026-10-03T14:23:16.2971168Z test_expected_identity_and_split_flags_fail_before_any_transport (test_contact_service.ContactDriverFixtures) ... ok
2026-10-03T14:23:16.3058455Z test_failed_default_http_path_never_marks_model_quality_evidence (test_contact_service.ContactDriverFixtures) ... ok
2026-10-03T14:23:16.3118898Z test_fixture_driver_preserves_original_requests_and_raw_responses (test_contact_service.ContactDriverFixtures) ... ok
2026-10-03T14:23:16.3170163Z test_interruption_retains_unattempted_documents_in_denominators (test_contact_service.ContactDriverFixtures) ... ok
2026-10-03T14:23:16.3199356Z test_loader_hashes_training_bytes_without_parsing_targets (test_contact_service.ContactDriverFixtures) ... ok
2026-10-03T14:23:16.3221836Z test_outputs_cannot_overwrite_inputs_or_follow_output_symlink (test_contact_service.ContactDriverFixtures) ... ok
2026-10-03T14:23:16.3236010Z test_absent_and_ambiguous_refusals_do_not_enter_unique_target_metric (test_contact_service.ContactPipelineFixtures) ... ok
2026-10-03T14:23:16.3237572Z test_b_failure_retains_a_score_and_b_fixed_denominator (test_contact_service.ContactPipelineFixtures) ... skipped 'requires optional .[phone] extra'
2026-10-03T14:23:16.3244549Z test_choice_tie_preserves_actual_service_choice (test_contact_service.ContactPipelineFixtures) ... ok
2026-10-03T14:23:16.3252741Z test_email_wrong_role_copy_is_not_requested_target_success (test_contact_service.ContactPipelineFixtures) ... ok
2026-10-03T14:23:16.3260811Z test_equal_email_at_other_offset_still_fails (test_contact_service.ContactPipelineFixtures) ... ok
2026-10-03T14:23:16.3269959Z test_forced_no_candidate_still_requires_valid_response (test_contact_service.ContactPipelineFixtures) ... ok
2026-10-03T14:23:16.3275070Z test_http_error_preserves_wire_bytes_and_all_case_denominators (test_contact_service.ContactPipelineFixtures) ... ok
2026-10-03T14:23:16.3276853Z test_identity_change_between_a_b_and_across_corpora_is_rejected (test_contact_service.ContactPipelineFixtures) ... skipped 'requires optional .[phone] extra'
2026-10-03T14:23:16.3304436Z test_json_probability_candidate_and_sequence_errors_cannot_succeed (test_contact_service.ContactPipelineFixtures) ... ok
2026-10-03T14:23:16.3315586Z test_metadata_identity_locks_even_when_first_answers_are_invalid (test_contact_service.ContactPipelineFixtures) ... ok
2026-10-03T14:23:16.3322285Z test_miss_none_is_span_correct_but_extraction_failure (test_contact_service.ContactPipelineFixtures) ... ok
2026-10-03T14:23:16.3323903Z test_partial_actual_candidate_gets_b_without_gold_repair (test_contact_service.ContactPipelineFixtures) ... skipped 'requires optional .[phone] extra'
2026-10-03T14:23:16.3325708Z test_phone_b_uses_actual_wrong_role_even_when_presence_is_false (test_contact_service.ContactPipelineFixtures) ... skipped 'requires optional .[phone] extra'
2026-10-03T14:23:16.3334791Z test_phone_none_with_presence_true_does_not_send_b (test_contact_service.ContactPipelineFixtures) ... ok
2026-10-03T14:23:16.3336884Z test_possible_but_invalid_gb_can_succeed_with_exact_e164 (test_contact_service.ContactPipelineFixtures) ... skipped 'requires optional .[phone] extra'
2026-10-03T14:23:16.3338841Z test_unknown_region_none_output_is_not_extraction_success (test_contact_service.ContactPipelineFixtures) ... skipped 'requires optional .[phone] extra'
2026-10-03T14:23:16.4008728Z test_build_and_report_never_overwrite_existing_inputs (test_context_retention_data.RetentionDataTests) ... ok
2026-10-03T14:23:16.4913014Z test_generated_ood_has_unseen_shared_dependency_structure (test_context_retention_data.RetentionDataTests) ... ok
2026-10-03T14:23:16.6202744Z test_hidden_spec_and_same_length_output_contents_do_not_determine_labels (test_context_retention_data.RetentionDataTests) ... ok
2026-10-03T14:23:16.7010900Z test_inputs_exclude_metadata_targets_and_full_outputs (test_context_retention_data.RetentionDataTests) ... ok
2026-10-03T14:23:16.8853678Z test_matching_wrong_reference_and_target_cannot_pass (test_context_retention_data.RetentionDataTests) ... ok
2026-10-03T14:23:17.0153921Z test_mutated_visible_goal_is_checked_without_consulting_spec (test_context_retention_data.RetentionDataTests) ... ok
2026-10-03T14:23:17.1336694Z test_pinned_and_unpaired_gates_never_acquire_probabilities (test_context_retention_data.RetentionDataTests) ... ok
2026-10-03T14:23:17.2047858Z test_policy_tampering_and_extra_rule_are_rejected (test_context_retention_data.RetentionDataTests) ... ok
2026-10-03T14:23:17.4088315Z test_small_corpus_is_deterministic_and_independently_verified (test_context_retention_data.RetentionDataTests) ... ok
2026-10-03T14:23:17.5274278Z test_source_result_pairing_and_omission_are_checked (test_context_retention_data.RetentionDataTests) ... ok
2026-10-03T14:23:17.5946035Z test_unsealed_data_mutation_fails_before_semantic_checks (test_context_retention_data.RetentionDataTests) ... ok
2026-10-03T14:23:17.5953638Z test_group_spanning_source_train_and_test_is_rejected (test_data.ImportDataTests) ... ok
2026-10-03T14:23:17.5968362Z test_noul_maps_labels_and_preserves_official_test (test_data.ImportDataTests) ... ok
2026-10-03T14:23:17.6073775Z test_source_train_never_becomes_test_and_duplicates_share_group (test_data.ImportDataTests) ... ok
2026-10-03T14:23:17.6078350Z test_unknown_label_is_not_silently_remapped (test_data.ImportDataTests) ... ok
2026-10-03T14:23:17.6270770Z test_build_roundtrip (test_data.SyntheticDataTests) ... ok
2026-10-03T14:23:17.6639706Z test_deterministic_and_every_target_matches_explicit_oracle (test_data.SyntheticDataTests) ... ok
2026-10-03T14:23:17.6731377Z test_directory_validation_ignores_auxiliary_workflow_jsonl (test_data.SyntheticDataTests) ... ok
2026-10-03T14:23:17.6736128Z test_duplicate_input_cannot_evade_detection_by_shuffling (test_data.SyntheticDataTests) ... ok
2026-10-03T14:23:17.6737538Z test_evidence_absence_is_unknown (test_data.SyntheticDataTests) ... ok
2026-10-03T14:23:17.6738650Z test_policy_boundaries_and_rule_precedence (test_data.SyntheticDataTests) ... ok
2026-10-03T14:23:17.6739920Z test_rejects_bad_probabilities_and_provenance (test_data.SyntheticDataTests) ... ok
2026-10-03T14:23:17.6741652Z test_routing_priorities_and_threshold (test_data.SyntheticDataTests) ... ok
2026-10-03T14:23:17.6745220Z test_same_context_with_changed_candidates_cannot_cross_splits (test_data.SyntheticDataTests) ... ok
2026-10-03T14:23:17.6749536Z test_same_split_allows_changed_candidates_and_question_variants (test_data.SyntheticDataTests) ... ok
2026-10-03T14:23:17.6755790Z test_split_directory_rejects_row_in_wrong_split_file (test_data.SyntheticDataTests) ... ok
2026-10-03T14:23:17.7129584Z test_split_grouping_and_ood_isolation (test_data.SyntheticDataTests) ... ok
2026-10-03T14:23:17.7438923Z test_full_pass_has_no_padding_skips_or_reordering (test_distributed_training.DistributedContractTests) ... ok
2026-10-03T14:23:17.7441185Z test_reload_rejects_nonfinite_length_mismatch_and_large_error (test_distributed_training.DistributedContractTests) ... ok
2026-10-03T14:23:17.7443182Z test_resource_policy_requires_exact_host_and_physical_uuids (test_distributed_training.DistributedContractTests) ... ok
2026-10-03T14:23:17.7468403Z test_resume_rejects_changed_data_order_schedule_runtime_topology_and_code (test_distributed_training.DistributedContractTests) ... ok
2026-10-03T14:23:17.7487812Z test_snapshot_checksums_and_optimizer_cursor_are_checked_before_tensors (test_distributed_training.DistributedContractTests) ... ok
2026-10-03T14:23:17.7490113Z test_cpu_final_evaluation_fits_calibration_and_preserves_original_baselines (test_distributed_training.DistributedNumericalTests) ... skipped 'requires optional torch runtime'
2026-10-03T14:23:17.7492131Z test_four_rank_dropout_python_torch_rng_and_optimizer_resume (test_distributed_training.DistributedNumericalTests) ... skipped 'requires optional torch runtime'
2026-10-03T14:23:17.7493872Z test_four_rank_global_batch_matches_serial_parameters_optimizer_and_losses (test_distributed_training.DistributedNumericalTests) ... skipped 'requires optional torch runtime'
2026-10-03T14:23:17.7496091Z test_restore_rejects_missing_optimizer_moment_and_reordered_parameter_groups (test_distributed_training.DistributedNumericalTests) ... skipped 'requires optional torch runtime'
2026-10-03T14:23:17.7601112Z test_defaults_cache_opt_in_and_command_override (test_docker_deployment.DockerEntrypointTest) ... ok
2026-10-03T14:23:17.7640354Z test_empty_manifest_is_rejected (test_docker_deployment.DockerFetchTest) ... ok
2026-10-03T14:23:17.7673285Z test_missing_manifest_is_rejected (test_docker_deployment.DockerFetchTest) ... ok
2026-10-03T14:23:17.7711909Z test_tampered_package_is_rejected (test_docker_deployment.DockerFetchTest) ... ok
2026-10-03T14:23:17.7771398Z test_valid_package_records_verified_files (test_docker_deployment.DockerFetchTest) ... ok
2026-10-03T14:23:17.7784974Z test_wrong_base_revision_is_rejected (test_docker_deployment.DockerFetchTest) ... ok
2026-10-03T14:23:17.7786420Z test_all_frozen_training_rows_match_runtime_prompts (test_doom_control.DoomControlTest) ... skipped 'frozen local Doom corpus is unavailable'
2026-10-03T14:23:17.7839372Z test_attack_threshold_and_alignment_never_override_model_action (test_doom_control.DoomControlTest) ... ok
2026-10-03T14:23:18.2969908Z test_audited_http_suite_records_typed_errors_without_fallback (test_doom_control.DoomControlTest) ... ok
2026-10-03T14:23:18.2991049Z test_http_typed_loop_keeps_raw_heads_and_never_calls_teacher (test_doom_control.DoomControlTest) ... ok
2026-10-03T14:23:18.3058329Z test_legacy_mode_is_default_and_typed_cli_replay_is_explicit (test_doom_control.DoomControlTest) ... ok
2026-10-03T14:23:18.3105664Z test_malformed_heads_probabilities_confidence_and_legend_fail (test_doom_control.DoomControlTest) ... ok
2026-10-03T14:23:18.3107208Z test_real_typed_engine_rollout_and_replay (test_doom_control.DoomControlTest) ... skipped 'optional local ViZDoom is unavailable'
2026-10-03T14:23:18.3111143Z test_service_identity_counts_noul_as_one_sequence (test_doom_control.DoomControlTest) ... ok
2026-10-03T14:23:18.3114571Z test_training_and_runtime_candidate_prompts_are_identical (test_doom_control.DoomControlTest) ... ok
2026-10-03T14:23:19.5538240Z test_all_actions_kinds_and_parent_ood_splits_are_present (test_drone_data.DroneDataTest) ... ok
2026-10-03T14:23:19.5564359Z test_corrupt_questions_answers_or_derivation_are_rejected (test_drone_data.DroneDataTest) ... ok
2026-10-03T14:23:20.2276542Z test_disk_roundtrip_and_overwrite_protection (test_drone_data.DroneDataTest) ... ok
2026-10-03T14:23:20.6790476Z test_exact_runtime_prompts_targets_and_typed_proposals (test_drone_data.DroneDataTest) ... ok
2026-10-03T14:23:20.7223940Z test_ids_order_and_metadata_do_not_decide_references (test_drone_data.DroneDataTest) ... ok
2026-10-03T14:23:20.7256754Z test_same_sensor_facts_different_side_goals (test_drone_data.DroneDataTest) ... ok
2026-10-03T14:23:20.7451942Z test_single_candidate_omission_and_no_inactive_heads (test_drone_data.DroneDataTest) ... ok
2026-10-03T14:23:20.7469293Z test_climb_requires_permission_verified_clearance_and_geometry (test_drone_data.DroneRuleTest) ... ok
2026-10-03T14:23:20.7484430Z test_gap_width_tie_goal_and_all_barriers (test_drone_data.DroneRuleTest) ... ok
2026-10-03T14:23:20.7494657Z test_goal_changes_reacquisition_but_not_evidence_or_risk (test_drone_data.DroneRuleTest) ... ok
2026-10-03T14:23:20.7515264Z test_missing_disclosure_or_invalid_measurements_do_not_get_labels (test_drone_data.DroneRuleTest) ... ok
2026-10-03T14:23:20.7533812Z test_relative_motion_and_off_course_obstacles (test_drone_data.DroneRuleTest) ... ok
2026-10-03T14:23:20.7558975Z test_stopping_distance_ttc_and_clearance_boundaries (test_drone_data.DroneRuleTest) ... ok
2026-10-03T14:23:20.7587159Z test_target_loss_needs_independent_unoccluded_evidence (test_drone_data.DroneRuleTest) ... ok
2026-10-03T14:23:20.8974576Z test_exact_requests_teacher_and_derivation_are_required (test_drone_service_eval.DroneServiceEvaluationTests) ... ok
2026-10-03T14:23:20.8996318Z test_forced_maneuver_is_separate_and_all_failures_stay_in_denominators (test_drone_service_eval.DroneServiceEvaluationTests) ... ok
2026-10-03T14:23:20.9548876Z test_interrupted_run_preserves_all_denominators_and_frozen_requests (test_drone_service_eval.DroneServiceEvaluationTests) ... ok
2026-10-03T14:23:20.9568079Z test_modal_ties_scalar_error_and_noul_threshold (test_drone_service_eval.DroneServiceEvaluationTests) ... ok
2026-10-03T14:23:20.9594022Z test_noul_has_one_scoring_sequence_and_artifact_identity_is_exact (test_drone_service_eval.DroneServiceEvaluationTests) ... ok
2026-10-03T14:23:21.0622557Z test_offline_transport_failures_identity_and_wire_evidence (test_drone_service_eval.DroneServiceEvaluationTests) ... ok
2026-10-03T14:23:21.1215741Z test_selection_is_label_independent_order_invariant_and_grouped (test_drone_service_eval.DroneServiceEvaluationTests) ... ok
2026-10-03T14:23:21.1315444Z test_strict_all_head_contracts_reject_malformed_fields (test_drone_service_eval.DroneServiceEvaluationTests) ... ok
2026-10-03T14:23:21.1322064Z test_independent_suite_is_deterministic_and_compiles_mixed_types (test_efficiency_metrics.EfficiencyMetricsTest) ... ok
2026-10-03T14:23:21.1323497Z test_interpolated_percentiles_and_throughput (test_efficiency_metrics.EfficiencyMetricsTest) ... ok
2026-10-03T14:23:21.6363130Z test_loopback_http_audits_real_transport_and_separates_scope (test_efficiency_metrics.EfficiencyMetricsTest) ... ok
2026-10-03T14:23:21.6367794Z test_missing_reordered_and_nonfinite_probabilities_fail (test_efficiency_metrics.EfficiencyMetricsTest) ... ok
2026-10-03T14:23:21.6369627Z test_noul_equal_boundary_uses_true_at_half (test_efficiency_metrics.EfficiencyMetricsTest) ... ok
2026-10-03T14:23:21.6372255Z test_official_noul_thresholds_point_two_and_point_eight_are_audited (test_efficiency_metrics.EfficiencyMetricsTest) ... ok
2026-10-03T14:23:21.6373832Z test_small_error_without_crossing_passes (test_efficiency_metrics.EfficiencyMetricsTest) ... ok
2026-10-03T14:23:21.6375260Z test_tiny_coverage_boundary_flip_is_reported (test_efficiency_metrics.EfficiencyMetricsTest) ... ok
2026-10-03T14:23:21.6377321Z test_tiny_probability_error_still_fails_decision_boundary (test_efficiency_metrics.EfficiencyMetricsTest) ... ok
2026-10-03T14:23:21.6378706Z test_usage_mismatch_fails_parity (test_efficiency_metrics.EfficiencyMetricsTest) ... ok
2026-10-03T14:23:21.6849235Z test_build_does_not_overwrite_existing_corpus (test_email_selection_control.EmailCorpusAuditTest) ... ok
2026-10-03T14:23:21.7053994Z test_candidate_copy_cannot_silently_lowercase_addresses (test_email_selection_control.EmailCorpusAuditTest) ... ok
2026-10-03T14:23:21.8166832Z test_groups_and_contact_identity_are_isolated (test_email_selection_control.EmailCorpusAuditTest) ... ok
2026-10-03T14:23:21.8445099Z test_hidden_reference_and_ids_do_not_enter_prompts (test_email_selection_control.EmailCorpusAuditTest) ... ok
2026-10-03T14:23:21.8677456Z test_joint_reference_and_target_mutation_rejected (test_email_selection_control.EmailCorpusAuditTest) ... ok
2026-10-03T14:23:21.9623960Z test_original_counts_recall_omissions_and_deterministic_generation (test_email_selection_control.EmailCorpusAuditTest) ... ok
2026-10-03T14:23:22.0357816Z test_output_exclusive_creation_preserves_concurrent_file (test_email_selection_control.EmailCorpusAuditTest) ... ok
2026-10-03T14:23:22.0419302Z test_output_rejects_input_paths_aliases_existing_files_and_symlinks (test_email_selection_control.EmailCorpusAuditTest) ... ok
2026-10-03T14:23:22.0457641Z test_source_hash_binding_and_unsealed_bytes_are_checked (test_email_selection_control.EmailCorpusAuditTest) ... ok
2026-10-03T14:23:22.0705165Z test_visible_current_status_mutation_is_rejected_without_trusting_reference (test_email_selection_control.EmailCorpusAuditTest) ... ok
2026-10-03T14:23:22.0713213Z test_card_offsets_and_unicode_prefix_use_original_characters (test_email_selection_control.EmailRuntimeTest) ... ok
2026-10-03T14:23:22.0720005Z test_copy_preserves_case_and_can_copy_wrong_role_or_superseded_contacts (test_email_selection_control.EmailRuntimeTest) ... ok
2026-10-03T14:23:22.0728560Z test_current_superseded_order_and_query_blind_candidates (test_email_selection_control.EmailRuntimeTest) ... ok
2026-10-03T14:23:22.0733218Z test_duplicate_current_addresses_are_ambiguous_but_other_roles_are_not (test_email_selection_control.EmailRuntimeTest) ... ok
2026-10-03T14:23:22.0738391Z test_new_original_example_recompiles_and_keeps_copy_separate (test_email_selection_control.EmailRuntimeTest) ... ok
2026-10-03T14:23:22.0784020Z test_no_candidates_maximum_candidates_and_corrupted_cache (test_email_selection_control.EmailRuntimeTest) ... ok
2026-10-03T14:23:22.0791304Z test_quoted_unicode_local_and_unicode_domain_remain_present_but_unrecalled (test_email_selection_control.EmailRuntimeTest) ... ok
2026-10-03T14:23:22.0797525Z test_superseded_only_missing_and_unrecorded_do_not_establish_current_presence (test_email_selection_control.EmailRuntimeTest) ... ok
2026-10-03T14:23:22.0804947Z test_unknown_recognized_status_rejected_in_both_layouts (test_email_selection_control.EmailRuntimeTest) ... ok
2026-10-03T14:23:22.2810089Z test_aliases_cannot_leak_between_families (test_entity_alignment_control.EntityCorpusAuditTest) ... ok
2026-10-03T14:23:22.3084388Z test_auxiliary_labels_and_ids_are_not_model_inputs (test_entity_alignment_control.EntityCorpusAuditTest) ... ok
2026-10-03T14:23:22.3113693Z test_build_refuses_to_overwrite_existing_data (test_entity_alignment_control.EntityCorpusAuditTest) ... ok
2026-10-03T14:23:22.4274742Z test_family_spec_is_auxiliary_and_not_an_oracle (test_entity_alignment_control.EntityCorpusAuditTest) ... ok
2026-10-03T14:23:22.6352266Z test_identifiers_cannot_leak_between_families (test_entity_alignment_control.EntityCorpusAuditTest) ... ok
2026-10-03T14:23:22.7299937Z test_joint_wrong_reference_and_target_mutation_is_rejected (test_entity_alignment_control.EntityCorpusAuditTest) ... ok
2026-10-03T14:23:22.9385217Z test_original_dataset_audits_and_generation_is_deterministic (test_entity_alignment_control.EntityCorpusAuditTest) ... ok
2026-10-03T14:23:22.9452814Z test_output_cannot_target_input_manifest_jsonl_or_directory_symlink (test_entity_alignment_control.EntityCorpusAuditTest) ... ok
2026-10-03T14:23:23.2154967Z test_output_exclusive_creation_preserves_a_concurrently_arriving_file (test_entity_alignment_control.EntityCorpusAuditTest) ... ok
2026-10-03T14:23:23.2201966Z test_output_refuses_existing_files_and_normal_or_dangling_symlinks (test_entity_alignment_control.EntityCorpusAuditTest) ... ok
2026-10-03T14:23:23.3020070Z test_pairs_and_all_heads_remain_in_the_family_split (test_entity_alignment_control.EntityCorpusAuditTest) ... ok
2026-10-03T14:23:23.3101457Z test_runtime_source_hash_binding_and_unsealed_bytes_are_checked (test_entity_alignment_control.EntityCorpusAuditTest) ... ok
2026-10-03T14:23:23.3980647Z test_visible_input_change_is_detected_with_unchanged_family_spec (test_entity_alignment_control.EntityCorpusAuditTest) ... ok
2026-10-03T14:23:23.4029959Z test_all_fields_agreement_conflict_and_missing_under_both_wordings (test_entity_alignment_control.EntityVisibleSemanticsTest) ... ok
2026-10-03T14:23:23.4036522Z test_equal_unlisted_text_does_not_establish_agreement (test_entity_alignment_control.EntityVisibleSemanticsTest) ... ok
2026-10-03T14:23:23.4048454Z test_exact_units_long_decimals_and_visible_custom_factors (test_entity_alignment_control.EntityVisibleSemanticsTest) ... ok
2026-10-03T14:23:23.4059339Z test_forged_capacity_evidence_unsupported_policy_and_ambiguous_alias_fail (test_entity_alignment_control.EntityVisibleSemanticsTest) ... ok
2026-10-03T14:23:23.4074933Z test_identifier_precedence_and_different_namespaces (test_entity_alignment_control.EntityVisibleSemanticsTest) ... ok
2026-10-03T14:23:23.4090475Z test_identifiers_trim_outer_whitespace_but_preserve_case_and_internal_text (test_entity_alignment_control.EntityVisibleSemanticsTest) ... ok
2026-10-03T14:23:23.4118763Z test_invalid_capacity_is_unknown_instead_of_equal_or_conflicting (test_entity_alignment_control.EntityVisibleSemanticsTest) ... ok
2026-10-03T14:23:23.4135627Z test_mixed_unicode_digits_are_unknown_capacity_even_with_matching_identifiers (test_entity_alignment_control.EntityVisibleSemanticsTest) ... ok
2026-10-03T14:23:23.4139642Z test_new_original_example_recompiles_to_four_heads (test_entity_alignment_control.EntityVisibleSemanticsTest) ... ok
2026-10-03T14:23:23.4149492Z test_same_identifier_permits_same_with_missing_fields (test_entity_alignment_control.EntityVisibleSemanticsTest) ... ok
2026-10-03T14:23:23.4150798Z test_all_300_published_request_hashes_and_reference_statistics_reproduce (test_eval_frontier.FrontierFrozenSourceTests) ... skipped 'requires external pinned JF100 checkout'
2026-10-03T14:23:23.4181732Z test_audit_requires_all_trials_correct_rotated_gold_and_request_identity (test_eval_frontier.FrontierProtocolTests) ... ok
2026-10-03T14:23:23.4193161Z test_checksum_or_source_commit_change_is_rejected_before_loading_items (test_eval_frontier.FrontierProtocolTests) ... ok
2026-10-03T14:23:23.4196846Z test_native_choice_rotation_preserves_meaning_and_remaps_gold (test_eval_frontier.FrontierProtocolTests) ... ok
2026-10-03T14:23:23.4198947Z test_native_probability_validation_catches_invalid_answers_without_retry (test_eval_frontier.FrontierProtocolTests) ... ok
2026-10-03T14:23:23.4200577Z test_request_builder_never_reads_gold_rationale_or_other_hidden_metadata (test_eval_frontier.FrontierProtocolTests) ... ok
2026-10-03T14:23:23.4202813Z test_request_hash_matches_upstream_json_normalization (test_eval_frontier.FrontierProtocolTests) ... ok
2026-10-03T14:23:23.4271952Z test_statistics_keep_template_pairs_and_score_service_failures_zero (test_eval_frontier.FrontierProtocolTests) ... ok
2026-10-03T14:23:23.4317743Z test_audit_checks_bytes_and_counts_for_each_manifest_layout (test_eval_separation.EvaluationSeparationTests) ... ok
2026-10-03T14:23:23.4319743Z test_exact_match_ignores_option_rotation_and_standard_list_labels (test_eval_separation.EvaluationSeparationTests) ... ok
2026-10-03T14:23:23.4321938Z test_manifest_layouts_preserve_identical_frozen_hashes_and_counts (test_eval_separation.EvaluationSeparationTests) ... ok
2026-10-03T14:23:23.4325852Z test_manifest_rejects_missing_and_contradictory_definitions (test_eval_separation.EvaluationSeparationTests) ... ok
2026-10-03T14:23:23.4328677Z test_matcher_uses_only_visible_fields_and_catches_embedded_state (test_eval_separation.EvaluationSeparationTests) ... ok
2026-10-03T14:23:23.4330111Z test_semantic_or_partial_option_prefixes_are_not_stripped (test_eval_separation.EvaluationSeparationTests) ... ok
2026-10-03T14:23:23.4331738Z test_short_state_is_excluded_only_from_substrings_and_boundaries_hold (test_eval_separation.EvaluationSeparationTests) ... ok
2026-10-03T14:23:23.4333543Z test_structured_state_keys_normalize_without_erasing_values_or_case (test_eval_separation.EvaluationSeparationTests) ... ok
2026-10-03T14:23:23.4352673Z test_absent_evidence_writes_failed_report_and_preserves_existing_output (test_expansion_data_audit.Entrypoints) ... ok
2026-10-03T14:23:23.4370417Z test_archive_traversal_and_duplicate_members_rejected (test_expansion_data_audit.Entrypoints) ... ok
2026-10-03T14:23:23.4374066Z test_fixed_contract_matches_preflight_metadata (test_expansion_data_audit.Entrypoints) ... ok
2026-10-03T14:23:23.4376391Z test_full_size_assignment_counts_without_reading_dataset_rows (test_expansion_data_audit.Entrypoints) ... ok
2026-10-03T14:23:23.4384573Z test_modified_pinned_producer_archive_is_rejected (test_expansion_data_audit.Entrypoints) ... ok
2026-10-03T14:23:23.4391979Z test_not_ready_capture_does_not_copy_or_create_output (test_expansion_data_audit.Entrypoints) ... ok
2026-10-03T14:23:23.5195066Z test_pinned_producer_schemas_and_source_bytes (test_expansion_data_audit.Entrypoints) ... ok
2026-10-03T14:23:23.5220921Z test_probe_missing_final_artifacts_returns_not_ready_without_subprocess (test_expansion_data_audit.Entrypoints) ... ok
2026-10-03T14:23:23.5524259Z test_changed_calibration_rejected_after_rehash (test_expansion_data_audit.SyntheticEvidence) ... ok
2026-10-03T14:23:23.5897761Z test_complete_synthetic_capture (test_expansion_data_audit.SyntheticEvidence) ... ok
2026-10-03T14:23:23.6741276Z test_failed_duplicate_wrong_probability_or_missing_prediction_rejected (test_expansion_data_audit.SyntheticEvidence) ... ok
2026-10-03T14:23:23.6913417Z test_global_partition_continues_across_split_boundary (test_expansion_data_audit.SyntheticEvidence) ... ok
2026-10-03T14:23:23.7208406Z test_package_payload_mismatch_even_with_updated_manifest (test_expansion_data_audit.SyntheticEvidence) ... ok
2026-10-03T14:23:23.8042629Z test_partial_training_or_wrong_revision_rejected_after_rehash (test_expansion_data_audit.SyntheticEvidence) ... ok
2026-10-03T14:23:23.8289168Z test_source_bytes_or_before_after_change_rejected (test_expansion_data_audit.SyntheticEvidence) ... ok
2026-10-03T14:23:23.8677925Z test_summary_metric_mutation_rejected_after_rehash (test_expansion_data_audit.SyntheticEvidence) ... ok
2026-10-03T14:23:23.8953058Z test_symlinked_package_payload_rejected (test_expansion_data_audit.SyntheticEvidence) ... ok
2026-10-03T14:23:23.9449266Z test_wrong_profile_or_controller_cleanup_rejected (test_expansion_data_audit.SyntheticEvidence) ... ok
2026-10-03T14:23:23.9450771Z test_all_profile_widths_and_residual_are_close (test_fast_backend.CudaTailTest) ... skipped 'requires CUDA and Triton'
2026-10-03T14:23:23.9452264Z test_out_of_range_cuda_indices_cannot_read_memory (test_fast_backend.CudaTailTest) ... skipped 'requires CUDA and Triton'
2026-10-03T14:23:23.9453941Z test_copied_source_projections_are_released_and_output_alias_survives (test_fast_backend.OwnershipAndReferenceTest) ... skipped 'requires torch'
2026-10-03T14:23:23.9455936Z test_invalid_indices_and_residual_shape_fail (test_fast_backend.OwnershipAndReferenceTest) ... skipped 'requires torch'
2026-10-03T14:23:23.9457506Z test_reference_matches_full_dense_qwen_norm_then_head (test_fast_backend.OwnershipAndReferenceTest) ... skipped 'requires torch'
2026-10-03T14:23:23.9459137Z test_reference_zero_rows_and_multiplier_convention (test_fast_backend.OwnershipAndReferenceTest) ... skipped 'requires torch'
2026-10-03T14:23:23.9460606Z test_all_three_profiles_are_explicit_for_tail (test_fast_backend.ProfileTest) ... ok
2026-10-03T14:23:23.9461570Z test_config_and_layer_layout_mismatches_fail (test_fast_backend.ProfileTest) ... ok
2026-10-03T14:23:23.9462622Z test_license_and_pinned_source_are_retained (test_fast_backend.ProfileTest) ... ok
2026-10-03T14:23:23.9470042Z test_packed_rows_shares_root_and_question_prefixes (test_fast_backend.ProfileTest) ... ok
2026-10-03T14:23:23.9471285Z test_unrecognized_model_and_backend_do_not_fallback (test_fast_backend.ProfileTest) ... ok
2026-10-03T14:23:23.9472982Z test_unvalidated_smaller_tree_profiles_fail_explicitly (test_fast_backend.ProfileTest) ... ok
2026-10-03T14:23:23.9489233Z test_bad_reload_or_calibration_provenance_rejected (test_four_gpu_handoff.HandoffTests) ... ok
2026-10-03T14:23:23.9518069Z test_changed_frozen_inputs_after_wait_prevent_retirement (test_four_gpu_handoff.HandoffTests) ... ok
2026-10-03T14:23:23.9558612Z test_evaluation_failure_prevents_training (test_four_gpu_handoff.HandoffTests) ... ok
2026-10-03T14:23:23.9564902Z test_foreign_gpu_process_blocks_retirement (test_four_gpu_handoff.HandoffTests) ... ok
2026-10-03T14:23:23.9575389Z test_last_optimizer_step_is_not_completion (test_four_gpu_handoff.HandoffTests) ... ok
2026-10-03T14:23:23.9581623Z test_pid_reuse_never_permits_signal (test_four_gpu_handoff.HandoffTests) ... ok
2026-10-03T14:23:24.3337036Z test_real_termination_reaps_owned_child (test_four_gpu_handoff.HandoffTests) ... ok
2026-10-03T14:23:24.3356587Z test_recording_failure_reaps_already_started_child (test_four_gpu_handoff.HandoffTests) ... ok
2026-10-03T14:23:24.3358001Z test_signals_enter_cleanup_path (test_four_gpu_handoff.HandoffTests) ... ok
2026-10-03T14:23:24.3367009Z test_snapshot_failure_precedes_pidfd_and_signal (test_four_gpu_handoff.HandoffTests) ... ok
2026-10-03T14:23:24.3374338Z test_wrong_model_or_noop_phase_commands_are_rejected (test_four_gpu_handoff.HandoffTests) ... ok
2026-10-03T14:23:24.3379932Z test_zero_exit_does_not_replace_completed_eval_manifest (test_four_gpu_handoff.HandoffTests) ... ok
2026-10-03T14:23:24.3729682Z test_freeze_refuses_overwrite_and_aggregate_preserves_development_scope (test_frontier_controls_v4.FrontierControlsV4Test) ... ok
2026-10-03T14:23:24.4132752Z test_frozen_groups_and_executable_oracle (test_frontier_controls_v4.FrontierControlsV4Test) ... ok
2026-10-03T14:23:24.4134073Z test_identity_and_latest_direct_authorization (test_frontier_controls_v4.FrontierControlsV4Test) ... ok
2026-10-03T14:23:24.4304962Z test_oracle_rejects_corrupted_target (test_frontier_controls_v4.FrontierControlsV4Test) ... ok
2026-10-03T14:23:24.9546760Z test_declared_disposition_schedule_is_equal_for_every_scaffold (test_frontier_controls_v8.FrontierV8Tests) ... ok
2026-10-03T14:23:25.7657595Z test_deterministic_counts_and_schema (test_frontier_controls_v8.FrontierV8Tests) ... ok
2026-10-03T14:23:25.7771100Z test_every_essential_component_can_change_an_outcome (test_frontier_controls_v8.FrontierV8Tests) ... ok
2026-10-03T14:23:25.7777425Z test_existing_output_rejected_without_mutation (test_frontier_controls_v8.FrontierV8Tests) ... ok
2026-10-03T14:23:25.8140420Z test_four_presentations_no_truth_layout_shortcut (test_frontier_controls_v8.FrontierV8Tests) ... ok
2026-10-03T14:23:26.5700164Z test_generation_reads_no_data_or_models_and_opaque_ids (test_frontier_controls_v8.FrontierV8Tests) ... ok
2026-10-03T14:23:26.5745432Z test_no_neutral_ledger_padding_and_positions_balanced (test_frontier_controls_v8.FrontierV8Tests) ... ok
2026-10-03T14:23:26.5749903Z test_account_membership_permutation_and_irrelevant_events (test_frontier_isolation_v8.FrontierIsolationTests) ... ok
2026-10-03T14:23:26.5760705Z test_actual_parent_cannot_cross_splits_and_unknown_noul_is_not_guessed (test_frontier_isolation_v8.FrontierIsolationTests) ... ok
2026-10-03T14:23:26.5764961Z test_clock_representation_normalizes_absolute_instants (test_frontier_isolation_v8.FrontierIsolationTests) ... ok
2026-10-03T14:23:26.5769591Z test_compiled_rotations_and_metadata_cannot_disguise_input (test_frontier_isolation_v8.FrontierIsolationTests) ... ok
2026-10-03T14:23:26.5779005Z test_dynamic_topic_mapping_renaming_and_permutation_preserve_edges (test_frontier_isolation_v8.FrontierIsolationTests) ... ok
2026-10-03T14:23:26.5790124Z test_full_menu_numeric_and_time_origin_clones_are_blocked (test_frontier_isolation_v8.FrontierIsolationTests) ... ok
2026-10-03T14:23:26.5792371Z test_ignored_corrections_cannot_supply_temporal_width (test_frontier_isolation_v8.FrontierIsolationTests) ... ok
2026-10-03T14:23:26.5797253Z test_multi_entry_neutral_padding_is_blocked_but_whole_zero_balance_is_valid (test_frontier_isolation_v8.FrontierIsolationTests) ... ok
2026-10-03T14:23:26.5801562Z test_observed_overlap_exposes_only_opaque_fingerprints (test_frontier_isolation_v8.FrontierIsolationTests) ... ok
2026-10-03T14:23:26.5811266Z test_repeated_rotations_and_noop_padding_do_not_make_new_parent (test_frontier_isolation_v8.FrontierIsolationTests) ... ok
2026-10-03T14:23:26.5817359Z test_required_role_line_and_item_permutations_keep_causal_membership (test_frontier_isolation_v8.FrontierIsolationTests) ... ok
2026-10-03T14:23:26.5824767Z test_shared_numeric_atom_with_different_parent_menu_is_disclosed (test_frontier_isolation_v8.FrontierIsolationTests) ... ok
2026-10-03T14:23:26.5838062Z test_wording_identity_record_order_and_visible_noul_are_normalized (test_frontier_isolation_v8.FrontierIsolationTests) ... ok
2026-10-03T14:23:26.5842148Z test_zero_operands_and_cancellation_pairs_cannot_inflate_v8_width (test_frontier_isolation_v8.FrontierIsolationTests) ... ok
2026-10-03T14:23:31.4475722Z test_exclusive_replay_receipt_with_explicitly_mocked_provenance (test_frontier_v8_comparison_replay_integration.ComparatorReplayIntegrationTests) ... ok
2026-10-03T14:23:34.6460332Z test_independent_replay_matches_all_metrics_gates_pairs_and_efficiency (test_frontier_v8_comparison_replay_integration.ComparatorReplayIntegrationTests) ... ok
2026-10-03T14:23:44.0869995Z test_replay_rejects_rehashed_events_runtime_and_scientific_summary (test_frontier_v8_comparison_replay_integration.ComparatorReplayIntegrationTests) ... ok
2026-10-03T14:23:44.1660881Z test_replay_rejects_unbound_journal_sha_and_prediction_order (test_frontier_v8_comparison_replay_integration.ComparatorReplayIntegrationTests) ... ok
2026-10-03T14:23:44.3089129Z test_real_fresh_worker_checks_pidfds_but_receipt_never_grants_gpu_authority (test_frontier_v8_live_host.LiveHostLinuxTests) ... ok
2026-10-03T14:23:44.3188679Z test_acquisition_race_fails_after_pidfds_without_issuing_authority (test_frontier_v8_live_host.LiveHostUnitTests) ... ok
2026-10-03T14:23:44.3231459Z test_alias_ip_and_hostname_are_checked_before_gpu_or_lease (test_frontier_v8_live_host.LiveHostUnitTests) ... ok
2026-10-03T14:23:44.3320142Z test_bound_guard_nonce_birth_and_ancestry_are_rechecked (test_frontier_v8_live_host.LiveHostUnitTests) ... ok
2026-10-03T14:23:44.3378853Z test_bound_loader_source_executes_instead_of_forged_timestamp_pyc (test_frontier_v8_live_host.LiveHostUnitTests) ... ok
2026-10-03T14:23:44.3482365Z test_closed_descriptor_is_detected_and_close_preserves_reservation (test_frontier_v8_live_host.LiveHostUnitTests) ... ok
2026-10-03T14:23:44.3563910Z test_controller_birth_uid_boot_or_bound_exit_invalidates_owner (test_frontier_v8_live_host.LiveHostUnitTests) ... ok
2026-10-03T14:23:44.3612028Z test_current_guard_identity_nonce_and_direct_fresh_session_are_required (test_frontier_v8_live_host.LiveHostUnitTests) ... ok
2026-10-03T14:23:44.3670167Z test_deadline_precedes_process_gpu_reads_and_delayed_probe_is_rechecked (test_frontier_v8_live_host.LiveHostUnitTests) ... ok
2026-10-03T14:23:44.3808363Z test_host_loss_and_new_selected_compute_invalidate_existing_owner (test_frontier_v8_live_host.LiveHostUnitTests) ... ok
2026-10-03T14:23:44.3896607Z test_owned_deadline_expiry_stops_before_fresh_probe_and_clock_errors_stay_distinct (test_frontier_v8_live_host.LiveHostUnitTests) ... ok
2026-10-03T14:23:44.3997503Z test_positive_fixture_is_immutable_check_only_and_cannot_be_promoted (test_frontier_v8_live_host.LiveHostUnitTests) ... ok
2026-10-03T14:23:44.4082979Z test_private_lease_flock_inode_and_exact_marker_bytes_are_required (test_frontier_v8_live_host.LiveHostUnitTests) ... ok
2026-10-03T14:23:44.4109513Z test_production_cli_and_unissued_owner_remain_closed (test_frontier_v8_live_host.LiveHostUnitTests) ... ok
2026-10-03T14:23:44.4234177Z test_protected_compute_birth_and_command_bytes_are_bound (test_frontier_v8_live_host.LiveHostUnitTests) ... ok
2026-10-03T14:23:44.4362993Z test_protected_unknown_non_h100_and_occupied_selected_gpus_are_refused (test_frontier_v8_live_host.LiveHostUnitTests) ... ok
2026-10-03T14:23:44.4411724Z test_public_lease_permissions_are_refused_before_marker (test_frontier_v8_live_host.LiveHostUnitTests) ... ok
2026-10-03T14:23:44.4444785Z test_real_host_reader_uses_hostname_and_only_local_fib_addresses (test_frontier_v8_live_host.LiveHostUnitTests) ... ok
2026-10-03T14:23:44.4643506Z test_selected_and_protected_uuid_mutation_invalidates_existing_owner (test_frontier_v8_live_host.LiveHostUnitTests) ... ok
2026-10-03T14:23:44.4775072Z test_selected_gpu_requires_idle_memory_and_utilization_measurements (test_frontier_v8_live_host.LiveHostUnitTests) ... ok
2026-10-03T14:23:44.4832930Z test_source_hash_mismatch_and_source_overlapping_lease_fail_before_reservation (test_frontier_v8_live_host.LiveHostUnitTests) ... ok
2026-10-03T14:23:44.4941850Z test_source_receipt_dependency_and_stage_mutations_are_refused (test_frontier_v8_live_host.LiveHostUnitTests) ... ok
2026-10-03T14:23:44.4972950Z test_strict_spec_rejects_borrowed_routes_and_unbounded_or_untyped_values (test_frontier_v8_live_host.LiveHostUnitTests) ... ok
2026-10-03T14:23:44.5070020Z test_wrong_stage_attempt_source_and_cuda_flag_are_refused_even_when_rehashed (test_frontier_v8_live_host.LiveHostUnitTests) ... ok
2026-10-03T14:23:44.9314305Z test_cached_scientific_dependencies_from_another_root_reject (test_frontier_v8_native_model.NativeModelTests) ... ok
2026-10-03T14:23:45.0097038Z test_checkpoint_fullhash_tampering_precedes_dependencies (test_frontier_v8_native_model.NativeModelTests) ... ok
2026-10-03T14:23:45.1095140Z test_dtype_quantization_env_is_scrubbed_and_restored (test_frontier_v8_native_model.NativeModelTests) ... ok
2026-10-03T14:23:45.2043656Z test_exact_runtime_row_scope_original_flags_and_cleanup (test_frontier_v8_native_model.NativeModelTests) ... ok
2026-10-03T14:23:45.5223781Z test_four_contexts_are_fresh_and_no_extra_forward (test_frontier_v8_native_model.NativeModelTests) ... ok
2026-10-03T14:23:45.6031579Z test_import_is_lazy_and_owner_failure_precedes_dependencies (test_frontier_v8_native_model.NativeModelTests) ... ok
2026-10-03T14:23:45.6186940Z test_incomplete_training_or_changed_settings_do_not_report_success (test_frontier_v8_native_model.NativeModelTests) ... ok
2026-10-03T14:23:46.4090629Z test_none_trainable_gradient_is_reported_without_imputation (test_frontier_v8_native_model.NativeModelTests) ... ok
2026-10-03T14:23:46.4400740Z test_nonfinite_zero_group_or_base_grad_fails_before_original_step_and_restores (test_frontier_v8_native_model.NativeModelTests) ... ok
2026-10-03T14:23:47.3207627Z test_observer_does_not_keep_model_alive_across_original_checkpoint_reload (test_frontier_v8_native_model.NativeModelTests) ... ok
2026-10-03T14:23:47.4120096Z test_owner_loss_before_row_and_exception_cleanup (test_frontier_v8_native_model.NativeModelTests) ... ok
2026-10-03T14:23:47.7421795Z test_physical_uuid_or_multiple_visible_devices_fail_before_load (test_frontier_v8_native_model.NativeModelTests) ... ok
2026-10-03T14:23:47.8270307Z test_saved_trainable_dtype_cannot_round_into_exact_identity (test_frontier_v8_native_model.NativeModelTests) ... ok
2026-10-03T14:23:47.9889471Z test_source_and_import_location_fail_closed (test_frontier_v8_native_model.NativeModelTests) ... ok
2026-10-03T14:23:48.4119609Z test_tensor_value_missing_key_dtype_and_merged_adapter_reject (test_frontier_v8_native_model.NativeModelTests) ... ok
2026-10-03T14:23:49.2024359Z test_training_original_adamw_first_accumulated_step_zero_bias_and_restoration (test_frontier_v8_native_model.NativeModelTests) ... ok
2026-10-03T14:23:49.2026801Z test_ancestry_excludes_unrelated_even_same_session_and_nonce (test_frontier_v8_owned_process.OwnedProcessFixtureTests) ... ok
2026-10-03T14:23:49.2055345Z test_atomic_link_publishes_complete_flushed_json_only (test_frontier_v8_owned_process.OwnedProcessFixtureTests) ... ok
2026-10-03T14:23:49.2060062Z test_birth_uid_and_initial_session_mismatch_fail_closed (test_frontier_v8_owned_process.OwnedProcessFixtureTests) ... ok
2026-10-03T14:23:49.2081054Z test_boot_and_truncated_stat_are_rejected (test_frontier_v8_owned_process.OwnedProcessFixtureTests) ... ok
2026-10-03T14:23:49.2094636Z test_child_born_during_cleanup_is_included_and_pidfds_prove_exit (test_frontier_v8_owned_process.OwnedProcessFixtureTests) ... ok
2026-10-03T14:23:49.2303866Z test_cleanup_never_claims_success_with_live_pidfd (test_frontier_v8_owned_process.OwnedProcessFixtureTests) ... ok
2026-10-03T14:23:49.2316100Z test_cpu_environment_discards_inherited_loader_credentials_and_devices (test_frontier_v8_owned_process.OwnedProcessFixtureTests) ... ok
2026-10-03T14:23:49.2357246Z test_dead_controller_never_starts_worker (test_frontier_v8_owned_process.OwnedProcessFixtureTests) ... ok
2026-10-03T14:23:49.2370146Z test_exclusive_json_preserves_existing_final_bytes (test_frontier_v8_owned_process.OwnedProcessFixtureTests) ... ok
2026-10-03T14:23:49.2388569Z test_existing_attempt_and_symlink_parent_are_refused (test_frontier_v8_owned_process.OwnedProcessFixtureTests) ... ok
2026-10-03T14:23:49.2435491Z test_guard_signal_during_worker_popen_cleans_registered_child (test_frontier_v8_owned_process.OwnedProcessFixtureTests) ... ok
2026-10-03T14:23:49.2489961Z test_independent_watchdog_binds_controller_loss_and_quiesces_worker (test_frontier_v8_owned_process.OwnedProcessFixtureTests) ... ok
2026-10-03T14:23:49.2497519Z test_interrupted_json_write_never_exposes_final_receipt (test_frontier_v8_owned_process.OwnedProcessFixtureTests) ... ok
2026-10-03T14:23:49.2509556Z test_invalid_bounds_shell_or_reused_directory_do_not_spawn (test_frontier_v8_owned_process.OwnedProcessFixtureTests) ... ok
2026-10-03T14:23:49.2547367Z test_missing_guard_receipt_cannot_claim_process_proof (test_frontier_v8_owned_process.OwnedProcessFixtureTests) ... ok
2026-10-03T14:23:49.2549881Z test_nonce_mismatch_does_not_confer_success_or_capture_unrelated (test_frontier_v8_owned_process.OwnedProcessFixtureTests) ... ok
2026-10-03T14:23:49.2551568Z test_orphan_adopted_by_subreaper_remains_owned (test_frontier_v8_owned_process.OwnedProcessFixtureTests) ... ok
2026-10-03T14:23:49.2556549Z test_pidfd_exit_is_observed_before_final_empty_child_proof (test_frontier_v8_owned_process.OwnedProcessFixtureTests) ... ok
2026-10-03T14:23:49.2586509Z test_pidfd_open_sandwich_refuses_reuse_boot_or_uid_change (test_frontier_v8_owned_process.OwnedProcessFixtureTests) ... ok
2026-10-03T14:23:49.2594668Z test_pidfd_signals_have_no_numeric_pid_fallback (test_frontier_v8_owned_process.OwnedProcessFixtureTests) ... ok
2026-10-03T14:23:49.2615655Z test_proc_stat_parentheses_and_uid_are_bound (test_frontier_v8_owned_process.OwnedProcessFixtureTests) ... ok
2026-10-03T14:23:49.2618387Z test_reused_pid_is_refused_before_signal (test_frontier_v8_owned_process.OwnedProcessFixtureTests) ... ok
2026-10-03T14:23:49.2664484Z test_signal_during_guard_popen_defers_cancel_and_never_arms_worker (test_frontier_v8_owned_process.OwnedProcessFixtureTests) ... ok
2026-10-03T14:23:49.2670313Z test_unavailable_kernel_creates_no_attempt_or_process (test_frontier_v8_owned_process.OwnedProcessFixtureTests) ... ok
2026-10-03T14:23:49.4144183Z test_live_controller_sigkill_leaves_independent_quiescence_receipt (test_frontier_v8_owned_process.OwnedProcessLinuxTests) ... ok
2026-10-03T14:23:49.7013208Z test_live_cpu_timeout (test_frontier_v8_owned_process.OwnedProcessLinuxTests) ... ok
2026-10-03T14:23:49.7856700Z test_live_cpu_worker_completion (test_frontier_v8_owned_process.OwnedProcessLinuxTests) ... ok
2026-10-03T14:23:49.9808797Z test_live_forked_escaped_session_is_contained (test_frontier_v8_owned_process.OwnedProcessLinuxTests) ... ok
2026-10-03T14:23:49.9831530Z test_directory_replaced_with_identical_named_bytes_is_refused (test_frontier_v8_resource_capture.ResourceCaptureTests) ... ok
2026-10-03T14:23:49.9848835Z test_directory_scan_error_is_not_silently_treated_as_empty (test_frontier_v8_resource_capture.ResourceCaptureTests) ... ok
2026-10-03T14:23:49.9859621Z test_excluded_node_and_stale_or_invalid_acquisition_refused (test_frontier_v8_resource_capture.ResourceCaptureTests) ... ok
2026-10-03T14:23:49.9879795Z test_execute_rejects_before_request_read (test_frontier_v8_resource_capture.ResourceCaptureTests) ... ok
2026-10-03T14:23:49.9908467Z test_low_util_compute_process_is_occupied (test_frontier_v8_resource_capture.ResourceCaptureTests) ... ok
2026-10-03T14:23:49.9919583Z test_missing_protected_card_or_duplicate_uuid_refused (test_frontier_v8_resource_capture.ResourceCaptureTests) ... ok
2026-10-03T14:23:49.9938486Z test_new_file_during_tree_hash_refused (test_frontier_v8_resource_capture.ResourceCaptureTests) ... ok
2026-10-03T14:23:49.9957089Z test_overlapping_roots_and_duplicate_paths_refused (test_frontier_v8_resource_capture.ResourceCaptureTests) ... ok
2026-10-03T14:23:49.9972805Z test_process_birth_race_refused (test_frontier_v8_resource_capture.ResourceCaptureTests) ... ok
2026-10-03T14:23:49.9984828Z test_progress_must_be_explicit_integer_not_boolean (test_frontier_v8_resource_capture.ResourceCaptureTests) ... ok
2026-10-03T14:23:50.0006020Z test_protected_state_change_refused (test_frontier_v8_resource_capture.ResourceCaptureTests) ... ok
2026-10-03T14:23:50.0039784Z test_second_observation_busy_is_not_free (test_frontier_v8_resource_capture.ResourceCaptureTests) ... ok
2026-10-03T14:23:50.0052679Z test_special_file_and_symlink_inventory_rejected (test_frontier_v8_resource_capture.ResourceCaptureTests) ... ok
2026-10-03T14:23:50.0087977Z test_tree_inventory_and_required_bytes_reread (test_frontier_v8_resource_capture.ResourceCaptureTests) ... ok
2026-10-03T14:23:50.0103033Z test_unknown_compute_pid_cannot_be_silently_ignored (test_frontier_v8_resource_capture.ResourceCaptureTests) ... ok
2026-10-03T14:23:50.0122176Z test_vacancy_requires_both_samples_but_grants_no_authority (test_frontier_v8_resource_capture.ResourceCaptureTests) ... ok
2026-10-03T14:23:50.4820818Z test_borrowed_catchable_interrupt_restores_same_process_tree (test_frontier_v8_resource_episode.ResourceEpisodeLinuxTests) ... ok
2026-10-03T14:23:50.9396879Z test_borrowed_controller_sigkill_restores_same_process_tree (test_frontier_v8_resource_episode.ResourceEpisodeLinuxTests) ... ok
2026-10-03T14:23:51.3176568Z test_borrowed_failed_gate_nonzero_resumes_all_originals (test_frontier_v8_resource_episode.ResourceEpisodeLinuxTests) ... ok
2026-10-03T14:23:51.6377963Z test_borrowed_hash_failure_keeps_reservations_after_resume (test_frontier_v8_resource_episode.ResourceEpisodeLinuxTests) ... ok
2026-10-03T14:23:51.7583943Z test_borrowed_original_nonce_mismatch_is_refused_before_launch (test_frontier_v8_resource_episode.ResourceEpisodeLinuxTests) ... ok
2026-10-03T14:23:52.2748420Z test_borrowed_originals_resume_same_birth_and_progress_without_restart (test_frontier_v8_resource_episode.ResourceEpisodeLinuxTests) ... ok
2026-10-03T14:23:52.5881629Z test_borrowed_ownership_loss_resumes_but_keeps_unproven_lease (test_frontier_v8_resource_episode.ResourceEpisodeLinuxTests) ... ok
2026-10-03T14:23:53.3683714Z test_borrowed_timeout_resumes_all_originals (test_frontier_v8_resource_episode.ResourceEpisodeLinuxTests) ... ok
2026-10-03T14:23:53.5953581Z test_controller_loss_guard_cleans_worker_and_writes_independent_receipt (test_frontier_v8_resource_episode.ResourceEpisodeLinuxTests) ... ok
2026-10-03T14:23:54.0046179Z test_escaped_new_descendant_is_cleaned_and_unrelated_fixture_survives (test_frontier_v8_resource_episode.ResourceEpisodeLinuxTests) ... ok
2026-10-03T14:23:54.0060048Z test_independent_spec_validation_happens_before_launch (test_frontier_v8_resource_episode.ResourceEpisodeLinuxTests) ... ok
2026-10-03T14:23:54.1723209Z test_lost_gpu_identity_never_releases_reservation (test_frontier_v8_resource_episode.ResourceEpisodeLinuxTests) ... ok
2026-10-03T14:23:54.3785698Z test_timeout_fails_closed_before_launch_or_proves_new_tree_quiescence (test_frontier_v8_resource_episode.ResourceEpisodeLinuxTests) ... ok
2026-10-03T14:23:54.5447170Z test_worker_failure_preserves_failure_and_restoration_evidence (test_frontier_v8_resource_episode.ResourceEpisodeLinuxTests) ... ok
2026-10-03T14:23:54.7710395Z test_worker_receives_real_owner_and_success_releases_lease (test_frontier_v8_resource_episode.ResourceEpisodeLinuxTests) ... ok
2026-10-03T14:23:54.7718487Z test_borrowed_scope_reserves_all_original_gpus (test_frontier_v8_resource_episode.ResourceEpisodeUnitTests) ... ok
2026-10-03T14:23:54.7869992Z test_delayed_restoration_evidence_publication_cannot_release_lease (test_frontier_v8_resource_episode.ResourceEpisodeUnitTests) ... ok
2026-10-03T14:23:54.7884228Z test_fake_manifest_without_inherited_owner_is_not_authority (test_frontier_v8_resource_episode.ResourceEpisodeUnitTests) ... ok
2026-10-03T14:23:54.7890373Z test_free_gpu_requires_idle_memory_measurement (test_frontier_v8_resource_episode.ResourceEpisodeUnitTests) ... ok
2026-10-03T14:23:54.7894588Z test_gpu0_and_gpu1_are_never_selected (test_frontier_v8_resource_episode.ResourceEpisodeUnitTests) ... ok
2026-10-03T14:23:54.7916383Z test_inode_replacement_and_unlocked_lease_are_detected (test_frontier_v8_resource_episode.ResourceEpisodeUnitTests) ... ok
2026-10-03T14:23:54.7928007Z test_live_gpu_reader_rejects_inventory_change_between_reads (test_frontier_v8_resource_episode.ResourceEpisodeUnitTests) ... ok
2026-10-03T14:23:54.7937762Z test_live_gpu_reader_uses_absolute_bounded_shell_free_queries (test_frontier_v8_resource_episode.ResourceEpisodeUnitTests) ... ok
2026-10-03T14:23:54.7948449Z test_live_probe_allows_protected_activity_but_requires_both_selected_idle_samples (test_frontier_v8_resource_episode.ResourceEpisodeUnitTests) ... ok
2026-10-03T14:23:54.7952869Z test_low_utilization_cannot_hide_compute (test_frontier_v8_resource_episode.ResourceEpisodeUnitTests) ... ok
2026-10-03T14:23:54.7980387Z test_originals_only_stop_cont_same_process_even_after_controller_loss (test_frontier_v8_resource_episode.ResourceEpisodeUnitTests) ... ok
2026-10-03T14:23:54.8044900Z test_originals_refuse_foreign_ancestry_nonce_and_birth (test_frontier_v8_resource_episode.ResourceEpisodeUnitTests) ... ok
2026-10-03T14:23:54.8049226Z test_owner_bindings_are_recursively_immutable (test_frontier_v8_resource_episode.ResourceEpisodeUnitTests) ... ok
2026-10-03T14:23:54.8051373Z test_owner_deadline_race_preserves_causal_failure_classification (test_frontier_v8_resource_episode.ResourceEpisodeUnitTests)
2026-10-03T14:23:54.8996904Z Real owner/lease reads; process and independent audit are CPU mocks. ... ok
2026-10-03T14:23:54.9082222Z test_owner_live_relationship_and_fresh_probe_are_rechecked (test_frontier_v8_resource_episode.ResourceEpisodeUnitTests) ... ok
2026-10-03T14:23:54.9091131Z test_production_cli_is_closed (test_frontier_v8_resource_episode.ResourceEpisodeUnitTests) ... ok
2026-10-03T14:23:54.9095180Z test_raw_gpu_inventory_refuses_duplicates_and_unknown_compute (test_frontier_v8_resource_episode.ResourceEpisodeUnitTests) ... ok
2026-10-03T14:23:54.9126043Z test_release_deadline_failure_keeps_every_marker (test_frontier_v8_resource_episode.ResourceEpisodeUnitTests) ... ok
2026-10-03T14:23:54.9180866Z test_same_inode_marker_rewrite_cannot_preserve_reservation_identity (test_frontier_v8_resource_episode.ResourceEpisodeUnitTests) ... ok
2026-10-03T14:23:54.9212702Z test_source_closure_requires_all_three_exact_regular_sources (test_frontier_v8_resource_episode.ResourceEpisodeUnitTests) ... ok
2026-10-03T14:23:54.9238167Z test_unproven_lease_survives_descriptor_close (test_frontier_v8_resource_episode.ResourceEpisodeUnitTests) ... ok
2026-10-03T14:23:54.9241569Z test_work_and_restoration_bounds_are_distinct (test_frontier_v8_resource_episode.ResourceEpisodeUnitTests) ... ok
2026-10-03T14:23:54.9293020Z test_baseline_missing_rank_and_nonloopback_endpoint_fail (test_frontier_v8_restoration_audit.RestorationAuditTests) ... ok
2026-10-03T14:23:54.9333401Z test_default_GPU_backend_uses_absolute_binary_and_scrubbed_environment (test_frontier_v8_restoration_audit.RestorationAuditTests) ... ok
2026-10-03T14:23:54.9528994Z test_dynamic_memory_utilization_does_not_change_protected_identity (test_frontier_v8_restoration_audit.RestorationAuditTests) ... ok
2026-10-03T14:23:54.9640756Z test_extra_unlisted_optimizer_leaf_fails_complete_inventory (test_frontier_v8_restoration_audit.RestorationAuditTests) ... ok
2026-10-03T14:23:54.9822858Z test_fresh_raw_CSV_query_is_independently_parsed (test_frontier_v8_restoration_audit.RestorationAuditTests) ... ok
2026-10-03T14:23:54.9936155Z test_http_503_response_is_actual_availability_failure (test_frontier_v8_restoration_audit.RestorationAuditTests) ... ok
2026-10-03T14:23:55.0063203Z test_known_owned_birth_cannot_escape_via_reparenting_and_setsid (test_frontier_v8_restoration_audit.RestorationAuditTests) ... ok
2026-10-03T14:23:55.0107497Z test_leaf_mutation_after_final_fd_stat_fails (test_frontier_v8_restoration_audit.RestorationAuditTests) ... ok
2026-10-03T14:23:55.0297098Z test_monotonic_time_reversal_invalidates_saved_observation (test_frontier_v8_restoration_audit.RestorationAuditTests) ... ok
2026-10-03T14:23:55.0346724Z test_no_borrow_can_hash_stage_inputs_without_queue_claim (test_frontier_v8_restoration_audit.RestorationAuditTests) ... ok
2026-10-03T14:23:55.0458561Z test_noninteger_progress_fails (test_frontier_v8_restoration_audit.RestorationAuditTests) ... ok
2026-10-03T14:23:55.0573330Z test_original_pid_reuse_fails (test_frontier_v8_restoration_audit.RestorationAuditTests) ... ok
2026-10-03T14:23:55.0801281Z test_original_reparent_after_bound_parent_exit_preserves_same_birth (test_frontier_v8_restoration_audit.RestorationAuditTests) ... ok
2026-10-03T14:23:55.1054177Z test_original_reparent_after_bound_parent_zombie_with_empty_cmdline (test_frontier_v8_restoration_audit.RestorationAuditTests) ... ok
2026-10-03T14:23:55.1246349Z test_original_reparent_requires_proof_bound_parent_exited (test_frontier_v8_restoration_audit.RestorationAuditTests) ... ok
2026-10-03T14:23:55.1431040Z test_original_stopped_and_missing_fail (test_frontier_v8_restoration_audit.RestorationAuditTests) ... ok
2026-10-03T14:23:55.1620361Z test_original_uid_and_boot_mismatch_fail (test_frontier_v8_restoration_audit.RestorationAuditTests) ... ok
2026-10-03T14:23:55.1664389Z test_oversized_deadline_and_claimed_optimizer_boundary_rejected_before_reads (test_frontier_v8_restoration_audit.RestorationAuditTests) ... ok
2026-10-03T14:23:55.1872001Z test_owned_worker_alive_and_unlisted_same_group_descendant_fail (test_frontier_v8_restoration_audit.RestorationAuditTests) ... ok
2026-10-03T14:23:55.1914595Z test_production_cli_refuses_before_any_paths_or_reads (test_frontier_v8_restoration_audit.RestorationAuditTests) ... ok
2026-10-03T14:23:55.2192810Z test_protected_compute_birth_and_command_independently_observed (test_frontier_v8_restoration_audit.RestorationAuditTests) ... ok
2026-10-03T14:23:55.2391401Z test_protected_gpu_metadata_and_process_changes_fail (test_frontier_v8_restoration_audit.RestorationAuditTests) ... ok
2026-10-03T14:23:55.2589296Z test_raw_fulltree_same_process_http_and_progress_pass_without_authority (test_frontier_v8_restoration_audit.RestorationAuditTests) ... ok
2026-10-03T14:23:55.2702335Z test_redirect_cannot_follow_external_host (test_frontier_v8_restoration_audit.RestorationAuditTests) ... ok
2026-10-03T14:23:55.2903469Z test_saved_verifier_reparses_raw_not_observer_success_boolean (test_frontier_v8_restoration_audit.RestorationAuditTests) ... ok
2026-10-03T14:23:55.3158591Z test_static_progress_reaches_monotonic_deadline_without_pass (test_frontier_v8_restoration_audit.RestorationAuditTests) ... ok
2026-10-03T14:23:55.3207392Z test_symlink_in_immutable_tree_fails (test_frontier_v8_restoration_audit.RestorationAuditTests) ... ok
2026-10-03T14:23:55.3258471Z test_tree_traversal_permission_error_cannot_silently_prune (test_frontier_v8_restoration_audit.RestorationAuditTests) ... ok
2026-10-03T14:23:55.3444095Z test_wall_clock_jumps_have_no_recovery_control_effect (test_frontier_v8_restoration_audit.RestorationAuditTests) ... ok
2026-10-03T14:23:55.3553753Z test_wrong_fullhash_same_size_fails (test_frontier_v8_restoration_audit.RestorationAuditTests) ... ok
2026-10-03T14:23:55.8563249Z test_actual_entries_refuse_before_files_paths_or_import_factories (test_frontier_v8_scientific_child.ScientificChildTests) ... ok
2026-10-03T14:23:55.8579587Z test_additional_metadata_or_comparison_request_inside_task_refused (test_frontier_v8_scientific_child.ScientificChildTests) ... ok
2026-10-03T14:23:57.5493270Z test_complete_fixture_original_four_loads_twenty_two_journals_and_binding (test_frontier_v8_scientific_child.ScientificChildTests) ... ok
2026-10-03T14:23:57.5506885Z test_fixture_attempt_reuse_cannot_overwrite_original_preflight (test_frontier_v8_scientific_child.ScientificChildTests) ... ok
2026-10-03T14:23:57.5516247Z test_invalid_fixed_completion_does_not_write_success_wrapper_or_compare (test_frontier_v8_scientific_child.ScientificChildTests) ... ok
2026-10-03T14:23:57.5525885Z test_json_ready_flags_or_production_gpu_scope_cannot_unlock_fixture (test_frontier_v8_scientific_child.ScientificChildTests) ... ok
2026-10-03T14:23:57.5536499Z test_owner_failure_precedes_all_path_and_source_callbacks (test_frontier_v8_scientific_child.ScientificChildTests) ... ok
2026-10-03T14:23:57.5551452Z test_owner_loss_after_training_stops_before_validation_and_comparison (test_frontier_v8_scientific_child.ScientificChildTests) ... ok
2026-10-03T14:23:57.5562025Z test_source_root_declarations_and_owner_binding_fail_before_prepare (test_frontier_v8_scientific_child.ScientificChildTests) ... ok
2026-10-03T14:23:57.5576495Z test_training_failure_restores_observation_and_never_materializes_comparison (test_frontier_v8_scientific_child.ScientificChildTests) ... ok
2026-10-03T14:23:57.5592799Z test_translated_argv_mismatch_or_current_stage_mismatch_stops_before_training (test_frontier_v8_scientific_child.ScientificChildTests) ... ok
2026-10-03T14:23:58.5045019Z test_actual_clean_repositories_import_real_modules_and_restore_state (test_frontier_v8_source_loader.SourceLoaderTests) ... ok
2026-10-03T14:23:59.1922309Z test_caller_path_cache_and_hooks_are_bypassed_then_restored (test_frontier_v8_source_loader.SourceLoaderTests) ... ok
2026-10-03T14:24:00.4007835Z test_changes_during_scope_are_detected_and_caller_exception_cleanup_runs (test_frontier_v8_source_loader.SourceLoaderTests) ... ok
2026-10-03T14:24:00.8142554Z test_dirty_untracked_and_ignored_bytecode_are_rejected (test_frontier_v8_source_loader.SourceLoaderTests) ... ok
2026-10-03T14:24:00.9676011Z test_execute_and_execute_cli_refuse_before_reading_a_context (test_frontier_v8_source_loader.SourceLoaderTests) ... ok
2026-10-03T14:24:01.0757271Z test_explicit_foreign_path_and_meta_hook_are_rejected (test_frontier_v8_source_loader.SourceLoaderTests) ... ok
2026-10-03T14:24:01.5280840Z test_external_bytes_and_same_byte_rewrite_between_captures_rejected (test_frontier_v8_source_loader.SourceLoaderTests) ... ok
2026-10-03T14:24:02.2177718Z test_hostile_cwd_and_pythonpath_are_not_imported (test_frontier_v8_source_loader.SourceLoaderTests) ... ok
2026-10-03T14:24:04.7116904Z test_loaded_origin_loader_and_callable_replacements_detected (test_frontier_v8_source_loader.SourceLoaderTests) ... ok
2026-10-03T14:24:04.9422071Z test_nested_roots_wrong_head_inventory_and_loader_origin_are_rejected (test_frontier_v8_source_loader.SourceLoaderTests) ... ok
2026-10-03T14:24:05.4012559Z test_partial_import_exception_restores_existing_parent_attributes (test_frontier_v8_source_loader.SourceLoaderTests) ... ok
2026-10-03T14:24:05.5103282Z test_preloaded_scientific_or_scripts_modules_and_optional_packages_rejected (test_frontier_v8_source_loader.SourceLoaderTests) ... ok
2026-10-03T14:24:05.9016851Z test_same_bytes_replacement_of_root_between_captures_rejected (test_frontier_v8_source_loader.SourceLoaderTests) ... ok
2026-10-03T14:24:06.9331248Z test_sparse_worktree_actual_git_pointer_is_supported (test_frontier_v8_source_loader.SourceLoaderTests) ... ok
2026-10-03T14:24:07.1700526Z test_symlink_blob_and_alias_root_are_rejected (test_frontier_v8_source_loader.SourceLoaderTests) ... ok
2026-10-03T14:24:07.6279224Z test_top_level_optional_import_is_blocked_and_partial_state_restored (test_frontier_v8_source_loader.SourceLoaderTests) ... ok
2026-10-03T14:24:07.9418942Z test_control_data_level_split_isolation_and_teacher_future_independence (test_games.GamesTest) ... ok
2026-10-03T14:24:08.5413280Z test_control_data_matches_runtime_labels_and_excludes_provenance (test_games.GamesTest) ... ok
2026-10-03T14:24:08.5414520Z test_doom_real_engine_closed_loop_replay (test_games.GamesTest) ... skipped 'optional vizdoom is not installed'
2026-10-03T14:24:09.0671358Z test_game_service_evaluator_records_paired_http_results_and_failures (test_games.GamesTest) ... ok
2026-10-03T14:24:09.5883969Z test_http_uses_only_visible_state_never_oracle_and_errors_propagate (test_games.GamesTest) ... ok
2026-10-03T14:24:09.5885372Z test_invalid_and_terminal_boards (test_games.GamesTest) ... ok
2026-10-03T14:24:09.5888127Z test_invalid_probability_and_move_responses (test_games.GamesTest) ... ok
2026-10-03T14:24:09.6808635Z test_local_trex_box_physics_and_replay (test_games.GamesTest) ... ok
2026-10-03T14:24:09.6812573Z test_mario_and_trex_external_request_contracts (test_games.GamesTest) ... ok
2026-10-03T14:24:09.7006380Z test_minimax_takes_win_blocks_loss_and_selfplay_draws (test_games.GamesTest) ... ok
2026-10-03T14:24:09.7022829Z test_seeded_replay_and_tamper_detection (test_games.GamesTest) ... ok
2026-10-03T14:24:09.9790855Z test_snake_data_exact_collisions_grouped_and_ood_grid (test_games.GamesTest) ... ok
2026-10-03T14:24:09.9795090Z test_snake_reverse_wall_body_tail_and_growth (test_games.GamesTest) ... ok
2026-10-03T14:24:11.1325403Z test_tictactoe_exhaustive_data_and_symmetry_split_isolation (test_games.GamesTest) ... ok
2026-10-03T14:24:11.2725194Z test_tile_platformer_plays_replays_and_obeys_ground_collision (test_games.GamesTest) ... ok
2026-10-03T14:24:11.2737939Z test_wiki_shortest_path_dead_end_and_budget (test_games.GamesTest) ... ok
2026-10-03T14:24:11.2843781Z test_both_dependency_lock_files_reject_tamper_before_checkpoint (test_independent_evaluation.IndependentEvaluationTests) ... ok
2026-10-03T14:24:11.2903975Z test_bundle_is_pinned_not_evaluated_and_cannot_overwrite (test_independent_evaluation.IndependentEvaluationTests) ... ok
2026-10-03T14:24:11.3149300Z test_install_script_disables_inherited_pip_config_before_first_pip (test_independent_evaluation.IndependentEvaluationTests) ... ok
2026-10-03T14:24:11.3152392Z test_invalid_revision_cannot_write_or_inject_shell_code (test_independent_evaluation.IndependentEvaluationTests) ... ok
2026-10-03T14:24:11.3267353Z test_runtime_only_preflight_needs_no_checkpoint_or_model_import (test_independent_evaluation.IndependentEvaluationTests) ... ok
2026-10-03T14:24:11.3374369Z test_runtime_rejects_broken_dependency_check (test_independent_evaluation.IndependentEvaluationTests) ... ok
2026-10-03T14:24:11.3463420Z test_runtime_rejects_global_or_user_site_environment (test_independent_evaluation.IndependentEvaluationTests) ... ok
2026-10-03T14:24:11.3556538Z test_runtime_rejects_missing_or_external_packages (test_independent_evaluation.IndependentEvaluationTests) ... ok
2026-10-03T14:24:11.3652861Z test_runtime_rejects_package_version_drift_before_checkpoint (test_independent_evaluation.IndependentEvaluationTests) ... ok
2026-10-03T14:24:11.3796423Z test_runtime_rejects_unsupported_interpreter_or_platform (test_independent_evaluation.IndependentEvaluationTests) ... ok
2026-10-03T14:24:11.3912778Z test_verified_fixture_still_does_not_claim_inference_or_sealed_result (test_independent_evaluation.IndependentEvaluationTests) ... ok
2026-10-03T14:24:11.4020061Z test_verifier_rejects_wrong_bytes_without_model_load (test_independent_evaluation.IndependentEvaluationTests) ... ok
2026-10-03T14:24:11.4028485Z test_elapsed_deadline_prevents_starting_another_subprocess (test_install_isolated_runtime_cpu.IsolatedRuntimeInstallerTests) ... ok
2026-10-03T14:24:11.4038453Z test_environment_discards_python_pip_credentials_proxies_and_loader_overrides (test_install_isolated_runtime_cpu.IsolatedRuntimeInstallerTests) ... ok
2026-10-03T14:24:11.4091048Z test_exact_official_torch_hosts_accept_real_index_url_and_reject_suffixes (test_install_isolated_runtime_cpu.IsolatedRuntimeInstallerTests) ... ok
2026-10-03T14:24:11.4697050Z test_failed_version_origin_site_or_wheel_proof_preserves_consumed_failure (test_install_isolated_runtime_cpu.IsolatedRuntimeInstallerTests) ... ok
2026-10-03T14:24:11.4739744Z test_other_existing_env_ancestors_are_refused (test_install_isolated_runtime_cpu.IsolatedRuntimeInstallerTests) ... ok
2026-10-03T14:24:11.4871120Z test_overall_budget_expiry_has_failure_receipt_without_fallback (test_install_isolated_runtime_cpu.IsolatedRuntimeInstallerTests) ... ok
2026-10-03T14:24:11.4932807Z test_platform_source_lock_and_owned_parent_refusal_create_no_attempt (test_install_isolated_runtime_cpu.IsolatedRuntimeInstallerTests) ... ok
2026-10-03T14:24:11.4990322Z test_signal_during_popen_return_is_deferred_until_child_registration (test_install_isolated_runtime_cpu.IsolatedRuntimeInstallerTests) ... ok
2026-10-03T14:24:11.5025066Z test_source_shared_environment_and_existing_outputs_are_refused (test_install_isolated_runtime_cpu.IsolatedRuntimeInstallerTests) ... ok
2026-10-03T14:24:11.5162662Z test_success_records_exact_public_wheels_and_isolated_cpu_metadata (test_install_isolated_runtime_cpu.IsolatedRuntimeInstallerTests) ... ok
2026-10-03T14:24:11.5302659Z test_termination_signals_clean_owned_child_write_failure_and_restore_handlers (test_install_isolated_runtime_cpu.IsolatedRuntimeInstallerTests) ... ok
2026-10-03T14:24:11.5316671Z test_timeout_kills_only_owned_new_session_and_reaps (test_install_isolated_runtime_cpu.IsolatedRuntimeInstallerTests) ... ok
2026-10-03T14:24:11.7114679Z test_body_audit_rejects_label_and_reference_tamper_after_rehash (test_ir_control.IRCorpusTest) ... ok
2026-10-03T14:24:11.9415887Z test_body_audit_rejects_training_target_tamper_after_rehash (test_ir_control.IRCorpusTest) ... ok
2026-10-03T14:24:11.9418729Z test_original_pilot_and_full_manifests_are_separate_and_pilot_stays_held_out (test_ir_control.IRCorpusTest) ... skipped 'Local generated corpora not present'
2026-10-03T14:24:11.9993356Z test_stable_family_assignment_does_not_change_on_expansion (test_ir_control.IRCorpusTest) ... ok
2026-10-03T14:24:11.9998985Z test_external_holdout_cannot_use_training_data_tree (test_ir_control.IRMetricAndHoldoutTest) ... ok
2026-10-03T14:24:12.0013971Z test_external_holdout_rejects_missing_candidates_after_rehash (test_ir_control.IRMetricAndHoldoutTest) ... ok
2026-10-03T14:24:12.0041977Z test_external_holdout_requires_all_hashes_one_hundred_and_evaluation_only (test_ir_control.IRMetricAndHoldoutTest) ... ok
2026-10-03T14:24:12.0044175Z test_trec_linear_gain_missing_query_unjudged_and_duplicates (test_ir_control.IRMetricAndHoldoutTest) ... ok
2026-10-03T14:24:12.0504940Z test_100_document_pointwise_and_listwise_request_counts (test_ir_control.IRRuntimeTest) ... ok
2026-10-03T14:24:12.0574657Z test_all_six_methods_run_actual_callbacks_and_preserve_document_set (test_ir_control.IRRuntimeTest) ... ok
2026-10-03T14:24:12.0586060Z test_body_grades_cover_exact_partial_wrong_profile_withdrawn_and_unrelated (test_ir_control.IRRuntimeTest) ... ok
2026-10-03T14:24:12.0592812Z test_explicit_score_rounding_policy_preserves_strict_probability_mass (test_ir_control.IRRuntimeTest) ... ok
2026-10-03T14:24:12.0640375Z test_heaps_rerank_only_requested_prefix_and_setwise_windows_have_at_most_eleven (test_ir_control.IRRuntimeTest) ... ok
2026-10-03T14:24:12.0642072Z test_malformed_response_is_preserved_and_not_a_zero_relevance_label (test_ir_control.IRRuntimeTest) ... ok
2026-10-03T14:24:12.0644788Z test_nonfinite_and_inconsistent_probabilities_fail (test_ir_control.IRRuntimeTest) ... ok
2026-10-03T14:24:12.0677819Z test_pairwise_uses_both_orders_and_cancels_constant_position_bias (test_ir_control.IRRuntimeTest) ... ok
2026-10-03T14:24:12.0679139Z test_quoted_query_does_not_change_document_subject (test_ir_control.IRRuntimeTest) ... ok
2026-10-03T14:24:12.0682564Z test_exact_inputs_and_valid_response (test_jev_api_latency.JevLatencyTest) ... ok
2026-10-03T14:24:12.0684365Z test_rejection_retains_response_and_redacts_key (test_jev_api_latency.JevLatencyTest) ... ok
2026-10-03T14:24:12.0687919Z test_wrong_model_and_malformed_outputs_fail (test_jev_api_latency.JevLatencyTest) ... ok
2026-10-03T14:24:12.0712171Z test_credentials_are_scoped_restored_and_rejected_in_git (test_jevbench_hosted.HostedBoundsTest) ... ok
2026-10-03T14:24:12.0713481Z test_failure_cost_rejects_missing_and_boolean_usage (test_jevbench_hosted.HostedBoundsTest) ... ok
2026-10-03T14:24:12.0714751Z test_output_cap_and_price_bounds_include_all_4096_tokens (test_jevbench_hosted.HostedBoundsTest) ... ok
2026-10-03T14:24:12.0716717Z test_auth_failure_stops_once_and_retains_billed_failure_usage (test_jevbench_hosted.HostedPinnedTest) ... skipped 'requires pinned JevBench source; no downloads in tests'
2026-10-03T14:24:12.0718933Z test_budget_reserves_before_send_and_unknown_cost_remains_charged (test_jevbench_hosted.HostedPinnedTest) ... skipped 'requires pinned JevBench source; no downloads in tests'
2026-10-03T14:24:12.0721077Z test_exact_gpt_options_and_native_probability_provenance (test_jevbench_hosted.HostedPinnedTest) ... skipped 'requires pinned JevBench source; no downloads in tests'
2026-10-03T14:24:12.0723337Z test_wall_deadline_keeps_unknown_dispatch_and_restores_key (test_jevbench_hosted.HostedPinnedTest) ... skipped 'requires pinned JevBench source; no downloads in tests'
2026-10-03T14:24:12.2226542Z test_durable_collection_and_replay_bind_current_scope_and_counts (test_jevbench_open_development.PublicDevelopmentTest) ... ok
2026-10-03T14:24:12.2230661Z test_noul_inclusive_boundaries_and_abstention_count_wrong (test_jevbench_open_development.PublicDevelopmentTest) ... ok
2026-10-03T14:24:12.2371289Z test_prepared_requests_exclude_gold_and_changed_freeze_fails (test_jevbench_open_development.PublicDevelopmentTest) ... ok
2026-10-03T14:24:12.2378429Z test_score_expected_position_is_not_argmax_accuracy (test_jevbench_open_development.PublicDevelopmentTest) ... ok
2026-10-03T14:24:12.2437144Z test_selection_never_consults_gold_state_or_predictions (test_jevbench_open_development.PublicDevelopmentTest) ... ok
2026-10-03T14:24:12.2448407Z test_bad_hash_or_identity_rejected_before_request_and_output (test_jevbench_openjev.JevBenchOpenJevTest) ... ok
2026-10-03T14:24:12.2523187Z test_context_refusal_counts_failure_then_continues (test_jevbench_openjev.JevBenchOpenJevTest) ... ok
2026-10-03T14:24:12.2571553Z test_duplicate_json_and_nonfinite_responses_fail_without_silent_repair (test_jevbench_openjev.JevBenchOpenJevTest) ... ok
2026-10-03T14:24:12.2745329Z test_identity_drift_fails_and_stops_before_next_dispatch (test_jevbench_openjev.JevBenchOpenJevTest) ... ok
2026-10-03T14:24:12.2773439Z test_interruption_after_dispatch_leaves_an_in_flight_record (test_jevbench_openjev.JevBenchOpenJevTest) ... ok
2026-10-03T14:24:12.2864440Z test_one_attempt_per_task_and_durable_journal (test_jevbench_openjev.JevBenchOpenJevTest) ... ok
2026-10-03T14:24:12.2871170Z test_request_gold_separation_and_original_candidate_order (test_jevbench_openjev.JevBenchOpenJevTest) ... ok
2026-10-03T14:24:12.3037796Z test_rounding_distribution_is_retained_without_normalizing_or_pre_rejecting (test_jevbench_openjev.JevBenchOpenJevTest) ... ok
2026-10-03T14:24:12.3079788Z test_timeout_never_retries_and_keeps_pending_distinct (test_jevbench_openjev.JevBenchOpenJevTest) ... ok
2026-10-03T14:24:12.3082200Z test_boolean_probability_cannot_be_rewritten_as_float_during_replay (test_jevbench_openjev.PinnedJevBenchIntegrationTest) ... skipped 'requires the clean pinned JevBench checkout; no download in tests'
2026-10-03T14:24:12.3084680Z test_completed_report_cannot_hide_a_partial_journal (test_jevbench_openjev.PinnedJevBenchIntegrationTest) ... skipped 'requires the clean pinned JevBench checkout; no download in tests'
2026-10-03T14:24:12.3087073Z test_exact_upstream_rounding_and_tie_rules (test_jevbench_openjev.PinnedJevBenchIntegrationTest) ... skipped 'requires the clean pinned JevBench checkout; no download in tests'
2026-10-03T14:24:12.3089237Z test_pinned_public_counts_and_exact_requests_match_upstream_adapter (test_jevbench_openjev.PinnedJevBenchIntegrationTest) ... skipped 'requires the clean pinned JevBench checkout; no download in tests'
2026-10-03T14:24:12.3091485Z test_public_summary_uses_gold_only_offline_and_accounts_for_pending (test_jevbench_openjev.PinnedJevBenchIntegrationTest) ... skipped 'requires the clean pinned JevBench checkout; no download in tests'
2026-10-03T14:24:12.3104185Z test_collection_guard_reaps_collector_when_owned_server_exits (test_jevbench_suite.JevBenchSuiteTest) ... ok
2026-10-03T14:24:12.3127999Z test_collection_hard_timeout_reaps_exact_child (test_jevbench_suite.JevBenchSuiteTest) ... ok
2026-10-03T14:24:12.3276577Z test_collection_identity_failure_stops_before_second_model (test_jevbench_suite.JevBenchSuiteTest) ... ok
2026-10-03T14:24:12.3357145Z test_collection_timeout_reaps_server_without_starting_next_model (test_jevbench_suite.JevBenchSuiteTest) ... ok
2026-10-03T14:24:12.3393601Z test_existing_output_refused_without_children (test_jevbench_suite.JevBenchSuiteTest) ... ok
2026-10-03T14:24:12.3423067Z test_n1_mode_verifies_host_and_idle_card_before_selecting_uuid (test_jevbench_suite.JevBenchSuiteTest) ... ok
2026-10-03T14:24:12.3510191Z test_only_new_27b_checkpoint_runs_after_training (test_jevbench_suite.JevBenchSuiteTest) ... ok
2026-10-03T14:24:12.3628670Z test_serial_servers_and_gold_read_only_after_both_are_stopped (test_jevbench_suite.JevBenchSuiteTest) ... ok
2026-10-03T14:24:12.3692412Z test_slurm_mapping_is_preserved_and_broad_visibility_rejected (test_jevbench_suite.JevBenchSuiteTest) ... ok
2026-10-03T14:24:12.3775766Z test_startup_failure_reaps_only_first_server_and_never_collects (test_jevbench_suite.JevBenchSuiteTest) ... ok
2026-10-03T14:24:12.3785848Z test_explicit_policy_cannot_bypass_repository_restriction (test_launch_expansion.LauncherResourcePolicyTests) ... ok
2026-10-03T14:24:12.3836139Z test_main_binds_accepted_physical_indices_to_their_gpu_uuids (test_launch_expansion.LauncherResourcePolicyTests) ... ok
2026-10-03T14:24:12.3856687Z test_main_rejects_wrong_host_before_any_subprocess_or_gpu_query (test_launch_expansion.LauncherResourcePolicyTests) ... ok
2026-10-03T14:24:12.3882482Z test_malformed_or_contradictory_policy_fails_closed (test_launch_expansion.LauncherResourcePolicyTests) ... ok
2026-10-03T14:24:12.3888961Z test_matching_n1_hostname_and_training_cards_are_accepted_and_audited (test_launch_expansion.LauncherResourcePolicyTests) ... ok
2026-10-03T14:24:12.3896955Z test_wrong_host_and_prohibited_training_cards_are_rejected (test_launch_expansion.LauncherResourcePolicyTests) ... ok
2026-10-03T14:24:13.0283257Z test_audit_does_not_use_hidden_oracle_or_variant_metadata (test_mailroom_data.MailroomDataTests) ... ok
2026-10-03T14:24:13.4919179Z test_complete_contract_and_independent_audit (test_mailroom_data.MailroomDataTests) ... ok
2026-10-03T14:24:14.3254441Z test_expansion_preserves_every_old_case_row_and_heldout_family (test_mailroom_data.MailroomDataTests) ... ok
2026-10-03T14:24:14.7364395Z test_final_text_header_and_question_mutations_fail_closed (test_mailroom_data.MailroomDataTests) ... ok
2026-10-03T14:24:15.0616092Z test_link_relay_paid_and_advertised_amounts_in_all_languages (test_mailroom_data.MailroomDataTests) ... ok
2026-10-03T14:24:15.6636285Z test_matching_wrong_gold_and_target_are_rejected (test_mailroom_data.MailroomDataTests) ... ok
2026-10-03T14:24:15.9736946Z test_model_input_excludes_all_supervision_and_provenance (test_mailroom_data.MailroomDataTests) ... ok
2026-10-03T14:24:16.2600916Z test_prediction_reader_requires_typed_mass_and_marks_exact_tie_unresolved (test_mailroom_data.MailroomDataTests) ... ok
2026-10-03T14:24:17.0717129Z test_probe_export_preserves_inputs_without_gold_or_predictions (test_mailroom_data.MailroomDataTests) ... ok
2026-10-03T14:24:17.4129423Z test_provider_counterfactual_and_taxonomy_follow_service (test_mailroom_data.MailroomDataTests) ... ok
2026-10-03T14:24:17.7006592Z test_sealed_bytes_and_existing_directory_are_protected (test_mailroom_data.MailroomDataTests) ... ok
2026-10-03T14:24:18.1048249Z test_unknown_service_and_conflicting_actions_do_not_get_fallback_gold (test_mailroom_data.MailroomDataTests) ... ok
2026-10-03T14:24:18.1051927Z test_extreme_logits_and_binary_probabilities (test_metrics.CalibrationTest) ... ok
2026-10-03T14:24:18.1053809Z test_soft_labels_and_constant_logits (test_metrics.CalibrationTest) ... ok
2026-10-03T14:24:18.1065313Z test_temperature_recovers_known_bernoulli_frequency (test_metrics.CalibrationTest) ... ok
2026-10-03T14:24:18.1066591Z test_choice_uses_scaled_peak (test_metrics.OfficialConfidenceTest) ... ok
2026-10-03T14:24:18.1067743Z test_score_depends_on_ordinal_distance_and_first_mode (test_metrics.OfficialConfidenceTest) ... ok
2026-10-03T14:24:18.1069032Z test_uniform_and_deterministic_distributions (test_metrics.OfficialConfidenceTest) ... ok
2026-10-03T14:24:18.1070208Z test_hard_outcomes_have_known_scores_and_coverage (test_metrics.ProbabilityMetricsTest) ... ok
2026-10-03T14:24:18.1072967Z test_invalid_probability_data_is_rejected (test_metrics.ProbabilityMetricsTest) ... ok
2026-10-03T14:24:18.1075020Z test_mixed_targets_and_variable_cardinality (test_metrics.ProbabilityMetricsTest) ... ok
2026-10-03T14:24:18.1076728Z test_perfect_probabilities_fit_last_ece_bin (test_metrics.ProbabilityMetricsTest) ... ok
2026-10-03T14:24:18.1078146Z test_soft_targets_are_not_argmax_ground_truth (test_metrics.ProbabilityMetricsTest) ... ok
2026-10-03T14:24:18.1080095Z test_loopback_timeout_defaults_to_120_seconds_and_is_configurable (test_mps_support.HttpTimeoutTest) ... skipped 'requires optional torch/transformers/peft train runtime'
2026-10-03T14:24:18.1082121Z test_cpu_and_mps_benchmark_runs_compare_as_equal_decisions (test_mps_support.MpsSupportTest) ... skipped 'requires a torch build with an available MPS backend'
2026-10-03T14:24:18.1084009Z test_every_parameter_is_resident_on_mps_and_nothing_falls_back_to_cpu (test_mps_support.MpsSupportTest) ... skipped 'requires a torch build with an available MPS backend'
2026-10-03T14:24:18.1086099Z test_float32_scores_match_cpu_within_the_existing_parity_bar (test_mps_support.MpsSupportTest) ... skipped 'requires a torch build with an available MPS backend'
2026-10-03T14:24:18.1088020Z test_latency_benchmark_synchronizes_metal_around_every_timed_call (test_mps_support.MpsSupportTest) ... skipped 'requires a torch build with an available MPS backend'
2026-10-03T14:24:18.1089863Z test_mps_profile_timing_synchronizes_metal_not_cuda (test_mps_support.MpsSupportTest) ... skipped 'requires a torch build with an available MPS backend'
2026-10-03T14:24:18.1091536Z test_reduced_precision_error_is_no_worse_than_cpu_at_the_same_dtype (test_mps_support.MpsSupportTest) ... skipped 'requires a torch build with an available MPS backend'
2026-10-03T14:24:18.1093070Z test_residency_check_detects_a_parameter_left_on_cpu (test_mps_support.MpsSupportTest) ... skipped 'requires a torch build with an available MPS backend'
2026-10-03T14:24:18.1094623Z test_cpu_profile_timing_never_synchronizes_cuda (test_mps_support.ProfileSynchronizationTest) ... skipped 'requires optional torch/transformers/peft train runtime'
2026-10-03T14:24:18.1096818Z test_meta_embedding_profile_synchronizes_actual_accelerator_devices (test_mps_support.ProfileSynchronizationTest) ... skipped 'requires optional torch/transformers/peft train runtime'
2026-10-03T14:24:18.1098995Z test_engagement_requires_successful_profiler_child (test_mps_support.ProfiledChildEnvironmentTest) ... skipped 'requires optional torch/transformers/peft train runtime'
2026-10-03T14:24:18.1106988Z test_profiled_child_loads_weights_on_one_thread (test_mps_support.ProfiledChildEnvironmentTest) ... ok
2026-10-03T14:24:18.1111615Z test_incomplete_refusal_extra_key_wrong_types_wrong_model_rejected (test_openai_api_benchmark.OpenAIComparisonTest) ... ok
2026-10-03T14:24:18.1115009Z test_rejected_transport_is_not_inference_and_redacts_key (test_openai_api_benchmark.OpenAIComparisonTest) ... ok
2026-10-03T14:24:18.1117650Z test_semantics_and_candidate_order_preserved_without_labels (test_openai_api_benchmark.OpenAIComparisonTest) ... ok
2026-10-03T14:24:18.1118729Z test_valid_choices_and_cost (test_openai_api_benchmark.OpenAIComparisonTest) ... ok
2026-10-03T14:24:18.1134720Z test_bad_input_or_identity_fails_before_connection_or_outputs (test_openjev_provider.OpenJevProviderTest) ... ok
2026-10-03T14:24:18.1157065Z test_budget_stops_without_an_attempt_and_preserves_all_pending (test_openjev_provider.OpenJevProviderTest) ... ok
2026-10-03T14:24:18.6227801Z test_checkpoint_drift_stops_before_next_request_and_preserves_pending (test_openjev_provider.OpenJevProviderTest) ... ok
2026-10-03T14:24:19.1327943Z test_invalid_probability_is_retained_and_counts_zero_without_renormalization (test_openjev_provider.OpenJevProviderTest) ... ok
2026-10-03T14:24:19.1348008Z test_malformed_inputs_and_request_hashes_are_rejected (test_openjev_provider.OpenJevProviderTest) ... ok
2026-10-03T14:24:19.1416756Z test_nonfinite_wire_response_is_retained_without_invalid_json_in_output (test_openjev_provider.OpenJevProviderTest) ... ok
2026-10-03T14:24:20.2798216Z test_real_loopback_more_than_32_workloads_one_attempt_and_existing_quality_scorer (test_openjev_provider.OpenJevProviderTest) ... ok
2026-10-03T14:24:20.2813277Z test_response_invariants_reject_cache_identity_and_inconsistent_scalar (test_openjev_provider.OpenJevProviderTest) ... ok
2026-10-03T14:24:20.8581376Z test_sigkill_leaves_durable_inflight_dispatch_not_unattempted (test_openjev_provider.OpenJevProviderTest) ... ok
2026-10-03T14:24:21.4353645Z test_sigterm_retains_dispatched_request_as_failed_not_pending (test_openjev_provider.OpenJevProviderTest) ... ok
2026-10-03T14:24:21.4405876Z test_timeout_never_retries_or_advances (test_openjev_provider.OpenJevProviderTest) ... ok
2026-10-03T14:24:21.5367432Z test_adaptive_float_scores_and_journal_precede_each_actual_request (test_openjev_trec.OpenJevTrecTest) ... ok
2026-10-03T14:24:37.9037897Z test_all_97_queries_close_in_873_unique_requests_with_stable_ties (test_openjev_trec.OpenJevTrecTest) ... ok
2026-10-03T14:24:38.5837123Z test_all_failed_queries_remain_full_denominator_without_extra_requests (test_openjev_trec.OpenJevTrecTest) ... ok
2026-10-03T14:24:38.6296128Z test_http_server_failure_stops_and_bad_preflight_never_connects (test_openjev_trec.OpenJevTrecTest) ... ok
2026-10-03T14:24:38.7012962Z test_identity_drift_and_timeout_stop_without_advancing (test_openjev_trec.OpenJevTrecTest) ... ok
2026-10-03T14:24:38.7804741Z test_nonfatal_invalid_probability_is_saved_as_failure_then_next_query_runs (test_openjev_trec.OpenJevTrecTest) ... ok
2026-10-03T14:24:38.9364122Z test_out_of_range_scalar_is_failed_before_persisting_success (test_openjev_trec.OpenJevTrecTest) ... ok
2026-10-03T14:24:38.9893780Z test_raw_response_binding_preserves_numeric_types_and_mapping_order (test_openjev_trec.OpenJevTrecTest) ... ok
2026-10-03T14:24:39.5807996Z test_real_loopback_uses_owned_service_and_unrounded_expected_scores (test_openjev_trec.OpenJevTrecTest) ... ok
2026-10-03T14:24:39.6351379Z test_request_and_time_budgets_keep_incomplete_and_unattempted_queries (test_openjev_trec.OpenJevTrecTest) ... ok
2026-10-03T14:24:40.7409411Z test_sigterm_settles_failed_dispatch_but_sigkill_leaves_unknown_outcome (test_openjev_trec.OpenJevTrecTest) ... ok
2026-10-03T14:24:40.9633338Z test_changed_identity_raw_body_ranking_or_adaptive_window_is_rejected (test_openjev_trec_summary.OpenJevTrecSummaryTest) ... ok
2026-10-03T14:24:41.1022689Z test_changed_qrels_or_manifest_are_rejected (test_openjev_trec_summary.OpenJevTrecSummaryTest) ... ok
2026-10-03T14:24:41.2427437Z test_dangling_dispatch_and_extra_journal_tail_cannot_be_scored (test_openjev_trec_summary.OpenJevTrecSummaryTest) ... ok
2026-10-03T14:24:41.4130017Z test_failed_first_query_has_no_fallback_and_next_complete_still_full_denominator (test_openjev_trec_summary.OpenJevTrecSummaryTest) ... ok
2026-10-03T14:25:00.8934039Z test_full_run_replays_expected_scores_and_full_qrels_without_network (test_openjev_trec_summary.OpenJevTrecSummaryTest) ... ok
2026-10-03T14:25:01.1291599Z test_mandatory_fatal_cannot_be_relabelled_to_continue_more_queries (test_openjev_trec_summary.OpenJevTrecSummaryTest) ... ok
2026-10-03T14:25:01.2505086Z test_matching_raw_and_parsed_cache_change_still_fails_identity (test_openjev_trec_summary.OpenJevTrecSummaryTest) ... ok
2026-10-03T14:25:01.4231549Z test_partial_keeps_full43_54_denominators_and_pending_zero (test_openjev_trec_summary.OpenJevTrecSummaryTest) ... ok
2026-10-03T14:25:01.5474133Z test_pending_query_cannot_precede_processed_queries (test_openjev_trec_summary.OpenJevTrecSummaryTest) ... ok
2026-10-03T14:25:01.6859365Z test_raw_boolean_and_probability_order_cannot_hide_behind_python_equality (test_openjev_trec_summary.OpenJevTrecSummaryTest) ... ok
2026-10-03T14:25:01.8105260Z test_reordered_payload_is_rejected_even_when_sorted_digest_unchanged (test_openjev_trec_summary.OpenJevTrecSummaryTest) ... ok
2026-10-03T14:25:01.8132658Z test_all_painting_modes_pass_bounded_server_predictor (test_painting.PaintingTest) ... ok
2026-10-03T14:25:01.8212130Z test_bad_model_outputs_are_rejected (test_painting.PaintingTest) ... ok
2026-10-03T14:25:01.8264680Z test_coordinates_survive_id_removal_and_batching (test_painting.PaintingTest) ... ok
2026-10-03T14:25:02.8770479Z test_data_have_valid_targets_and_scene_splits (test_painting.PaintingTest) ... ok
2026-10-03T14:25:02.8772042Z test_invalid_limits_fail_before_allocation (test_painting.PaintingTest) ... ok
2026-10-03T14:25:02.8823770Z test_probabilities_are_rendered_as_a_mean_not_argmax (test_painting.PaintingTest) ... ok
2026-10-03T14:25:03.2373342Z test_procedural_targets_reconstruct_exact_images_in_all_modes (test_painting.PaintingTest) ... ok
2026-10-03T14:25:05.1369699Z test_ui_keeps_one_endpoint_per_run (test_painting.PaintingTest) ... ok
2026-10-03T14:25:05.1444083Z test_all_failures_and_soft_targets_have_defined_full_denominators (test_parallel_data_eval.ParallelDataEvalTests) ... ok
2026-10-03T14:25:05.1509814Z test_calibration_id_membership_and_checkpoint_content_are_bound (test_parallel_data_eval.ParallelDataEvalTests) ... ok
2026-10-03T14:25:05.1590977Z test_checkpoint_requires_final_completion_and_correct_model (test_parallel_data_eval.ParallelDataEvalTests) ... ok
2026-10-03T14:25:05.1977548Z test_controller_runs_four_shards_then_next_model (test_parallel_data_eval.ParallelDataEvalTests) ... ok
2026-10-03T14:25:05.2114297Z test_controller_worker_crash_stops_only_owned_children_and_fails (test_parallel_data_eval.ParallelDataEvalTests) ... ok
2026-10-03T14:25:05.2179996Z test_dataset_pin_catches_wrong_manifest_and_changed_bytes (test_parallel_data_eval.ParallelDataEvalTests) ... ok
2026-10-03T14:25:05.2296209Z test_error_rows_remain_in_total_and_confidence_coverage (test_parallel_data_eval.ParallelDataEvalTests) ... ok
2026-10-03T14:25:05.2943116Z test_expansion_40281_rows_use_global_order_without_padding_or_drop (test_parallel_data_eval.ParallelDataEvalTests) ... ok
2026-10-03T14:25:05.8615099Z test_expansion_checkpoint_requires_ddp_full_pass_and_saved_calibration (test_parallel_data_eval.ParallelDataEvalTests) ... ok
2026-10-03T14:25:06.2249516Z test_expansion_controller_runs_only_four_27b_workers (test_parallel_data_eval.ParallelDataEvalTests) ... ok
2026-10-03T14:25:06.2353939Z test_expansion_manifest_and_each_split_are_fixed (test_parallel_data_eval.ParallelDataEvalTests) ... ok
2026-10-03T14:25:06.6979189Z test_expansion_merge_binds_profile_data_assignment_and_failure_denominator (test_parallel_data_eval.ParallelDataEvalTests) ... ok
2026-10-03T14:25:06.7043849Z test_invalid_scorer_output_is_an_explicit_failure (test_parallel_data_eval.ParallelDataEvalTests) ... ok
2026-10-03T14:25:06.7484045Z test_missing_duplicate_wrong_split_checkpoint_and_temperature_fail (test_parallel_data_eval.ParallelDataEvalTests) ... ok
2026-10-03T14:25:06.7695044Z test_missing_worker_report_or_wrong_plan_and_counts_fail (test_parallel_data_eval.ParallelDataEvalTests) ... ok
2026-10-03T14:25:06.7755338Z test_model_profile_defaults_and_cross_profile_rejection (test_parallel_data_eval.ParallelDataEvalTests) ... ok
2026-10-03T14:25:06.7827397Z test_only_target_four_gpus_must_be_idle_and_complete (test_parallel_data_eval.ParallelDataEvalTests) ... ok
2026-10-03T14:25:06.7893023Z test_phase_policy_and_fixed_host_required_before_launch (test_parallel_data_eval.ParallelDataEvalTests) ... ok
2026-10-03T14:25:06.8010387Z test_saved_temperature_and_source_group_summaries (test_parallel_data_eval.ParallelDataEvalTests) ... ok
2026-10-03T14:25:06.8071749Z test_shards_cover_every_id_once_in_stable_order (test_parallel_data_eval.ParallelDataEvalTests) ... ok
2026-10-03T14:25:06.8139334Z test_shared_lease_prevents_concurrent_eval_or_training (test_parallel_data_eval.ParallelDataEvalTests) ... ok
2026-10-03T14:25:06.8221118Z test_short_run_or_failed_reload_cannot_masquerade_as_fullpass (test_parallel_data_eval.ParallelDataEvalTests) ... ok
2026-10-03T14:25:06.8431692Z test_sigterm_and_sigint_interruptions_reap_all_owned_workers (test_parallel_data_eval.ParallelDataEvalTests) ... ok
2026-10-03T14:25:06.8522502Z test_temperature_must_be_saved_calibration_not_test_or_bad_value (test_parallel_data_eval.ParallelDataEvalTests) ... ok
2026-10-03T14:25:06.8525700Z test_all_candidates_and_document_variants_keep_family_split (test_phone_extraction_control.PhoneDatasetTest) ... skipped 'requires the optional .[phone] extra'
2026-10-03T14:25:06.8528263Z test_manifest_binds_source_and_artifacts_and_refuses_overwrite (test_phone_extraction_control.PhoneDatasetTest) ... skipped 'requires the optional .[phone] extra'
2026-10-03T14:25:06.8539602Z test_ambiguous_and_unsupported_declarations_require_review (test_phone_extraction_control.PhoneRuntimeTest) ... ok
2026-10-03T14:25:06.8548978Z test_candidate_limit_is_explicit_and_zero_candidates_are_valid_api (test_phone_extraction_control.PhoneRuntimeTest) ... ok
2026-10-03T14:25:06.8552724Z test_candidates_cannot_be_invented_or_shifted (test_phone_extraction_control.PhoneRuntimeTest) ... ok
2026-10-03T14:25:06.8555235Z test_exact_e164_for_national_and_international_reserved_styles (test_phone_extraction_control.PhoneRuntimeTest) ... skipped 'requires the optional .[phone] extra'
2026-10-03T14:25:06.8558295Z test_implicit_trunk_or_idd_digit_repair_is_rejected (test_phone_extraction_control.PhoneRuntimeTest) ... skipped 'requires the optional .[phone] extra'
2026-10-03T14:25:06.8560029Z test_locally_possible_numbers_without_area_code_have_no_e164 (test_phone_extraction_control.PhoneRuntimeTest) ... skipped 'requires the optional .[phone] extra'
2026-10-03T14:25:06.8561830Z test_message_layout_preserves_public_role_and_region_semantics (test_phone_extraction_control.PhoneRuntimeTest) ... skipped 'requires the optional .[phone] extra'
2026-10-03T14:25:06.8588370Z test_missing_country_never_defaults_even_with_international_code (test_phone_extraction_control.PhoneRuntimeTest) ... ok
2026-10-03T14:25:06.8590605Z test_missing_optional_library_has_explicit_install_hint (test_phone_extraction_control.PhoneRuntimeTest) ... ok
2026-10-03T14:25:06.8592545Z test_optional_library_version_is_exact (test_phone_extraction_control.PhoneRuntimeTest) ... skipped 'requires the optional .[phone] extra'
2026-10-03T14:25:06.8594586Z test_outside_field_candidates_are_retained_but_reviewed (test_phone_extraction_control.PhoneRuntimeTest) ... ok
2026-10-03T14:25:06.8604057Z test_partial_extensions_and_parentheses_cannot_be_rescued (test_phone_extraction_control.PhoneRuntimeTest) ... ok
2026-10-03T14:25:06.8608793Z test_policy_tampering_and_unknown_role_are_rejected (test_phone_extraction_control.PhoneRuntimeTest) ... ok
2026-10-03T14:25:06.8610457Z test_possible_valid_and_routable_are_not_equated (test_phone_extraction_control.PhoneRuntimeTest) ... skipped 'requires the optional .[phone] extra'
2026-10-03T14:25:06.8616621Z test_presence_absence_ambiguity_and_miss_are_separate (test_phone_extraction_control.PhoneRuntimeTest) ... ok
2026-10-03T14:25:06.8620243Z test_query_blind_candidates_and_character_offsets (test_phone_extraction_control.PhoneRuntimeTest) ... ok
2026-10-03T14:25:06.8622034Z test_repeated_phone_uses_offsets_and_wrong_selection_is_not_repaired (test_phone_extraction_control.PhoneRuntimeTest) ... skipped 'requires the optional .[phone] extra'
2026-10-03T14:25:06.8627036Z test_request_builders_do_not_require_library (test_phone_extraction_control.PhoneRuntimeTest) ... ok
2026-10-03T14:25:06.8628780Z test_shared_calling_codes_do_not_override_explicit_region_conflicts (test_phone_extraction_control.PhoneRuntimeTest) ... skipped 'requires the optional .[phone] extra'
2026-10-03T14:25:06.8637611Z test_unicode_vanity_and_malformed_format_do_not_reach_library (test_phone_extraction_control.PhoneRuntimeTest) ... ok
2026-10-03T14:25:06.9487287Z test_all_384_targets_independent_replay_and_group_isolation (test_policy_controls_v6.PolicyControlsV6Test) ... ok
2026-10-03T14:25:07.1429525Z test_corrupted_target_incomplete_group_and_frozen_output (test_policy_controls_v6.PolicyControlsV6Test) ... ok
2026-10-03T14:25:07.1460359Z test_latest_signature_scope_revocation_and_one_cent (test_policy_controls_v6.PolicyControlsV6Test) ... ok
2026-10-03T14:25:07.1470400Z test_refund_priority_exhaustive_48_boundary_cases (test_policy_controls_v6.PolicyControlsV6Test) ... ok
2026-10-03T14:25:07.1710957Z test_untrusted_text_invariance_and_signed_policy_withdrawal (test_policy_controls_v6.PolicyControlsV6Test) ... ok
2026-10-03T14:25:07.1803222Z test_audit_gate_requires_complete_matching_unchanged_capture (test_posttraining_evaluation.PosttrainingTests) ... ok
2026-10-03T14:25:07.1809145Z test_busy_lease_does_not_even_query_cards (test_posttraining_evaluation.PosttrainingTests) ... ok
2026-10-03T14:25:07.1813021Z test_changed_gpu_uuid_aborts (test_posttraining_evaluation.PosttrainingTests) ... ok
2026-10-03T14:25:07.1876137Z test_failed_audit_and_wrong_checkpoint_never_open_gate (test_posttraining_evaluation.PosttrainingTests) ... ok
2026-10-03T14:25:07.1893290Z test_failed_or_incomplete_final_training_never_becomes_ready (test_posttraining_evaluation.PosttrainingTests) ... ok
2026-10-03T14:25:07.1898867Z test_finished_status_does_not_override_live_rank (test_posttraining_evaluation.PosttrainingTests) ... ok
2026-10-03T14:25:07.1904646Z test_foreign_gpu_process_blocks_allocation (test_posttraining_evaluation.PosttrainingTests) ... ok
2026-10-03T14:25:07.2001619Z test_full_sequence_uses_audit_barrier_and_preserves_pending (test_posttraining_evaluation.PosttrainingTests) ... ok
2026-10-03T14:25:07.2006085Z test_missing_audit_waits_without_any_measurement (test_posttraining_evaluation.PosttrainingTests) ... ok
2026-10-03T14:25:07.2019123Z test_nonzero_child_exit_stops_sequence (test_posttraining_evaluation.PosttrainingTests) ... ok
2026-10-03T14:25:07.2036506Z test_owned_child_is_reaped_if_status_write_fails (test_posttraining_evaluation.PosttrainingTests) ... ok
2026-10-03T14:25:07.2045931Z test_plan_rejects_retired_supervisor_wrong_cards_and_noop_command (test_posttraining_evaluation.PosttrainingTests) ... ok
2026-10-03T14:25:07.2065309Z test_prepare_only_does_not_query_processes_gpus_or_launch (test_posttraining_evaluation.PosttrainingTests) ... ok
2026-10-03T14:25:07.2069429Z test_real_lease_contention_is_not_bypassed (test_posttraining_evaluation.PosttrainingTests) ... ok
2026-10-03T14:25:07.2076089Z test_reused_pid_aborts_without_signals (test_posttraining_evaluation.PosttrainingTests) ... ok
2026-10-03T14:25:07.2090147Z test_service_requires_fixed_settings_every_measurement_and_cleanup (test_posttraining_evaluation.PosttrainingTests) ... ok
2026-10-03T14:25:07.2096478Z test_successful_training_uses_actual_identity_not_stale_metadata_pid (test_posttraining_evaluation.PosttrainingTests) ... ok
2026-10-03T14:25:07.2104603Z test_zero_exit_does_not_replace_matching_expansion_artifacts (test_posttraining_evaluation.PosttrainingTests) ... ok
2026-10-03T14:25:07.2107679Z test_bfloat16_cache_keeps_kernel_recurrent_state_in_float32 (test_prefix_cache.PrefixCacheTest) ... skipped 'requires optional torch/transformers/peft train runtime'
2026-10-03T14:25:07.2110876Z test_candidate_and_question_permutations_remain_equivariant (test_prefix_cache.PrefixCacheTest) ... skipped 'requires optional torch/transformers/peft train runtime'
2026-10-03T14:25:07.2114125Z test_checkpoint_benchmark_runner_uses_real_cpu_paths_and_checks_parity (test_prefix_cache.PrefixCacheTest) ... skipped 'requires optional torch/transformers/peft train runtime'
2026-10-03T14:25:07.2116201Z test_fixture_detects_losing_each_kind_of_cache_state (test_prefix_cache.PrefixCacheTest) ... skipped 'requires optional torch/transformers/peft train runtime'
2026-10-03T14:25:07.2118750Z test_fork_isolates_every_cache_tensor_and_batched_continuations (test_prefix_cache.PrefixCacheTest) ... skipped 'requires optional torch/transformers/peft train runtime'
2026-10-03T14:25:07.2120457Z test_lora_wrapper_is_active_on_cached_path (test_prefix_cache.PrefixCacheTest) ... skipped 'requires optional torch/transformers/peft train runtime'
2026-10-03T14:25:07.2121684Z test_overlength_and_training_rejected_before_any_cached_forward (test_prefix_cache.PrefixCacheTest) ... skipped 'requires optional torch/transformers/peft train runtime'
2026-10-03T14:25:07.2122994Z test_predictor_choice_noul_score_probabilities_and_usage_match (test_prefix_cache.PrefixCacheTest) ... skipped 'requires optional torch/transformers/peft train runtime'
2026-10-03T14:25:07.2124447Z test_real_hybrid_logits_probabilities_and_observed_token_reuse (test_prefix_cache.PrefixCacheTest) ... skipped 'requires optional torch/transformers/peft train runtime'
2026-10-03T14:25:07.2126033Z test_requests_and_exception_paths_release_cache_and_preserve_inputs (test_prefix_cache.PrefixCacheTest) ... skipped 'requires optional torch/transformers/peft train runtime'
2026-10-03T14:25:07.2127397Z test_training_forward_is_uncached_and_adapter_head_gradients_survive (test_prefix_cache.PrefixCacheTest) ... skipped 'requires optional torch/transformers/peft train runtime'
2026-10-03T14:25:07.2128732Z test_zero_short_and_identical_prefixes_match_independent_scoring (test_prefix_cache.PrefixCacheTest) ... skipped 'requires optional torch/transformers/peft train runtime'
2026-10-03T14:25:07.2129921Z test_ragged_batches_match_uncached_scoring (test_prefix_cache_ragged.RaggedSuffixTest) ... skipped 'requires torch, transformers and peft'
2026-10-03T14:25:07.2130906Z test_ragged_mode_uses_fewer_suffix_calls (test_prefix_cache_ragged.RaggedSuffixTest) ... skipped 'requires torch, transformers and peft'
2026-10-03T14:25:07.2131879Z test_aliases_and_unordered_lists_cannot_launder_a_reserved_state (test_prepare_boundary_training_v7.BoundaryPreparationTest) ... ok
2026-10-03T14:25:07.2147583Z test_candidate_split_changed_after_independent_audit_is_rejected (test_prepare_boundary_training_v7.BoundaryPreparationTest) ... ok
2026-10-03T14:25:07.2153345Z test_existing_output_and_uncommitted_source_fail_before_loading_data (test_prepare_boundary_training_v7.BoundaryPreparationTest) ... ok
2026-10-03T14:25:07.2156955Z test_identifier_renaming_and_options_cannot_launder_old_test (test_prepare_boundary_training_v7.BoundaryPreparationTest) ... ok
2026-10-03T14:25:07.2160443Z test_normalization_keeps_scope_relations_and_one_cent_facts (test_prepare_boundary_training_v7.BoundaryPreparationTest) ... ok
2026-10-03T14:25:07.2171749Z test_original_train_and_all_heldouts_are_reserved_against_new_copies (test_prepare_boundary_training_v7.BoundaryPreparationTest) ... ok
2026-10-03T14:25:07.2174982Z test_same_split_duplicate_or_identifier_alias_is_rejected (test_prepare_boundary_training_v7.BoundaryPreparationTest) ... ok
2026-10-03T14:25:07.2191096Z test_git_show_uses_captured_commit_when_head_changes (test_prepare_frontier_training_v8.CommittedSourceFixtures) ... ok
2026-10-03T14:25:07.2215730Z test_inherited_git_context_cannot_redirect_source_identity (test_prepare_frontier_training_v8.CommittedSourceFixtures) ... ok
2026-10-03T14:25:07.2236476Z test_scope_checks_bound_files_only_and_rejects_dirty_source (test_prepare_frontier_training_v8.CommittedSourceFixtures) ... ok
2026-10-03T14:25:07.2242910Z test_untracked_source_cannot_claim_head_provenance (test_prepare_frontier_training_v8.CommittedSourceFixtures) ... ok
2026-10-03T14:25:07.2250784Z test_wrong_toplevel_stops_before_reading_commit_or_source (test_prepare_frontier_training_v8.CommittedSourceFixtures) ... ok
2026-10-03T14:25:07.8267094Z test_blocked_full_variant_never_reads_reserved_or_creates_output (test_prepare_frontier_training_v8.PackingFixtures) ... ok
2026-10-03T14:25:08.6102158Z test_declared_derivative_preserves_raw_lines_order_metadata_and_reserved_bytes (test_prepare_frontier_training_v8.PackingFixtures) ... ok
2026-10-03T14:25:09.8127248Z test_exclusion_cannot_duplicate_or_name_a_new_parent (test_prepare_frontier_training_v8.PackingFixtures) ... ok
2026-10-03T14:25:09.8133380Z test_existing_output_fails_before_reading_inputs (test_prepare_frontier_training_v8.PackingFixtures) ... ok
2026-10-03T14:25:10.6927256Z test_forged_manifest_and_wrong_new_reserved_hash_stop_before_output (test_prepare_frontier_training_v8.PackingFixtures) ... ok
2026-10-03T14:25:10.6937882Z test_misassigned_split_duplicate_id_parent_and_visible_input_are_rejected (test_prepare_frontier_training_v8.PackingFixtures) ... ok
2026-10-03T14:25:11.4133120Z test_old_pass_receipt_cannot_authorize_different_parent_declaration (test_prepare_frontier_training_v8.PackingFixtures) ... ok
2026-10-03T14:25:11.8893200Z test_passed_derivative_receipt_cannot_silently_filter_full_inputs (test_prepare_frontier_training_v8.PackingFixtures) ... ok
2026-10-03T14:25:12.1698320Z test_renamed_observed_row_cannot_replace_locked_train (test_prepare_frontier_training_v8.PackingFixtures) ... ok
2026-10-03T14:25:12.1814488Z test_changed_bytes_and_wrong_split_are_rejected_before_output_creation (test_prepare_policy_training_v6.PolicyTrainingPreparationTests) ... ok
2026-10-03T14:25:12.1954113Z test_cross_source_train_to_test_group_leak_is_rejected (test_prepare_policy_training_v6.PolicyTrainingPreparationTests) ... ok
2026-10-03T14:25:12.2154520Z test_observed_regression_order_and_original_hashes_are_frozen (test_prepare_policy_training_v6.PolicyTrainingPreparationTests) ... ok
2026-10-03T14:25:12.2297666Z test_observed_selection_hash_mismatch_and_overwrite_are_rejected (test_prepare_policy_training_v6.PolicyTrainingPreparationTests) ... ok
2026-10-03T14:25:12.2499671Z test_only_train_is_mixed_and_existing_loader_consumes_one_full_pass (test_prepare_policy_training_v6.PolicyTrainingPreparationTests) ... ok
2026-10-03T14:25:12.2642571Z test_rewritten_v6_rows_and_manifest_cannot_change_public_frozen_candidate (test_prepare_policy_training_v6.PolicyTrainingPreparationTests) ... ok
2026-10-03T14:25:12.2646370Z test_missing_error_soft_targets_and_probability_rounding_are_separate (test_provider_quality.QualityTest) ... ok
2026-10-03T14:25:12.2651916Z test_gold_and_metadata_excluded_and_all_forms_roundtrip (test_provider_suite.ProviderSuiteTest) ... ok
2026-10-03T14:25:12.2658510Z test_file_split_mismatch_fails_before_writing (test_public_data.MixDataTests) ... ok
2026-10-03T14:25:12.2865449Z test_mixed_counts_and_metadata_validate (test_public_data.MixDataTests) ... ok
2026-10-03T14:25:12.2871716Z test_identical_inputs_with_conflicting_labels_fail (test_public_data.PublicDataTests) ... ok
2026-10-03T14:25:12.2889839Z test_passage_group_isolation_and_import_provenance (test_public_data.PublicDataTests) ... ok
2026-10-03T14:25:12.2909609Z test_all_public_examples_compile_without_generation (test_recipes.RecipesTest) ... ok
2026-10-03T14:25:12.2910993Z test_date_reference_rollover_and_invalid_dates (test_recipes.RecipesTest) ... ok
2026-10-03T14:25:12.2912552Z test_extraction_is_verbatim_and_missing_value_stays_missing (test_recipes.RecipesTest) ... ok
2026-10-03T14:25:12.2913682Z test_markdown_preserves_code_with_fences (test_recipes.RecipesTest) ... ok
2026-10-03T14:25:12.2915000Z test_multiline_quote_and_list_retain_structure (test_recipes.RecipesTest) ... ok
2026-10-03T14:25:12.2916317Z test_speculative_tool_args_are_not_executed_or_mixed (test_recipes.RecipesTest) ... ok
2026-10-03T14:25:12.2917431Z test_tool_key_collisions_and_reserved_candidates_rejected (test_recipes.RecipesTest) ... ok
2026-10-03T14:25:12.2934797Z test_calibration_fit_matches_analytic_binary_maximum_likelihood (test_replay_boundary_comparison_v7.IndependentArithmeticAndAlignmentTests) ... ok
2026-10-03T14:25:12.2946014Z test_empty_partial_duplicate_failed_hash_order_target_and_logit_tampering (test_replay_boundary_comparison_v7.IndependentArithmeticAndAlignmentTests) ... ok
2026-10-03T14:25:12.2947538Z test_inclusive_thresholds_and_adjacent_floats (test_replay_boundary_comparison_v7.IndependentArithmeticAndAlignmentTests) ... ok
2026-10-03T14:25:12.2949524Z test_invalid_probability_inputs_and_structured_evidence_comparison (test_replay_boundary_comparison_v7.IndependentArithmeticAndAlignmentTests) ... ok
2026-10-03T14:25:12.2951857Z test_metrics_have_hand_computed_nll_brier_ece_and_abstention_denominators (test_replay_boundary_comparison_v7.IndependentArithmeticAndAlignmentTests) ... ok
2026-10-03T14:25:12.2953781Z test_wrong_accepted_predicates_at_both_thresholds_are_not_execution (test_replay_boundary_comparison_v7.IndependentArithmeticAndAlignmentTests) ... ok
2026-10-03T14:25:12.2958217Z test_bare_prefixed_case_variants_match_without_changing_raw_evidence (test_replay_boundary_comparison_v7.IndependentGpuRuntimeTests) ... ok
2026-10-03T14:25:12.2960563Z test_full_uuid_accepts_only_optional_exact_prefix_and_hex_case (test_replay_boundary_comparison_v7.IndependentGpuRuntimeTests) ... ok
2026-10-03T14:25:12.2962882Z test_malformed_mig_ordinals_lists_and_nonstrings_are_rejected (test_replay_boundary_comparison_v7.IndependentGpuRuntimeTests) ... ok
2026-10-03T14:25:12.2973449Z test_other_runtime_fields_are_exact_including_tiny_changes_and_types (test_replay_boundary_comparison_v7.IndependentGpuRuntimeTests) ... ok
2026-10-03T14:25:12.2978291Z test_real_different_device_and_invalid_recorded_identifiers_are_rejected (test_replay_boundary_comparison_v7.IndependentGpuRuntimeTests) ... ok
2026-10-03T14:25:12.2982065Z test_visible_devices_stays_exact_original_receipt (test_replay_boundary_comparison_v7.IndependentGpuRuntimeTests) ... ok
2026-10-03T14:25:12.2986364Z test_absolute_interval_endpoints_exception_and_gregorian_centuries (test_replay_boundary_comparison_v7.IndependentOutcomeTests) ... ok
2026-10-03T14:25:12.2998229Z test_dangerous_choice_uses_actual_state_without_a_confidence_cutoff (test_replay_boundary_comparison_v7.IndependentOutcomeTests) ... ok
2026-10-03T14:25:12.3000092Z test_integer_ledgers_negative_formatting_and_cancellation (test_replay_boundary_comparison_v7.IndependentOutcomeTests) ... ok
2026-10-03T14:25:12.3003555Z test_joint_exact_scope_missing_role_and_revoke_precedence (test_replay_boundary_comparison_v7.IndependentOutcomeTests) ... ok
2026-10-03T14:25:12.3008145Z test_joint_regrant_capacity_equality_lowering_and_legacy_outer_scope (test_replay_boundary_comparison_v7.IndependentOutcomeTests) ... ok
2026-10-03T14:25:12.3011390Z test_policy_authority_withdrawal_fraud_and_limit_priority (test_replay_boundary_comparison_v7.IndependentOutcomeTests) ... ok
2026-10-03T14:25:12.3013471Z test_structural_role_labels_separate_missing_scope_from_other_role_noise (test_replay_boundary_comparison_v7.IndependentOutcomeTests) ... ok
2026-10-03T14:25:12.3029324Z test_five_serving_files_have_exact_profile_and_positive_temperature (test_replay_boundary_comparison_v7.IndependentPackageProofTests) ... ok
2026-10-03T14:25:12.3041023Z test_missing_fourth_new_source_replay_is_rejected_before_git (test_replay_boundary_comparison_v7.IndependentPackageProofTests) ... ok
2026-10-03T14:25:12.3088060Z test_optional_peft_readme_preserves_serving_identity_but_changes_full_proof (test_replay_boundary_comparison_v7.IndependentPackageProofTests) ... ok
2026-10-03T14:25:12.3107218Z test_optional_readme_cannot_replace_missing_serving_or_allow_an_extra_file (test_replay_boundary_comparison_v7.IndependentPackageProofTests) ... ok
2026-10-03T14:25:12.3193206Z test_profile_and_temperature_tampering_are_rejected (test_replay_boundary_comparison_v7.IndependentPackageProofTests) ... ok
2026-10-03T14:25:12.3286962Z test_complete_offline_provenance_replays_without_live_processes_or_rewriting_origin (test_replay_boundary_comparison_v7.IndependentSupplementProvenanceTests) ... ok
2026-10-03T14:25:12.3378430Z test_consumed_s1_identity_cannot_be_reused_for_new_supplement (test_replay_boundary_comparison_v7.IndependentSupplementProvenanceTests) ... ok
2026-10-03T14:25:12.3666210Z test_declaration_source_plan_checkpoint_device_and_hash_tampering_are_rejected (test_replay_boundary_comparison_v7.IndependentSupplementProvenanceTests) ... ok
2026-10-03T14:25:12.3877296Z test_failed_origin_code_inventory_or_added_prediction_cannot_be_replaced (test_replay_boundary_comparison_v7.IndependentSupplementProvenanceTests) ... ok
2026-10-03T14:25:12.4070645Z test_final_launch_verification_seals_both_query_time_boundaries_and_timezone (test_replay_boundary_comparison_v7.IndependentSupplementProvenanceTests) ... ok
2026-10-03T14:25:12.4189120Z test_foreign_source_checkout_cannot_replace_exact_nested_evaluation_source (test_replay_boundary_comparison_v7.IndependentSupplementProvenanceTests) ... ok
2026-10-03T14:25:12.5113614Z test_metadata_types_guard_aliases_and_timezone_are_strict_without_live_checks (test_replay_boundary_comparison_v7.IndependentSupplementProvenanceTests) ... ok
2026-10-03T14:25:12.5433890Z test_missing_naive_invalid_future_or_query_expired_final_verification_is_rejected (test_replay_boundary_comparison_v7.IndependentSupplementProvenanceTests) ... ok
2026-10-03T14:25:12.5489806Z test_nested_source_symlink_cannot_escape_to_foreign_checkout (test_replay_boundary_comparison_v7.IndependentSupplementProvenanceTests) ... ok
2026-10-03T14:25:12.6549071Z test_nested_task_still_rejects_both_directions_of_preserved_evidence_overlap (test_replay_boundary_comparison_v7.IndependentSupplementProvenanceTests) ... ok
2026-10-03T14:25:12.7283736Z test_new_attempt_plan_resource_and_preflight_cannot_be_bypassed (test_replay_boundary_comparison_v7.IndependentSupplementProvenanceTests) ... ok
2026-10-03T14:25:12.7329465Z test_optional_cli_and_locked_provenance_cannot_bypass_ordinary_binding (test_replay_boundary_comparison_v7.IndependentSupplementProvenanceTests) ... ok
2026-10-03T14:25:12.7551807Z test_original_receipt_request_bytes_and_output_tampering_are_rejected (test_replay_boundary_comparison_v7.IndependentSupplementProvenanceTests) ... ok
2026-10-03T14:25:12.7962333Z test_original_restoration_requires_full_true_checks_and_all_owned_exits (test_replay_boundary_comparison_v7.IndependentSupplementProvenanceTests) ... ok
2026-10-03T14:25:12.8316597Z test_resource_lock_raw_hash_completion_and_committed_declaration_are_required (test_replay_boundary_comparison_v7.IndependentSupplementProvenanceTests) ... ok
2026-10-03T14:25:12.9188391Z test_reviewed_controller_command_cwd_and_persisted_launch_freshness (test_replay_boundary_comparison_v7.IndependentSupplementProvenanceTests) ... ok
2026-10-03T14:25:13.0814662Z test_all_eight_portable_slices_and_actual_observed_denominators (test_replay_boundary_comparison_v7.IndependentWholeComparisonTests) ... ok
2026-10-03T14:25:13.2418844Z test_family_coverage_31_vs_32_all_abstain_and_single_accepted_error (test_replay_boundary_comparison_v7.IndependentWholeComparisonTests) ... ok
2026-10-03T14:25:13.3515908Z test_observed_conservative_errors_cannot_bypass_safety_checks (test_replay_boundary_comparison_v7.IndependentWholeComparisonTests) ... ok
2026-10-03T14:25:13.3523043Z test_paired_transitions_conserve_rows_and_report_every_regression (test_replay_boundary_comparison_v7.IndependentWholeComparisonTests) ... ok
2026-10-03T14:25:13.3532622Z test_alignment_detects_content_sequence_logits_and_memory (test_replay_frontier_comparison_v8.ReplayTests) ... ok
2026-10-03T14:25:13.3537370Z test_calibration_fit_has_known_optimum_and_split_guard (test_replay_frontier_comparison_v8.ReplayTests) ... ok
2026-10-03T14:25:13.3562562Z test_checkpoint_base_and_adapter_contract (test_replay_frontier_comparison_v8.ReplayTests) ... ok
2026-10-03T14:25:13.4357454Z test_completed_training_and_unicode_calibration_provenance (test_replay_frontier_comparison_v8.ReplayTests) ... ok
2026-10-03T14:25:13.6735945Z test_completed_training_rejects_claimed_error_and_nonmonotonic_steps (test_replay_frontier_comparison_v8.ReplayTests) ... ok
2026-10-03T14:25:13.6791917Z test_failed_exclusive_replay_remains_consumed (test_replay_frontier_comparison_v8.ReplayTests) ... ok
2026-10-03T14:25:13.6794558Z test_inclusive_predicate_and_ties (test_replay_frontier_comparison_v8.ReplayTests) ... ok
2026-10-03T14:25:13.6801750Z test_inventory_rejects_symlink_fifo_and_unexpected_sources (test_replay_frontier_comparison_v8.ReplayTests) ... ok
2026-10-03T14:25:13.6804860Z test_known_brier_nll_ece_and_empty (test_replay_frontier_comparison_v8.ReplayTests) ... ok
2026-10-03T14:25:13.7220999Z test_no_model_or_comparator_import_in_independent_replay (test_replay_frontier_comparison_v8.ReplayTests) ... ok
2026-10-03T14:25:13.7229005Z test_paired_regressions_fixes_and_threshold_changes (test_replay_frontier_comparison_v8.ReplayTests) ... ok
2026-10-03T14:25:13.7247090Z test_plan_rejects_changed_safety_temperature_runtime_and_timing (test_replay_frontier_comparison_v8.ReplayTests) ... ok
2026-10-03T14:25:13.7735108Z test_source_freeze_rejects_dirty_tree_and_scrubs_git_environment (test_replay_frontier_comparison_v8.ReplayTests) ... ok
2026-10-03T14:25:13.7738049Z test_strict_json_nonfinite_and_duplicate_keys (test_replay_frontier_comparison_v8.ReplayTests) ... ok
2026-10-03T14:25:13.7744612Z test_timing_keeps_cold_outlier_and_nearest_rank (test_replay_frontier_comparison_v8.ReplayTests) ... ok
2026-10-03T14:25:13.7774356Z test_consumed_s1_identity_cannot_be_reused_for_new_supplement (test_run_boundary_comparison_supplement_v7.ComparisonSupplementTests) ... ok
2026-10-03T14:25:13.7811874Z test_declaration_and_origin_identity_cannot_be_silently_changed (test_run_boundary_comparison_supplement_v7.ComparisonSupplementTests) ... ok
2026-10-03T14:25:13.7899364Z test_direct_comparator_cannot_skip_preflight_package_or_restoration_guard (test_run_boundary_comparison_supplement_v7.ComparisonSupplementTests) ... ok
2026-10-03T14:25:13.7934608Z test_exclusive_fsynced_lock_cannot_be_overwritten (test_run_boundary_comparison_supplement_v7.ComparisonSupplementTests) ... ok
2026-10-03T14:25:13.8039187Z test_gpu_queries_cannot_expire_resource_or_hide_lost_controller (test_run_boundary_comparison_supplement_v7.ComparisonSupplementTests) ... ok
2026-10-03T14:25:13.8253627Z test_incomplete_restoration_and_live_process_rejected_even_if_rehashed (test_run_boundary_comparison_supplement_v7.ComparisonSupplementTests) ... ok
2026-10-03T14:25:13.8373931Z test_input_hardware_runtime_and_output_overrides_refused (test_run_boundary_comparison_supplement_v7.ComparisonSupplementTests) ... ok
2026-10-03T14:25:13.8463987Z test_launch_requires_current_process_new_session_lock_and_live_resource (test_run_boundary_comparison_supplement_v7.ComparisonSupplementTests) ... ok
2026-10-03T14:25:13.8692580Z test_new_task_disjoint_from_original_task_dataset_and_checkpoint (test_run_boundary_comparison_supplement_v7.ComparisonSupplementTests) ... ok
2026-10-03T14:25:13.8821647Z test_origin_bytes_or_extra_predictions_fail (test_run_boundary_comparison_supplement_v7.ComparisonSupplementTests) ... ok
2026-10-03T14:25:13.8865780Z test_origin_preserved_and_cpu_provenance_complete (test_run_boundary_comparison_supplement_v7.ComparisonSupplementTests) ... ok
2026-10-03T14:25:13.8947906Z test_resource_failure_cannot_be_bypassed (test_run_boundary_comparison_supplement_v7.ComparisonSupplementTests) ... ok
2026-10-03T14:25:13.8974324Z test_restoration_guard_cannot_alias_controller_or_driver (test_run_boundary_comparison_supplement_v7.ComparisonSupplementTests) ... ok
2026-10-03T14:25:13.9040810Z test_source_requires_exact_canonical_nested_layout (test_run_boundary_comparison_supplement_v7.ComparisonSupplementTests) ... ok
2026-10-03T14:25:13.9084773Z test_source_symlink_and_resolved_external_target_rejected (test_run_boundary_comparison_supplement_v7.ComparisonSupplementTests) ... ok
2026-10-03T14:25:13.9090005Z test_attempt_receipt_cannot_be_overwritten (test_run_boundary_training_v7.PathAndAttemptTests) ... ok
2026-10-03T14:25:14.0278746Z test_complete_steps_and_finite_fields_required_without_resume_snapshot (test_run_boundary_training_v7.PathAndAttemptTests) ... ok
2026-10-03T14:25:14.0292814Z test_duplicate_driver_refusal_does_not_relabel_prior_attempt_as_failure (test_run_boundary_training_v7.PathAndAttemptTests) ... ok
2026-10-03T14:25:14.0326155Z test_refuse_existing_output_nested_input_parent_and_placeholder (test_run_boundary_training_v7.PathAndAttemptTests) ... ok
2026-10-03T14:25:14.0346397Z test_translation_changes_only_three_paths_and_preserves_frozen_plan (test_run_boundary_training_v7.PathAndAttemptTests) ... ok
2026-10-03T14:25:14.0383397Z test_stale_proof_guard_birth_compute_process_and_busy_gpu_are_refused (test_run_boundary_training_v7.ResourceProofTests) ... ok
2026-10-03T14:25:14.0386548Z test_data_runtime_stage_and_base_tampering_refused_before_model (test_run_boundary_training_v7.StagingTests) ... skipped 'Frozen local mixture is not shipped in portable CI'
2026-10-03T14:25:14.0389018Z test_edited_or_live_trainer_refused_before_data_checkpoint_and_runtime_staging (test_run_boundary_training_v7.StagingTests) ... skipped 'Frozen local mixture is not shipped in portable CI'
2026-10-03T14:25:14.0391806Z test_old_attempt_cannot_reenter_preflight (test_run_boundary_training_v7.StagingTests) ... skipped 'Frozen local mixture is not shipped in portable CI'
2026-10-03T14:25:14.0393898Z test_real_frozen_data_preflight_without_gpu_acquisition (test_run_boundary_training_v7.StagingTests) ... skipped 'Frozen local mixture is not shipped in portable CI'
2026-10-03T14:25:14.0517230Z test_changed_dirty_or_wrong_source_checkout_is_rejected (test_run_frontier_native_v8.NativeDeclarationTests) ... ok
2026-10-03T14:25:14.0563996Z test_execute_refuses_before_declared_paths_or_optional_imports (test_run_frontier_native_v8.NativeDeclarationTests) ... ok
2026-10-03T14:25:14.0629532Z test_hash_inventory_and_published_installation_references_are_bound (test_run_frontier_native_v8.NativeDeclarationTests) ... ok
2026-10-03T14:25:14.0702576Z test_ready_flags_extra_keys_and_changed_gradient_policy_cannot_unlock (test_run_frontier_native_v8.NativeDeclarationTests) ... ok
2026-10-03T14:25:14.0757333Z test_symlink_escape_and_nonrelative_inventory_are_rejected (test_run_frontier_native_v8.NativeDeclarationTests) ... ok
2026-10-03T14:25:14.0846587Z test_verified_source_retains_unarmed_and_unobserved_result (test_run_frontier_native_v8.NativeDeclarationTests) ... ok
2026-10-03T14:25:14.1690000Z test_attempt_is_consumed_even_when_preflight_fails (test_run_frontier_training_v8.DriverFixtures) ... ok
2026-10-03T14:25:14.5286362Z test_changed_calibration_labels_initial_identity_reload_or_phase_rejected (test_run_frontier_training_v8.DriverFixtures) ... ok
2026-10-03T14:25:15.0541092Z test_changed_data_checkpoint_and_base_rejected (test_run_frontier_training_v8.DriverFixtures) ... ok
2026-10-03T14:25:15.1167559Z test_changed_plan_or_freeze_bytes_rejected (test_run_frontier_training_v8.DriverFixtures) ... ok
2026-10-03T14:25:15.3439282Z test_complete_read_only_preflight_and_exact_deferred_command (test_run_frontier_training_v8.DriverFixtures) ... ok
2026-10-03T14:25:15.4252226Z test_dirty_source_and_different_commit_rejected (test_run_frontier_training_v8.DriverFixtures) ... ok
2026-10-03T14:25:15.6539140Z test_git_environment_cannot_redirect_source (test_run_frontier_training_v8.DriverFixtures) ... ok
2026-10-03T14:25:15.8811673Z test_hf_link_must_remain_inside_declared_cache (test_run_frontier_training_v8.DriverFixtures) ... ok
2026-10-03T14:25:16.2838390Z test_incomplete_final_checkpoint_and_special_journal_rejected (test_run_frontier_training_v8.DriverFixtures) ... ok
2026-10-03T14:25:16.5758997Z test_incomplete_nonfinite_or_nonmonotonic_optimizer_steps_rejected (test_run_frontier_training_v8.DriverFixtures) ... ok
2026-10-03T14:25:16.6365248Z test_old_attempt_protected_node_placeholder_overlap_and_existing_outputs_refused (test_run_frontier_training_v8.DriverFixtures) ... ok
2026-10-03T14:25:16.9354759Z test_real_trainer_journal_shape_without_options_is_supported (test_run_frontier_training_v8.DriverFixtures) ... ok
2026-10-03T14:25:17.1630443Z test_reserved_files_are_never_parsed (test_run_frontier_training_v8.DriverFixtures) ... ok
2026-10-03T14:25:17.5021006Z test_resource_receipt_flag_cannot_unlock_execution (test_run_frontier_training_v8.DriverFixtures) ... ok
2026-10-03T14:25:17.8955162Z test_runtime_lock_platform_or_stage_mutation_rejected (test_run_frontier_training_v8.DriverFixtures) ... ok
2026-10-03T14:25:18.4074038Z test_runtime_version_or_position_shadowing_rejected (test_run_frontier_training_v8.DriverFixtures) ... ok
2026-10-03T14:25:18.4796947Z test_source_inventory_cannot_claim_other_bytes (test_run_frontier_training_v8.DriverFixtures) ... ok
2026-10-03T14:25:18.5605190Z test_special_manifest_or_plan_rejected_before_open (test_run_frontier_training_v8.DriverFixtures) ... ok
2026-10-03T14:25:18.6618685Z test_symlink_and_special_dataset_leaf_rejected (test_run_frontier_training_v8.DriverFixtures) ... ok
2026-10-03T14:25:18.6683736Z test_bad_temperature (test_service_suite.ServiceSuiteTests) ... ok
2026-10-03T14:25:18.6700898Z test_binding_policy_cannot_override_hostname_or_training_card (test_service_suite.ServiceSuiteTests) ... ok
2026-10-03T14:25:18.6814265Z test_browser_only_passes_checkpoint_identity_without_workflow_input (test_service_suite.ServiceSuiteTests) ... ok
2026-10-03T14:25:18.6879149Z test_cli_guard_before_gpu_and_children (test_service_suite.ServiceSuiteTests) ... ok
2026-10-03T14:25:18.6884759Z test_command_workloads (test_service_suite.ServiceSuiteTests) ... ok
2026-10-03T14:25:18.6892087Z test_control_commands_pin_full_identity_and_complete_splits (test_service_suite.ServiceSuiteTests) ... ok
2026-10-03T14:25:18.7009363Z test_control_preflight_failure_precedes_output_gpu_and_subprocesses (test_service_suite.ServiceSuiteTests) ... ok
2026-10-03T14:25:18.7022193Z test_control_preflight_is_opt_in_and_uses_existing_frozen_loaders (test_service_suite.ServiceSuiteTests) ... ok
2026-10-03T14:25:18.7345311Z test_controls_run_serially_retain_failures_and_clean_each_server (test_service_suite.ServiceSuiteTests) ... ok
2026-10-03T14:25:18.7450778Z test_drone_only_pins_identity_and_keeps_gpu_cleanup (test_service_suite.ServiceSuiteTests) ... ok
2026-10-03T14:25:18.7459943Z test_existing_measurement_logs_not_overwritten (test_service_suite.ServiceSuiteTests) ... ok
2026-10-03T14:25:18.7576393Z test_fatal_provider_collection_retains_summary_then_cleans_without_probe (test_service_suite.ServiceSuiteTests) ... ok
2026-10-03T14:25:18.7800868Z test_frontier_only_runs_all_three_checkpoints_without_workflow_input (test_service_suite.ServiceSuiteTests) ... ok
2026-10-03T14:25:18.7813956Z test_gpu_selection_and_busy_rejection (test_service_suite.ServiceSuiteTests) ... ok
2026-10-03T14:25:18.7834081Z test_hash_and_wrong_model (test_service_suite.ServiceSuiteTests) ... ok
2026-10-03T14:25:18.7944588Z test_identity_mismatch_stops_and_cleans_server (test_service_suite.ServiceSuiteTests) ... ok
2026-10-03T14:25:18.8364547Z test_larger_capacity_reaches_every_server_and_identity (test_service_suite.ServiceSuiteTests) ... ok
2026-10-03T14:25:18.8530935Z test_measurement_exit_and_live_pid_record (test_service_suite.ServiceSuiteTests) ... ok
2026-10-03T14:25:18.8549583Z test_measurement_interrupt_recorded_and_reaped (test_service_suite.ServiceSuiteTests) ... ok
2026-10-03T14:25:18.9075240Z test_measurement_timeout_reaps_own_child (test_service_suite.ServiceSuiteTests) ... ok
2026-10-03T14:25:18.9109285Z test_missing_browser_cases_rejected_before_gpu_or_spawn (test_service_suite.ServiceSuiteTests) ... ok
2026-10-03T14:25:18.9139034Z test_missing_drone_cases_rejected_before_gpu_or_spawn (test_service_suite.ServiceSuiteTests) ... ok
2026-10-03T14:25:18.9191966Z test_nan_timeout_rejected_on_authorized_host (test_service_suite.ServiceSuiteTests) ... ok
2026-10-03T14:25:18.9274660Z test_nonpositive_server_capacity_rejected_before_gpu_or_spawn (test_service_suite.ServiceSuiteTests) ... ok
2026-10-03T14:25:18.9316716Z test_probe_rejects_changed_identity_and_invalid_probability (test_service_suite.ServiceSuiteTests) ... ok
2026-10-03T14:25:18.9338370Z test_provider_commands_keep_gold_out_of_inference_and_pin_identity (test_service_suite.ServiceSuiteTests) ... ok
2026-10-03T14:25:18.9370566Z test_provider_preflight_pins_manifests_files_and_gold_alignment (test_service_suite.ServiceSuiteTests) ... ok
2026-10-03T14:25:18.9410118Z test_provider_preflight_rejection_precedes_output_gpu_and_children (test_service_suite.ServiceSuiteTests) ... ok
2026-10-03T14:25:18.9862150Z test_provider_quality_runs_all_five_suites_before_releasing_each_model (test_service_suite.ServiceSuiteTests) ... ok
2026-10-03T14:25:18.9920314Z test_provider_raw_binding_preserves_types_order_and_strict_decoding (test_service_suite.ServiceSuiteTests) ... ok
2026-10-03T14:25:18.9979657Z test_provider_summary_rechecks_raw_identity_and_retains_partial_denominator (test_service_suite.ServiceSuiteTests) ... ok
2026-10-03T14:25:18.9993491Z test_readiness_requires_own_log (test_service_suite.ServiceSuiteTests) ... ok
2026-10-03T14:25:19.0038076Z test_repeated_or_unknown_model_rejected_before_gpu_or_spawn (test_service_suite.ServiceSuiteTests) ... ok
2026-10-03T14:25:19.0224500Z test_selected_checkpoint_does_not_require_other_model_files (test_service_suite.ServiceSuiteTests) ... ok
2026-10-03T14:25:19.0338460Z test_stopped_trec_retains_summary_and_cleans_before_any_next_probe (test_service_suite.ServiceSuiteTests) ... ok
2026-10-03T14:25:19.0807282Z test_three_models_serial_semantic_failure_continues_latency_last (test_service_suite.ServiceSuiteTests) ... ok
2026-10-03T14:25:19.0821514Z test_trec_commands_pin_identity_and_never_pass_qrels (test_service_suite.ServiceSuiteTests) ... ok
2026-10-03T14:25:19.1084998Z test_trec_inputs_and_outputs_cannot_enter_training_tree (test_service_suite.ServiceSuiteTests) ... ok
2026-10-03T14:25:19.1283219Z test_trec_models_are_serial_and_failed_queries_keep_cleanup (test_service_suite.ServiceSuiteTests) ... ok
2026-10-03T14:25:19.1750970Z test_trec_preflight_bad_hashes_precede_output_gpu_and_children (test_service_suite.ServiceSuiteTests) ... ok
2026-10-03T14:25:19.2539984Z test_trec_preflight_is_opt_in_and_binds_full_input_and_qrels (test_service_suite.ServiceSuiteTests) ... ok
2026-10-03T14:25:19.2651551Z test_trec_rejected_audit_cleans_before_any_next_probe (test_service_suite.ServiceSuiteTests) ... ok
2026-10-03T14:25:19.2774494Z test_trec_summary_requires_settled_identity_and_offline_audit (test_service_suite.ServiceSuiteTests) ... ok
2026-10-03T14:25:19.2780536Z test_typed_doom_mode_reaches_game_evaluator (test_service_suite.ServiceSuiteTests) ... ok
2026-10-03T14:25:19.2782157Z test_ambiguous_json_is_rejected (test_serving.ServingTest) ... ok
2026-10-03T14:25:19.2791360Z test_chunked_choice_is_normalized_after_reassembly (test_serving.ServingTest) ... ok
2026-10-03T14:25:19.7897573Z test_http_client_official_route_and_errors (test_serving.ServingTest) ... ok
2026-10-03T14:25:20.3021107Z test_http_inventory_lists_requests_and_keeps_artifacts_fetchable (test_serving.ServingTest) ... ok
2026-10-03T14:25:20.3023120Z test_invalid_backend_cannot_return_fake_answers (test_serving.ServingTest) ... ok
2026-10-03T14:25:20.3024489Z test_limits_and_unknown_models_fail_before_backend (test_serving.ServingTest) ... ok
2026-10-03T14:25:20.3241073Z test_all_variants_derive_labels_from_body_in_every_layout (test_silent_failure_data.SilentFailureBodyTest) ... ok
2026-10-03T14:25:20.3247451Z test_ambiguous_unknown_and_duplicate_grammar_is_rejected (test_silent_failure_data.SilentFailureBodyTest) ... ok
2026-10-03T14:25:20.3249578Z test_current_counts_override_historical_counts (test_silent_failure_data.SilentFailureBodyTest) ... ok
2026-10-03T14:25:20.3257439Z test_current_history_swap_flips_label_but_order_does_not (test_silent_failure_data.SilentFailureBodyTest) ... ok
2026-10-03T14:25:20.3260331Z test_empty_search_and_required_empty_receipt_have_different_meanings (test_silent_failure_data.SilentFailureBodyTest) ... ok
2026-10-03T14:25:20.3372280Z test_json_order_whitespace_and_html_current_document_pairs (test_silent_failure_data.SilentFailureBodyTest) ... ok
2026-10-03T14:25:20.3374847Z test_metadata_and_targets_never_enter_model_prompt (test_silent_failure_data.SilentFailureBodyTest) ... ok
2026-10-03T14:25:20.3376757Z test_numeric_text_boundary_from_visible_requirement (test_silent_failure_data.SilentFailureBodyTest) ... ok
2026-10-03T14:25:20.3380727Z test_partial_permission_alone_changes_result_and_pending_job_is_valid (test_silent_failure_data.SilentFailureBodyTest) ... ok
2026-10-03T14:25:20.3383157Z test_quoted_error_and_archived_debug_text_are_not_current_failure (test_silent_failure_data.SilentFailureBodyTest) ... ok
2026-10-03T14:25:20.3384630Z test_runtime_preserves_original_body_and_single_noul (test_silent_failure_data.SilentFailureBodyTest) ... ok
2026-10-03T14:25:20.4252907Z test_audit_counts_pair_isolation_and_byte_determinism (test_silent_failure_data.SilentFailureCorpusTest) ... ok
2026-10-03T14:25:20.4429408Z test_body_only_runtime_contract_rejects_status_wrapper (test_silent_failure_data.SilentFailureCorpusTest) ... ok
2026-10-03T14:25:20.4577478Z test_counterfactual_cannot_cross_split (test_silent_failure_data.SilentFailureCorpusTest) ... ok
2026-10-03T14:25:20.4592083Z test_existing_output_symlink_and_bad_sizes_rejected (test_silent_failure_data.SilentFailureCorpusTest) ... ok
2026-10-03T14:25:20.4761570Z test_label_tamper_after_rehash_still_fails_semantic_audit (test_silent_failure_data.SilentFailureCorpusTest) ... ok
2026-10-03T14:25:20.4788642Z test_source_and_data_hashes_are_checked (test_silent_failure_data.SilentFailureCorpusTest) ... ok
2026-10-03T14:25:20.4807453Z test_changed_derivative_is_rejected_before_curation (test_site_display_media.ApprovedSiteMediaTests) ... ok
2026-10-03T14:25:20.4855995Z test_curation_retains_phone_derivatives_in_temporary_site (test_site_display_media.ApprovedSiteMediaTests) ... ok
2026-10-03T14:25:20.4864667Z test_derivatives_are_not_kept_when_phone_item_is_not_selected (test_site_display_media.ApprovedSiteMediaTests) ... ok
2026-10-03T14:25:20.4877795Z test_manifest_cannot_approve_an_unexpected_path (test_site_display_media.ApprovedSiteMediaTests) ... ok
2026-10-03T14:25:20.4892365Z test_selected_phone_item_keeps_exact_manifest_backed_derivatives (test_site_display_media.ApprovedSiteMediaTests) ... ok
2026-10-03T14:25:20.4911579Z test_windows_text_line_endings_match_manifest_hashes (test_site_display_media.ApprovedSiteMediaTests) ... ok
2026-10-03T14:25:20.9992058Z test_blank_instructions_and_invalid_categories_never_reach_fixture (test_space_app.SpaceHTTPTest) ... ok
2026-10-03T14:25:21.5037125Z test_busy_rejects_second_request_while_health_works (test_space_app.SpaceHTTPTest) ... ok
2026-10-03T14:25:22.0148536Z test_canonical_page_assets_and_developer_link (test_space_app.SpaceHTTPTest) ... ok
2026-10-03T14:25:22.5176748Z test_errors_do_not_echo_input_or_raw_exception (test_space_app.SpaceHTTPTest) ... ok
2026-10-03T14:25:23.0227942Z test_loading_and_error_do_not_claim_ready_or_infer (test_space_app.SpaceHTTPTest) ... ok
2026-10-03T14:25:23.5266326Z test_plain_category_names_reach_fixture (test_space_app.SpaceHTTPTest) ... ok
2026-10-03T14:25:24.0320083Z test_request_limits_and_origin_guard (test_space_app.SpaceHTTPTest) ... ok
2026-10-03T14:25:24.0351101Z test_financial_evidence_and_ownership_counterexamples (test_sponsor_segments.SponsorSegmentTest) ... ok
2026-10-03T14:25:24.1832935Z test_generated_contract_and_labels (test_sponsor_segments.SponsorSegmentTest) ... ok
2026-10-03T14:25:24.1921851Z test_marker_timestamp_and_neighbour_not_label_oracle (test_sponsor_segments.SponsorSegmentTest) ... ok
2026-10-03T14:25:24.3519030Z test_persisted_audit_and_rehashed_bad_target (test_sponsor_segments.SponsorSegmentTest) ... ok
2026-10-03T14:25:24.5289324Z test_shared_context_brand_identity_and_manifest_count_checks (test_sponsor_segments.SponsorSegmentTest) ... ok
2026-10-03T14:25:24.6429891Z test_counterfactuals_change_exactly_the_visible_requested_metric (test_sql_semantics_v3.SQLSemanticsV3Test) ... ok
2026-10-03T14:25:24.6437799Z test_database_and_structural_families_are_split_disjoint (test_sql_semantics_v3.SQLSemanticsV3Test) ... ok
2026-10-03T14:25:24.6443325Z test_equal_answers_are_not_mislabeled_as_negatives (test_sql_semantics_v3.SQLSemanticsV3Test) ... ok
2026-10-03T14:25:24.8190025Z test_full_layout_smoke_independent_sqlite_replay (test_sql_semantics_v3.SQLSemanticsV3Test) ... ok
2026-10-03T14:25:24.8193850Z test_halfway_rounding_matches_stated_business_rule (test_sql_semantics_v3.SQLSemanticsV3Test) ... ok
2026-10-03T14:25:24.8464882Z test_hand_calculated_fixtures_cover_every_business_operator (test_sql_semantics_v3.SQLSemanticsV3Test) ... ok
2026-10-03T14:25:24.9527782Z test_label_result_and_visible_data_tampering_are_detected (test_sql_semantics_v3.SQLSemanticsV3Test) ... ok
2026-10-03T14:25:24.9582854Z test_metadata_never_determines_answer_and_no_results_in_inputs (test_sql_semantics_v3.SQLSemanticsV3Test) ... ok
2026-10-03T14:25:25.5703104Z test_reproducible_no_input_files_and_non_overwriting_build (test_sql_semantics_v3.SQLSemanticsV3Test) ... ok
2026-10-03T14:25:25.5715888Z test_syntax_errors_writes_and_multiple_statements_are_rejected (test_sql_semantics_v3.SQLSemanticsV3Test) ... ok
2026-10-03T14:25:25.5732131Z test_named_human_can_finish_no_route_without_forcing_a_catalog_label (test_support_routing.SupportRoutingTests) ... ok
2026-10-03T14:25:26.0762759Z test_real_http_schema_probabilities_and_identity_drift (test_support_routing.SupportRoutingTests) ... ok
2026-10-03T14:25:26.0780966Z test_review_queue_keeps_unresolved_rows_and_requires_human_attribution (test_support_routing.SupportRoutingTests) ... ok
2026-10-03T14:25:26.0783157Z test_shortlist_never_reads_gold_and_retrieval_failure_stays_visible (test_support_routing.SupportRoutingTests) ... ok
2026-10-03T14:25:26.0812153Z test_test_gold_and_predictions_follow_calibration_lock_without_retuning (test_support_routing.SupportRoutingTests) ... ok
2026-10-03T14:25:26.0813642Z test_threshold_fit_abstains_when_no_calibration_policy_is_met (test_support_routing.SupportRoutingTests) ... ok
2026-10-03T14:25:26.1178182Z test_complete_frozen_groups_disjoint_splits_and_boundary_offset_coverage (test_temporal_windows_v5.TemporalWindowsV5Test) ... ok
2026-10-03T14:25:26.1179887Z test_epoch_seconds_equivalent_instants_and_strict_timestamp_grammar (test_temporal_windows_v5.TemporalWindowsV5Test) ... ok
2026-10-03T14:25:26.1611036Z test_freeze_hashes_refuses_overwrite_and_detects_changed_split (test_temporal_windows_v5.TemporalWindowsV5Test) ... ok
2026-10-03T14:25:26.1713236Z test_generator_labels_are_checked_by_separate_epoch_implementation (test_temporal_windows_v5.TemporalWindowsV5Test) ... ok
2026-10-03T14:25:26.1715730Z test_hand_calculated_lower_upper_leap_boundaries_and_exception (test_temporal_windows_v5.TemporalWindowsV5Test) ... ok
2026-10-03T14:25:26.1757879Z test_hidden_labels_ids_and_metadata_do_not_enter_model_prompts (test_temporal_windows_v5.TemporalWindowsV5Test) ... ok
2026-10-03T14:25:26.2137191Z test_independent_validator_rejects_corrupted_gold_proposal_and_incomplete_group (test_temporal_windows_v5.TemporalWindowsV5Test) ... ok
2026-10-03T14:25:26.2254687Z test_relabeling_case_ids_cannot_disguise_repeated_temporal_facts (test_temporal_windows_v5.TemporalWindowsV5Test) ... ok
2026-10-03T14:25:26.3048423Z test_frozen_input_hashes_and_separate_calibration (test_train_frontier_controls_v4.ContinuedTrainingTest) ... ok
2026-10-03T14:25:26.3227883Z test_group_sampling_keeps_counterfactuals_and_is_label_independent (test_train_frontier_controls_v4.ContinuedTrainingTest) ... ok
2026-10-03T14:25:26.3268842Z test_identity_binds_head_adapter_and_released_temperature (test_train_frontier_controls_v4.ContinuedTrainingTest) ... ok
2026-10-03T14:25:26.3270317Z test_only_existing_lora_and_head_train (test_train_frontier_controls_v4.ContinuedTrainingTest) ... ok
2026-10-03T14:25:26.3325910Z test_actual_adapter_configuration_and_method_must_agree (test_train_initial_checkpoint.InitialInferenceCheckpointTests) ... ok
2026-10-03T14:25:26.3360623Z test_content_identity_binds_initialization_and_detects_changed_weights (test_train_initial_checkpoint.InitialInferenceCheckpointTests) ... ok
2026-10-03T14:25:26.3371761Z test_default_base_constructor_is_unchanged (test_train_initial_checkpoint.InitialInferenceCheckpointTests) ... ok
2026-10-03T14:25:26.3398106Z test_loads_existing_weights_and_unfreezes_only_lora_and_head (test_train_initial_checkpoint.InitialInferenceCheckpointTests) ... ok
2026-10-03T14:25:26.3418309Z test_missing_serving_files_and_invalid_temperature_are_rejected (test_train_initial_checkpoint.InitialInferenceCheckpointTests) ... ok
2026-10-03T14:25:26.3489362Z test_profile_mismatches_and_resume_reject_before_model_import (test_train_initial_checkpoint.InitialInferenceCheckpointTests) ... ok
2026-10-03T14:25:26.3520095Z test_lease_self_registration_and_controller_closing_preservation (test_train_temporal_windows_v5.TemporalPilotTest) ... ok
2026-10-03T14:25:26.3522700Z test_paired_regression_counts_and_mismatched_evidence_rejection (test_train_temporal_windows_v5.TemporalPilotTest) ... ok
2026-10-03T14:25:26.3530794Z test_temperature_ablation_keeps_argmax_but_changes_noul_threshold_behavior (test_train_temporal_windows_v5.TemporalPilotTest) ... ok
2026-10-03T14:25:26.3563336Z test_cli_defaults_to_legacy_and_exposes_explicit_opt_in (test_training_deferred_heldout.DeferredHeldoutTests) ... ok
2026-10-03T14:25:26.3602360Z test_complete_allowed_splits_are_validated_before_sampling_or_model_construction (test_training_deferred_heldout.DeferredHeldoutTests) ... ok
2026-10-03T14:25:26.4656067Z test_default_keeps_all_split_validation_baselines_and_heldout_evaluation (test_training_deferred_heldout.DeferredHeldoutTests) ... ok
2026-10-03T14:25:27.0202553Z test_deferred_reload_rejects_nonfinite_width_and_value_mismatches_without_summary (test_training_deferred_heldout.DeferredHeldoutTests) ... ok
2026-10-03T14:25:27.0222050Z test_deferred_resume_and_snapshots_rejected_before_runtime_imports (test_training_deferred_heldout.DeferredHeldoutTests) ... ok
2026-10-03T14:25:27.1060543Z test_deferred_run_never_reads_or_forwards_heldout_and_saves_fixed_final (test_training_deferred_heldout.DeferredHeldoutTests) ... ok
2026-10-03T14:25:27.1100584Z test_deferred_run_requires_calibration (test_training_deferred_heldout.DeferredHeldoutTests) ... ok
2026-10-03T14:25:27.1116478Z test_opt_in_changes_identity_without_changing_default_argument_schema (test_training_deferred_heldout.DeferredHeldoutTests) ... ok
2026-10-03T14:25:27.1203724Z test_all_snapshot_artifacts_and_old_log_cursor_are_verified (test_training_initialization.InitializationContractTests) ... ok
2026-10-03T14:25:27.1256713Z test_cli_and_programmatic_run_reject_initialization_plus_resume (test_training_initialization.InitializationContractTests) ... ok
2026-10-03T14:25:27.1312735Z test_model_revision_rank_topology_and_complete_snapshot_are_required (test_training_initialization.InitializationContractTests) ... ok
2026-10-03T14:25:27.1329630Z test_provenance_rejects_missing_extra_malformed_and_reset_fields (test_training_initialization.InitializationContractTests) ... ok
2026-10-03T14:25:27.1359349Z test_weights_initialization_accepts_new_data_but_binds_source_content (test_training_initialization.InitializationContractTests) ... ok
2026-10-03T14:25:27.1361261Z test_changed_preflight_bytes_or_provenance_are_rejected (test_training_initialization.InitializationNumericalTests) ... skipped 'requires optional torch runtime'
2026-10-03T14:25:27.1363486Z test_four_rank_run_measures_initialized_baseline_and_resumes_new_stage_trajectory (test_training_initialization.InitializationNumericalTests) ... skipped 'requires optional torch runtime'
2026-10-03T14:25:27.1365647Z test_future_resume_tensor_binding_rejects_removed_or_rewritten_provenance (test_training_initialization.InitializationNumericalTests) ... skipped 'requires optional torch runtime'
2026-10-03T14:25:27.1367074Z test_invalid_tensor_payload_never_partially_copies_weights (test_training_initialization.InitializationNumericalTests) ... skipped 'requires optional torch runtime'
2026-10-03T14:25:27.1368462Z test_only_trainable_weights_copy_without_optimizer_rng_or_base_mutation (test_training_initialization.InitializationNumericalTests) ... skipped 'requires optional torch runtime'
2026-10-03T14:25:27.2711140Z test_both_installed_cli_help_commands_work_without_model_imports (test_training_provenance.TrainingProvenanceTests) ... ok
2026-10-03T14:25:27.3016088Z test_both_trainers_reject_before_imports_or_argument_access (test_training_provenance.TrainingProvenanceTests) ... ok
2026-10-03T14:25:27.3352926Z test_caller_git_environment_cannot_override_source_checkout (test_training_provenance.TrainingProvenanceTests) ... ok
2026-10-03T14:25:27.3680280Z test_caller_head_is_wrong_but_source_head_is_recorded (test_training_provenance.TrainingProvenanceTests) ... ok
2026-10-03T14:25:27.4019625Z test_dirty_source_checkout_remains_supported (test_training_provenance.TrainingProvenanceTests) ... ok
2026-10-03T14:25:27.4319654Z test_installed_package_cannot_inherit_ancestor_repository (test_training_provenance.TrainingProvenanceTests) ... ok
2026-10-03T14:25:27.4639437Z test_invalid_git_marker_cannot_inherit_ancestor_repository (test_training_provenance.TrainingProvenanceTests) ... ok
2026-10-03T14:25:27.5029090Z test_real_git_worktree_with_git_file_is_supported (test_training_provenance.TrainingProvenanceTests) ... ok
2026-10-03T14:25:27.5353208Z test_source_head_is_recorded_outside_any_repository (test_training_provenance.TrainingProvenanceTests) ... ok
2026-10-03T14:25:27.5392177Z test_artifact_restore_archives_interrupted_log_and_keeps_final_calibration (test_training_resume.ResumeIdentityTests) ... ok
2026-10-03T14:25:27.5432891Z test_identity_binds_training_configuration_dataset_and_order (test_training_resume.ResumeIdentityTests) ... ok
2026-10-03T14:25:27.5434347Z test_original_baseline_ids_targets_and_order_are_required (test_training_resume.ResumeIdentityTests) ... ok
2026-10-03T14:25:27.5458467Z test_snapshot_checksum_and_log_cursor_are_verified_before_tensor_loading (test_training_resume.ResumeIdentityTests) ... ok
2026-10-03T14:25:27.5460295Z test_cpu_dropout_rng_optimizer_and_parameter_trajectory_resume_exactly (test_training_resume.ResumeNumericalTests) ... skipped 'requires optional torch runtime'
2026-10-03T14:25:27.6005976Z test_actual_scores_change_later_windows_and_requests_are_saved_before_calls (test_trec_provider.TrecProviderTest) ... ok
2026-10-03T14:25:27.6493300Z test_declared_mass_only_scalar_analysis_never_becomes_primary_ranking (test_trec_provider.TrecProviderTest) ... ok
2026-10-03T14:25:27.7534447Z test_endpoint_rejections_stop_all_remaining_queries (test_trec_provider.TrecProviderTest) ... ok
2026-10-03T14:25:27.8280891Z test_frozen_input_contract_rejects_gold_metadata_hash_mismatch_and_overwrite (test_trec_provider.TrecProviderTest) ... ok
2026-10-03T14:25:30.5709335Z test_full_run_completes_all_97_queries_in_exactly_873_calls (test_trec_provider.TrecProviderTest) ... ok
2026-10-03T14:25:30.6628773Z test_jev_mass_or_expectation_failure_is_retained_and_next_query_runs (test_trec_provider.TrecProviderTest) ... ok
2026-10-03T14:25:30.6918868Z test_mass_and_expectation_failure_cannot_use_scalar_analysis (test_trec_provider.TrecProviderTest) ... ok
2026-10-03T14:25:30.7210033Z test_nonfinite_parsed_response_keeps_exact_raw_text_and_fails_query (test_trec_provider.TrecProviderTest) ... ok
2026-10-03T14:25:30.7304990Z test_openai_envelope_preserves_integer_scores_without_probabilities (test_trec_provider.TrecProviderTest) ... ok
2026-10-03T14:25:30.7972062Z test_request_time_and_usage_cost_budgets_preserve_partial_and_pending (test_trec_provider.TrecProviderTest) ... ok
2026-10-03T14:25:30.8295007Z test_thrown_attempt_error_is_saved_redacted_and_cost_remains_unknown (test_trec_provider.TrecProviderTest) ... ok
2026-10-03T14:25:34.8197649Z test_finished_collection_with_mass_failure_retains_full_denominator (test_trec_summary.TrecSummaryTest) ... ok
2026-10-03T14:25:39.3927897Z test_full_openai_collection_has_no_fabricated_scalar_probability_analysis (test_trec_summary.TrecSummaryTest) ... ok
2026-10-03T14:25:39.4912878Z test_input_and_qrel_manifest_hashes_are_required (test_trec_summary.TrecSummaryTest) ... ok
2026-10-03T14:25:39.7404571Z test_live_report_prefix_may_have_unscored_newer_raw_records (test_trec_summary.TrecSummaryTest) ... ok
2026-10-03T14:25:39.8610617Z test_mass_only_query_primary_zero_and_supplemental_uses_actual_saved_scalars (test_trec_summary.TrecSummaryTest) ... ok
2026-10-03T14:25:39.9566293Z test_mass_only_then_hard_error_does_not_publish_either_ranking (test_trec_summary.TrecSummaryTest) ... ok
2026-10-03T14:25:40.0810667Z test_partial_run_uses_full_qrels_and_direct_grade_including_outside_candidates (test_trec_summary.TrecSummaryTest) ... ok
2026-10-03T14:25:40.3324226Z test_python310_mass_diagnostics_replay_exactly_without_relaxing_validation (test_trec_summary.TrecSummaryTest) ... ok
2026-10-03T14:25:40.5386564Z test_rejects_permutation_tampering_flags_and_adaptive_window_changes (test_trec_summary.TrecSummaryTest) ... ok
2026-10-03T14:25:40.7350245Z test_rejects_raw_payload_response_model_or_order_tampering (test_trec_summary.TrecSummaryTest) ... ok
2026-10-03T14:25:44.7445138Z test_top_level_running_status_never_becomes_complete_even_after_all_queries (test_trec_summary.TrecSummaryTest) ... ok
2026-10-03T14:25:44.7504967Z test_candidate_permutation_preserves_labels_and_source_groups (test_wanli_data.WanliTests) ... ok
2026-10-03T14:25:44.7506686Z test_conflicts_are_removed_not_arbitrarily_resolved (test_wanli_data.WanliTests) ... ok
2026-10-03T14:25:44.7523598Z test_existing_output_fails_before_source_download_or_modification (test_wanli_data.WanliTests) ... ok
2026-10-03T14:25:44.7525005Z test_malformed_source_fails (test_wanli_data.WanliTests) ... ok
2026-10-03T14:25:44.7529389Z test_test_components_are_reserved_transitively (test_wanli_data.WanliTests) ... ok
2026-10-03T14:25:45.1646274Z test_http_runner_preserves_responses_and_aborts_on_service_change (test_workflows.WorkflowServiceEvaluationTests) ... ok
2026-10-03T14:25:45.1660311Z test_prediction_identity_binds_case_state_questions_and_split (test_workflows.WorkflowServiceEvaluationTests) ... ok
2026-10-03T14:25:45.5109119Z test_selection_is_heldout_balanced_group_distinct_and_label_independent (test_workflows.WorkflowServiceEvaluationTests) ... ok
2026-10-03T14:25:45.6876631Z test_selection_rejects_cross_split_parent_groups_and_duplicate_ids (test_workflows.WorkflowServiceEvaluationTests) ... ok
2026-10-03T14:25:45.6881036Z test_service_identity_rejects_oracle_mismatch_and_tracks_artifact_digest (test_workflows.WorkflowServiceEvaluationTests) ... ok
2026-10-03T14:25:45.6886413Z test_agent_permission_is_evaluated_at_call_time_with_exact_scope (test_workflows.WorkflowTests) ... ok
2026-10-03T14:25:45.6904428Z test_all_workflows_compile_as_target_free_independent_questions (test_workflows.WorkflowTests) ... ok
2026-10-03T14:25:45.6906677Z test_card_and_cancellation_account_facts_gate_mutations (test_workflows.WorkflowTests) ... ok
2026-10-03T14:25:45.6910458Z test_customer_empty_resolved_negation_and_account_claim_conflict (test_workflows.WorkflowTests) ... ok
2026-10-03T14:25:45.6918997Z test_evaluation_rejects_fixture_claims_and_bad_case_alignment (test_workflows.WorkflowTests) ... ok
2026-10-03T14:25:45.6923874Z test_exclusive_workflows_use_one_disposition_while_customer_can_fan_out (test_workflows.WorkflowTests) ... ok
2026-10-03T14:25:47.5137235Z test_generated_groups_stay_together_and_models_cannot_see_references (test_workflows.WorkflowTests) ... ok
2026-10-03T14:25:47.5144550Z test_invoice_financial_boundaries_and_grants (test_workflows.WorkflowTests) ... ok
2026-10-03T14:25:48.4886575Z test_manifest_and_saved_jsonl_are_reproducible (test_workflows.WorkflowTests) ... ok
2026-10-03T14:25:48.4896866Z test_refund_requires_exact_account_object_amount_and_current_consent (test_workflows.WorkflowTests) ... ok
2026-10-03T14:25:48.4900563Z test_security_maintenance_must_match_asset_activity_and_time (test_workflows.WorkflowTests) ... ok
2026-10-03T14:25:48.4902918Z test_security_priority_grant_expiry_and_production_isolation (test_workflows.WorkflowTests) ... ok
2026-10-03T14:25:48.4903612Z 
2026-10-03T14:25:48.4903860Z ----------------------------------------------------------------------
2026-10-03T14:25:48.4904491Z Ran 1369 tests in 215.421s
2026-10-03T14:25:48.4904751Z 
2026-10-03T14:25:48.4904872Z OK (skipped=90)
2026-10-03T14:25:48.4907497Z {
2026-10-03T14:25:48.4907842Z   "trace": "/tmp/tmpjr3ju_we/typed.json",
2026-10-03T14:25:48.4908304Z   "policy": "random_baseline",
2026-10-03T14:25:48.4908666Z   "is_model": false,
2026-10-03T14:25:48.4908985Z   "episodes": 1,
2026-10-03T14:25:48.4909282Z   "metrics": [
2026-10-03T14:25:48.4909551Z     {
2026-10-03T14:25:48.4909814Z       "steps": 2,
2026-10-03T14:25:48.4910148Z       "stop_reason": "terminal",
2026-10-03T14:25:48.4910530Z       "total_reward": 2.0,
2026-10-03T14:25:48.4910948Z       "mean_decision_latency_ms": 0.09152049999983092,
2026-10-03T14:25:48.4911423Z       "engine_total_reward": 2.0,
2026-10-03T14:25:48.4911799Z       "elapsed_tics": 8
2026-10-03T14:25:48.4912106Z     }
2026-10-03T14:25:48.4912350Z   ]
2026-10-03T14:25:48.4912600Z }
2026-10-03T14:25:48.8017306Z ##[group]Run python -m build --wheel
2026-10-03T14:25:48.8017794Z [36;1mpython -m build --wheel[0m
2026-10-03T14:25:48.8081182Z shell: /usr/bin/bash -e {0}
2026-10-03T14:25:48.8081433Z env:
2026-10-03T14:25:48.8081704Z   pythonLocation: /opt/hostedtoolcache/Python/3.10.21/x64
2026-10-03T14:25:48.8082153Z   PKG_CONFIG_PATH: /opt/hostedtoolcache/Python/3.10.21/x64/lib/pkgconfig
2026-10-03T14:25:48.8082607Z   Python_ROOT_DIR: /opt/hostedtoolcache/Python/3.10.21/x64
2026-10-03T14:25:48.8083002Z   Python2_ROOT_DIR: /opt/hostedtoolcache/Python/3.10.21/x64
2026-10-03T14:25:48.8083406Z   Python3_ROOT_DIR: /opt/hostedtoolcache/Python/3.10.21/x64
2026-10-03T14:25:48.8083801Z   LD_LIBRARY_PATH: /opt/hostedtoolcache/Python/3.10.21/x64/lib
2026-10-03T14:25:48.8084139Z ##[endgroup]
2026-10-03T14:25:48.9400360Z * Creating isolated environment: venv+pip...
2026-10-03T14:25:48.9591993Z * Installing packages in isolated environment:
2026-10-03T14:25:48.9592670Z   - setuptools>=77.0.3
2026-10-03T14:25:50.3419782Z * Getting build dependencies for wheel...
2026-10-03T14:25:50.7949328Z running egg_info
2026-10-03T14:25:50.7961353Z creating open_jev.egg-info
2026-10-03T14:25:50.7962566Z writing open_jev.egg-info/PKG-INFO
2026-10-03T14:25:50.7979511Z writing dependency_links to open_jev.egg-info/dependency_links.txt
2026-10-03T14:25:50.7983087Z writing entry points to open_jev.egg-info/entry_points.txt
2026-10-03T14:25:50.7992489Z writing requirements to open_jev.egg-info/requires.txt
2026-10-03T14:25:50.7993458Z writing top-level names to open_jev.egg-info/top_level.txt
2026-10-03T14:25:50.7995011Z writing manifest file 'open_jev.egg-info/SOURCES.txt'
2026-10-03T14:25:50.8062402Z reading manifest file 'open_jev.egg-info/SOURCES.txt'
2026-10-03T14:25:50.8064615Z adding license file 'LICENSE'
2026-10-03T14:25:50.8087707Z writing manifest file 'open_jev.egg-info/SOURCES.txt'
2026-10-03T14:25:50.8314479Z * Installed build dependency versions:
2026-10-03T14:25:50.8314923Z   - setuptools==84.0.0
2026-10-03T14:25:50.8315196Z * Building wheel...
2026-10-03T14:25:50.9907374Z running bdist_wheel
2026-10-03T14:25:50.9954335Z running build
2026-10-03T14:25:50.9954804Z running build_py
2026-10-03T14:25:50.9986138Z creating build/lib/jev
2026-10-03T14:25:50.9986673Z copying jev/temporal_windows_v5.py -> build/lib/jev
2026-10-03T14:25:50.9987045Z copying jev/mailroom_audit.py -> build/lib/jev
2026-10-03T14:25:50.9987364Z copying jev/ir_eval.py -> build/lib/jev
2026-10-03T14:25:50.9987667Z copying jev/case_doom.py -> build/lib/jev
2026-10-03T14:25:50.9987955Z copying jev/server.py -> build/lib/jev
2026-10-03T14:25:50.9988235Z copying jev/painting.py -> build/lib/jev
2026-10-03T14:25:50.9996452Z copying jev/mailroom_probe.py -> build/lib/jev
2026-10-03T14:25:50.9997196Z copying jev/silent_failure_data.py -> build/lib/jev
2026-10-03T14:25:50.9997943Z copying jev/community_diversity_v2.py -> build/lib/jev
2026-10-03T14:25:51.0048435Z copying jev/boundary_controls_v7.py -> build/lib/jev
2026-10-03T14:25:51.0049088Z copying jev/case_workflows.py -> build/lib/jev
2026-10-03T14:25:51.0049617Z copying jev/metrics.py -> build/lib/jev
2026-10-03T14:25:51.0050148Z copying jev/context_retention_data.py -> build/lib/jev
2026-10-03T14:25:51.0050712Z copying jev/case_customer.py -> build/lib/jev
2026-10-03T14:25:51.0051219Z copying jev/public_data.py -> build/lib/jev
2026-10-03T14:25:51.0051701Z copying jev/ir_data.py -> build/lib/jev
2026-10-03T14:25:51.0052159Z copying jev/game_cli.py -> build/lib/jev
2026-10-03T14:25:51.0052659Z copying jev/sql_semantics_v3.py -> build/lib/jev
2026-10-03T14:25:51.0053184Z copying jev/sharded_model.py -> build/lib/jev
2026-10-03T14:25:51.0053728Z copying jev/community_workflow_v3.py -> build/lib/jev
2026-10-03T14:25:51.0054257Z copying jev/serving.py -> build/lib/jev
2026-10-03T14:25:51.0054737Z copying jev/mailroom_data.py -> build/lib/jev
2026-10-03T14:25:51.0055277Z copying jev/case_entity_alignment.py -> build/lib/jev
2026-10-03T14:25:51.0056029Z copying jev/case_wikiracing.py -> build/lib/jev
2026-10-03T14:25:51.0056847Z copying jev/doom_control.py -> build/lib/jev
2026-10-03T14:25:51.0057628Z copying jev/frontier_controls_v4.py -> build/lib/jev
2026-10-03T14:25:51.0058171Z copying jev/fast_backend.py -> build/lib/jev
2026-10-03T14:25:51.0058672Z copying jev/case_browser.py -> build/lib/jev
2026-10-03T14:25:51.0059165Z copying jev/prefix_cache.py -> build/lib/jev
2026-10-03T14:25:51.0059696Z copying jev/case_sponsor_segments.py -> build/lib/jev
2026-10-03T14:25:51.0060231Z copying jev/wanli_data.py -> build/lib/jev
2026-10-03T14:25:51.0060706Z copying jev/model.py -> build/lib/jev
2026-10-03T14:25:51.0061164Z copying jev/case_drone.py -> build/lib/jev
2026-10-03T14:25:51.0061658Z copying jev/case_reasoning.py -> build/lib/jev
2026-10-03T14:25:51.0062215Z copying jev/case_phone_extraction.py -> build/lib/jev
2026-10-03T14:25:51.0062753Z copying jev/workflows.py -> build/lib/jev
2026-10-03T14:25:51.0063225Z copying jev/games.py -> build/lib/jev
2026-10-03T14:25:51.0063753Z copying jev/predict.py -> build/lib/jev
2026-10-03T14:25:51.0064217Z copying jev/recipes.py -> build/lib/jev
2026-10-03T14:25:51.0064726Z copying jev/shared_resources.py -> build/lib/jev
2026-10-03T14:25:51.0065234Z copying jev/client.py -> build/lib/jev
2026-10-03T14:25:51.0065855Z copying jev/train.py -> build/lib/jev
2026-10-03T14:25:51.0066308Z copying jev/community.py -> build/lib/jev
2026-10-03T14:25:51.0066817Z copying jev/policy_controls_v6.py -> build/lib/jev
2026-10-03T14:25:51.0067414Z copying jev/inference_initialization.py -> build/lib/jev
2026-10-03T14:25:51.0068014Z copying jev/community_routing_v3.py -> build/lib/jev
2026-10-03T14:25:51.0068539Z copying jev/__init__.py -> build/lib/jev
2026-10-03T14:25:51.0069083Z copying jev/case_email_selection.py -> build/lib/jev
2026-10-03T14:25:51.0069729Z copying jev/eval_resources.py -> build/lib/jev
2026-10-03T14:25:51.0071603Z copying jev/case_citation.py -> build/lib/jev
2026-10-03T14:25:51.0073542Z copying jev/case_amount_extraction.py -> build/lib/jev
2026-10-03T14:25:51.0075834Z copying jev/eval_frontier.py -> build/lib/jev
2026-10-03T14:25:51.0078197Z copying jev/api.py -> build/lib/jev
2026-10-03T14:25:51.0080165Z copying jev/mix_data.py -> build/lib/jev
2026-10-03T14:25:51.0082118Z copying jev/data.py -> build/lib/jev
2026-10-03T14:25:51.0084277Z copying jev/frontier_controls_v8.py -> build/lib/jev
2026-10-03T14:25:51.0086742Z copying jev/train_distributed.py -> build/lib/jev
2026-10-03T14:25:51.0089830Z creating build/lib/third_party
2026-10-03T14:25:51.0091291Z copying third_party/__init__.py -> build/lib/third_party
2026-10-03T14:25:51.0094144Z creating build/lib/jev/kernels
2026-10-03T14:25:51.0095629Z copying jev/kernels/triton_tail.py -> build/lib/jev/kernels
2026-10-03T14:25:51.0098071Z copying jev/kernels/final_score.py -> build/lib/jev/kernels
2026-10-03T14:25:51.0100009Z copying jev/kernels/__init__.py -> build/lib/jev/kernels
2026-10-03T14:25:51.0102626Z creating build/lib/third_party/open_jev_fast
2026-10-03T14:25:51.0104010Z copying third_party/open_jev_fast/__init__.py -> build/lib/third_party/open_jev_fast
2026-10-03T14:25:51.0107451Z creating build/lib/third_party/open_jev_fast/src
2026-10-03T14:25:51.0108971Z copying third_party/open_jev_fast/src/fastmodel.py -> build/lib/third_party/open_jev_fast/src
2026-10-03T14:25:51.0111408Z copying third_party/open_jev_fast/src/ext.py -> build/lib/third_party/open_jev_fast/src
2026-10-03T14:25:51.0113528Z copying third_party/open_jev_fast/src/lt_ext.py -> build/lib/third_party/open_jev_fast/src
2026-10-03T14:25:51.0115610Z copying third_party/open_jev_fast/src/__init__.py -> build/lib/third_party/open_jev_fast/src
2026-10-03T14:25:51.0117143Z running egg_info
2026-10-03T14:25:51.0128389Z writing open_jev.egg-info/PKG-INFO
2026-10-03T14:25:51.0146393Z writing dependency_links to open_jev.egg-info/dependency_links.txt
2026-10-03T14:25:51.0150102Z writing entry points to open_jev.egg-info/entry_points.txt
2026-10-03T14:25:51.0160007Z writing requirements to open_jev.egg-info/requires.txt
2026-10-03T14:25:51.0161865Z writing top-level names to open_jev.egg-info/top_level.txt
2026-10-03T14:25:51.0207276Z reading manifest file 'open_jev.egg-info/SOURCES.txt'
2026-10-03T14:25:51.0229173Z adding license file 'LICENSE'
2026-10-03T14:25:51.0259112Z writing manifest file 'open_jev.egg-info/SOURCES.txt'
2026-10-03T14:25:51.0279341Z copying third_party/open_jev_fast/LICENSE -> build/lib/third_party/open_jev_fast
2026-10-03T14:25:51.0282004Z copying third_party/open_jev_fast/PROVENANCE.json -> build/lib/third_party/open_jev_fast
2026-10-03T14:25:51.0284748Z copying third_party/open_jev_fast/THIRD_PARTY_NOTICES.md -> build/lib/third_party/open_jev_fast
2026-10-03T14:25:51.0287799Z copying third_party/open_jev_fast/src/kernels.cu -> build/lib/third_party/open_jev_fast/src
2026-10-03T14:25:51.0292002Z copying third_party/open_jev_fast/src/lt.cpp -> build/lib/third_party/open_jev_fast/src
2026-10-03T14:25:51.0324333Z installing to build/bdist.linux-x86_64/wheel
2026-10-03T14:25:51.0324873Z running install
2026-10-03T14:25:51.0380892Z running install_lib
2026-10-03T14:25:51.0392423Z creating build/bdist.linux-x86_64/wheel
2026-10-03T14:25:51.0395545Z creating build/bdist.linux-x86_64/wheel/jev
2026-10-03T14:25:51.0397507Z copying build/lib/jev/temporal_windows_v5.py -> build/bdist.linux-x86_64/wheel/./jev
2026-10-03T14:25:51.0399658Z copying build/lib/jev/mailroom_audit.py -> build/bdist.linux-x86_64/wheel/./jev
2026-10-03T14:25:51.0401670Z copying build/lib/jev/ir_eval.py -> build/bdist.linux-x86_64/wheel/./jev
2026-10-03T14:25:51.0403671Z copying build/lib/jev/case_doom.py -> build/bdist.linux-x86_64/wheel/./jev
2026-10-03T14:25:51.0405788Z copying build/lib/jev/server.py -> build/bdist.linux-x86_64/wheel/./jev
2026-10-03T14:25:51.0407882Z copying build/lib/jev/painting.py -> build/bdist.linux-x86_64/wheel/./jev
2026-10-03T14:25:51.0409893Z copying build/lib/jev/mailroom_probe.py -> build/bdist.linux-x86_64/wheel/./jev
2026-10-03T14:25:51.0411879Z copying build/lib/jev/silent_failure_data.py -> build/bdist.linux-x86_64/wheel/./jev
2026-10-03T14:25:51.0413897Z copying build/lib/jev/community_diversity_v2.py -> build/bdist.linux-x86_64/wheel/./jev
2026-10-03T14:25:51.0416139Z copying build/lib/jev/boundary_controls_v7.py -> build/bdist.linux-x86_64/wheel/./jev
2026-10-03T14:25:51.0418463Z copying build/lib/jev/case_workflows.py -> build/bdist.linux-x86_64/wheel/./jev
2026-10-03T14:25:51.0420471Z copying build/lib/jev/metrics.py -> build/bdist.linux-x86_64/wheel/./jev
2026-10-03T14:25:51.0422483Z copying build/lib/jev/context_retention_data.py -> build/bdist.linux-x86_64/wheel/./jev
2026-10-03T14:25:51.0424514Z copying build/lib/jev/case_customer.py -> build/bdist.linux-x86_64/wheel/./jev
2026-10-03T14:25:51.0426848Z copying build/lib/jev/public_data.py -> build/bdist.linux-x86_64/wheel/./jev
2026-10-03T14:25:51.0428756Z copying build/lib/jev/ir_data.py -> build/bdist.linux-x86_64/wheel/./jev
2026-10-03T14:25:51.0430751Z copying build/lib/jev/game_cli.py -> build/bdist.linux-x86_64/wheel/./jev
2026-10-03T14:25:51.0432715Z copying build/lib/jev/sql_semantics_v3.py -> build/bdist.linux-x86_64/wheel/./jev
2026-10-03T14:25:51.0434821Z copying build/lib/jev/sharded_model.py -> build/bdist.linux-x86_64/wheel/./jev
2026-10-03T14:25:51.0437042Z copying build/lib/jev/community_workflow_v3.py -> build/bdist.linux-x86_64/wheel/./jev
2026-10-03T14:25:51.0439115Z copying build/lib/jev/serving.py -> build/bdist.linux-x86_64/wheel/./jev
2026-10-03T14:25:51.0441060Z copying build/lib/jev/mailroom_data.py -> build/bdist.linux-x86_64/wheel/./jev
2026-10-03T14:25:51.0443098Z copying build/lib/jev/case_entity_alignment.py -> build/bdist.linux-x86_64/wheel/./jev
2026-10-03T14:25:51.0445062Z copying build/lib/jev/case_wikiracing.py -> build/bdist.linux-x86_64/wheel/./jev
2026-10-03T14:25:51.0447291Z copying build/lib/jev/doom_control.py -> build/bdist.linux-x86_64/wheel/./jev
2026-10-03T14:25:51.0449229Z copying build/lib/jev/frontier_controls_v4.py -> build/bdist.linux-x86_64/wheel/./jev
2026-10-03T14:25:51.0451400Z copying build/lib/jev/fast_backend.py -> build/bdist.linux-x86_64/wheel/./jev
2026-10-03T14:25:51.0453210Z copying build/lib/jev/case_browser.py -> build/bdist.linux-x86_64/wheel/./jev
2026-10-03T14:25:51.0455288Z copying build/lib/jev/prefix_cache.py -> build/bdist.linux-x86_64/wheel/./jev
2026-10-03T14:25:51.0457628Z copying build/lib/jev/case_sponsor_segments.py -> build/bdist.linux-x86_64/wheel/./jev
2026-10-03T14:25:51.0459578Z copying build/lib/jev/wanli_data.py -> build/bdist.linux-x86_64/wheel/./jev
2026-10-03T14:25:51.0461459Z copying build/lib/jev/model.py -> build/bdist.linux-x86_64/wheel/./jev
2026-10-03T14:25:51.0463878Z creating build/bdist.linux-x86_64/wheel/jev/kernels
2026-10-03T14:25:51.0466143Z copying build/lib/jev/kernels/triton_tail.py -> build/bdist.linux-x86_64/wheel/./jev/kernels
2026-10-03T14:25:51.0468116Z copying build/lib/jev/kernels/final_score.py -> build/bdist.linux-x86_64/wheel/./jev/kernels
2026-10-03T14:25:51.0470058Z copying build/lib/jev/kernels/__init__.py -> build/bdist.linux-x86_64/wheel/./jev/kernels
2026-10-03T14:25:51.0472028Z copying build/lib/jev/case_drone.py -> build/bdist.linux-x86_64/wheel/./jev
2026-10-03T14:25:51.0474427Z copying build/lib/jev/case_reasoning.py -> build/bdist.linux-x86_64/wheel/./jev
2026-10-03T14:25:51.0476641Z copying build/lib/jev/case_phone_extraction.py -> build/bdist.linux-x86_64/wheel/./jev
2026-10-03T14:25:51.0479059Z copying build/lib/jev/workflows.py -> build/bdist.linux-x86_64/wheel/./jev
2026-10-03T14:25:51.0481400Z copying build/lib/jev/games.py -> build/bdist.linux-x86_64/wheel/./jev
2026-10-03T14:25:51.0483676Z copying build/lib/jev/predict.py -> build/bdist.linux-x86_64/wheel/./jev
2026-10-03T14:25:51.0485709Z copying build/lib/jev/recipes.py -> build/bdist.linux-x86_64/wheel/./jev
2026-10-03T14:25:51.0488065Z copying build/lib/jev/shared_resources.py -> build/bdist.linux-x86_64/wheel/./jev
2026-10-03T14:25:51.0489987Z copying build/lib/jev/client.py -> build/bdist.linux-x86_64/wheel/./jev
2026-10-03T14:25:51.0492284Z copying build/lib/jev/train.py -> build/bdist.linux-x86_64/wheel/./jev
2026-10-03T14:25:51.0494584Z copying build/lib/jev/community.py -> build/bdist.linux-x86_64/wheel/./jev
2026-10-03T14:25:51.0496996Z copying build/lib/jev/policy_controls_v6.py -> build/bdist.linux-x86_64/wheel/./jev
2026-10-03T14:25:51.0499030Z copying build/lib/jev/inference_initialization.py -> build/bdist.linux-x86_64/wheel/./jev
2026-10-03T14:25:51.0500998Z copying build/lib/jev/community_routing_v3.py -> build/bdist.linux-x86_64/wheel/./jev
2026-10-03T14:25:51.0502987Z copying build/lib/jev/__init__.py -> build/bdist.linux-x86_64/wheel/./jev
2026-10-03T14:25:51.0504942Z copying build/lib/jev/case_email_selection.py -> build/bdist.linux-x86_64/wheel/./jev
2026-10-03T14:25:51.0507674Z copying build/lib/jev/eval_resources.py -> build/bdist.linux-x86_64/wheel/./jev
2026-10-03T14:25:51.0509484Z copying build/lib/jev/case_citation.py -> build/bdist.linux-x86_64/wheel/./jev
2026-10-03T14:25:51.0511887Z copying build/lib/jev/case_amount_extraction.py -> build/bdist.linux-x86_64/wheel/./jev
2026-10-03T14:25:51.0513852Z copying build/lib/jev/eval_frontier.py -> build/bdist.linux-x86_64/wheel/./jev
2026-10-03T14:25:51.0516241Z copying build/lib/jev/api.py -> build/bdist.linux-x86_64/wheel/./jev
2026-10-03T14:25:51.0518576Z copying build/lib/jev/mix_data.py -> build/bdist.linux-x86_64/wheel/./jev
2026-10-03T14:25:51.0520303Z copying build/lib/jev/data.py -> build/bdist.linux-x86_64/wheel/./jev
2026-10-03T14:25:51.0522911Z copying build/lib/jev/frontier_controls_v8.py -> build/bdist.linux-x86_64/wheel/./jev
2026-10-03T14:25:51.0524891Z copying build/lib/jev/train_distributed.py -> build/bdist.linux-x86_64/wheel/./jev
2026-10-03T14:25:51.0528208Z creating build/bdist.linux-x86_64/wheel/third_party
2026-10-03T14:25:51.0530617Z creating build/bdist.linux-x86_64/wheel/third_party/open_jev_fast
2026-10-03T14:25:51.0532386Z copying build/lib/third_party/open_jev_fast/LICENSE -> build/bdist.linux-x86_64/wheel/./third_party/open_jev_fast
2026-10-03T14:25:51.0534642Z copying build/lib/third_party/open_jev_fast/PROVENANCE.json -> build/bdist.linux-x86_64/wheel/./third_party/open_jev_fast
2026-10-03T14:25:51.0537033Z creating build/bdist.linux-x86_64/wheel/third_party/open_jev_fast/src
2026-10-03T14:25:51.0539092Z copying build/lib/third_party/open_jev_fast/src/fastmodel.py -> build/bdist.linux-x86_64/wheel/./third_party/open_jev_fast/src
2026-10-03T14:25:51.0541379Z copying build/lib/third_party/open_jev_fast/src/ext.py -> build/bdist.linux-x86_64/wheel/./third_party/open_jev_fast/src
2026-10-03T14:25:51.0543343Z copying build/lib/third_party/open_jev_fast/src/lt_ext.py -> build/bdist.linux-x86_64/wheel/./third_party/open_jev_fast/src
2026-10-03T14:25:51.0545265Z copying build/lib/third_party/open_jev_fast/src/kernels.cu -> build/bdist.linux-x86_64/wheel/./third_party/open_jev_fast/src
2026-10-03T14:25:51.0549495Z copying build/lib/third_party/open_jev_fast/src/lt.cpp -> build/bdist.linux-x86_64/wheel/./third_party/open_jev_fast/src
2026-10-03T14:25:51.0551363Z copying build/lib/third_party/open_jev_fast/src/__init__.py -> build/bdist.linux-x86_64/wheel/./third_party/open_jev_fast/src
2026-10-03T14:25:51.0553316Z copying build/lib/third_party/open_jev_fast/THIRD_PARTY_NOTICES.md -> build/bdist.linux-x86_64/wheel/./third_party/open_jev_fast
2026-10-03T14:25:51.0555236Z copying build/lib/third_party/open_jev_fast/__init__.py -> build/bdist.linux-x86_64/wheel/./third_party/open_jev_fast
2026-10-03T14:25:51.0557372Z copying build/lib/third_party/__init__.py -> build/bdist.linux-x86_64/wheel/./third_party
2026-10-03T14:25:51.0558800Z running install_egg_info
2026-10-03T14:25:51.0570011Z Copying open_jev.egg-info to build/bdist.linux-x86_64/wheel/./open_jev-0.1.0.dev0-py3.10.egg-info
2026-10-03T14:25:51.0579093Z running install_scripts
2026-10-03T14:25:51.0590411Z creating build/bdist.linux-x86_64/wheel/open_jev-0.1.0.dev0.dist-info/WHEEL
2026-10-03T14:25:51.0595887Z creating '/home/runner/work/Open-Jev/Open-Jev/dist/.tmp-aggiab3u/open_jev-0.1.0.dev0-py3-none-any.whl' and adding 'build/bdist.linux-x86_64/wheel' to it
2026-10-03T14:25:51.0599821Z adding 'jev/__init__.py'
2026-10-03T14:25:51.0604023Z adding 'jev/api.py'
2026-10-03T14:25:51.0612341Z adding 'jev/boundary_controls_v7.py'
2026-10-03T14:25:51.0622362Z adding 'jev/case_amount_extraction.py'
2026-10-03T14:25:51.0630613Z adding 'jev/case_browser.py'
2026-10-03T14:25:51.0636136Z adding 'jev/case_citation.py'
2026-10-03T14:25:51.0643222Z adding 'jev/case_customer.py'
2026-10-03T14:25:51.0649809Z adding 'jev/case_doom.py'
2026-10-03T14:25:51.0657884Z adding 'jev/case_drone.py'
2026-10-03T14:25:51.0664476Z adding 'jev/case_email_selection.py'
2026-10-03T14:25:51.0671497Z adding 'jev/case_entity_alignment.py'
2026-10-03T14:25:51.0680643Z adding 'jev/case_phone_extraction.py'
2026-10-03T14:25:51.0688226Z adding 'jev/case_reasoning.py'
2026-10-03T14:25:51.0694303Z adding 'jev/case_sponsor_segments.py'
2026-10-03T14:25:51.0700819Z adding 'jev/case_wikiracing.py'
2026-10-03T14:25:51.0708309Z adding 'jev/case_workflows.py'
2026-10-03T14:25:51.0711007Z adding 'jev/client.py'
2026-10-03T14:25:51.0720782Z adding 'jev/community.py'
2026-10-03T14:25:51.0743177Z adding 'jev/community_diversity_v2.py'
2026-10-03T14:25:51.0750864Z adding 'jev/community_routing_v3.py'
2026-10-03T14:25:51.0763601Z adding 'jev/community_workflow_v3.py'
2026-10-03T14:25:51.0770321Z adding 'jev/context_retention_data.py'
2026-10-03T14:25:51.0779305Z adding 'jev/data.py'
2026-10-03T14:25:51.0782714Z adding 'jev/doom_control.py'
2026-10-03T14:25:51.0790980Z adding 'jev/eval_frontier.py'
2026-10-03T14:25:51.0797504Z adding 'jev/eval_resources.py'
2026-10-03T14:25:51.0802051Z adding 'jev/fast_backend.py'
2026-10-03T14:25:51.0807349Z adding 'jev/frontier_controls_v4.py'
2026-10-03T14:25:51.0817155Z adding 'jev/frontier_controls_v8.py'
2026-10-03T14:25:51.0820873Z adding 'jev/game_cli.py'
2026-10-03T14:25:51.0837390Z adding 'jev/games.py'
2026-10-03T14:25:51.0842096Z adding 'jev/inference_initialization.py'
2026-10-03T14:25:51.0847150Z adding 'jev/ir_data.py'
2026-10-03T14:25:51.0852984Z adding 'jev/ir_eval.py'
2026-10-03T14:25:51.0859525Z adding 'jev/mailroom_audit.py'
2026-10-03T14:25:51.0866880Z adding 'jev/mailroom_data.py'
2026-10-03T14:25:51.0871013Z adding 'jev/mailroom_probe.py'
2026-10-03T14:25:51.0875499Z adding 'jev/metrics.py'
2026-10-03T14:25:51.0879149Z adding 'jev/mix_data.py'
2026-10-03T14:25:51.0885621Z adding 'jev/model.py'
2026-10-03T14:25:51.0891673Z adding 'jev/painting.py'
2026-10-03T14:25:51.0897673Z adding 'jev/policy_controls_v6.py'
2026-10-03T14:25:51.0900717Z adding 'jev/predict.py'
2026-10-03T14:25:51.0907250Z adding 'jev/prefix_cache.py'
2026-10-03T14:25:51.0910850Z adding 'jev/public_data.py'
2026-10-03T14:25:51.0916604Z adding 'jev/recipes.py'
2026-10-03T14:25:51.0920522Z adding 'jev/server.py'
2026-10-03T14:25:51.0924573Z adding 'jev/serving.py'
2026-10-03T14:25:51.0930106Z adding 'jev/sharded_model.py'
2026-10-03T14:25:51.0938563Z adding 'jev/shared_resources.py'
2026-10-03T14:25:51.0944976Z adding 'jev/silent_failure_data.py'
2026-10-03T14:25:51.0956043Z adding 'jev/sql_semantics_v3.py'
2026-10-03T14:25:51.0960150Z adding 'jev/temporal_windows_v5.py'
2026-10-03T14:25:51.0970907Z adding 'jev/train.py'
2026-10-03T14:25:51.0983079Z adding 'jev/train_distributed.py'
2026-10-03T14:25:51.0987627Z adding 'jev/wanli_data.py'
2026-10-03T14:25:51.0996653Z adding 'jev/workflows.py'
2026-10-03T14:25:51.0999719Z adding 'jev/kernels/__init__.py'
2026-10-03T14:25:51.1002838Z adding 'jev/kernels/final_score.py'
2026-10-03T14:25:51.1005722Z adding 'jev/kernels/triton_tail.py'
2026-10-03T14:25:51.1010507Z adding 'open_jev-0.1.0.dev0.dist-info/licenses/LICENSE'
2026-10-03T14:25:51.1013107Z adding 'third_party/__init__.py'
2026-10-03T14:25:51.1016079Z adding 'third_party/open_jev_fast/LICENSE'
2026-10-03T14:25:51.1019029Z adding 'third_party/open_jev_fast/PROVENANCE.json'
2026-10-03T14:25:51.1023128Z adding 'third_party/open_jev_fast/THIRD_PARTY_NOTICES.md'
2026-10-03T14:25:51.1025458Z adding 'third_party/open_jev_fast/__init__.py'
2026-10-03T14:25:51.1028574Z adding 'third_party/open_jev_fast/src/__init__.py'
2026-10-03T14:25:51.1031858Z adding 'third_party/open_jev_fast/src/ext.py'
2026-10-03T14:25:51.1042437Z adding 'third_party/open_jev_fast/src/fastmodel.py'
2026-10-03T14:25:51.1094109Z adding 'third_party/open_jev_fast/src/kernels.cu'
2026-10-03T14:25:51.1100244Z adding 'third_party/open_jev_fast/src/lt.cpp'
2026-10-03T14:25:51.1102953Z adding 'third_party/open_jev_fast/src/lt_ext.py'
2026-10-03T14:25:51.1115020Z adding 'open_jev-0.1.0.dev0.dist-info/METADATA'
2026-10-03T14:25:51.1117425Z adding 'open_jev-0.1.0.dev0.dist-info/WHEEL'
2026-10-03T14:25:51.1119685Z adding 'open_jev-0.1.0.dev0.dist-info/entry_points.txt'
2026-10-03T14:25:51.1120994Z adding 'open_jev-0.1.0.dev0.dist-info/top_level.txt'
2026-10-03T14:25:51.1125921Z adding 'open_jev-0.1.0.dev0.dist-info/RECORD'
2026-10-03T14:25:51.1129771Z removing build/bdist.linux-x86_64/wheel
2026-10-03T14:25:51.1483417Z Successfully built open_jev-0.1.0.dev0-py3-none-any.whl
2026-10-03T14:25:51.1666810Z ##[group]Run python - <<'PY'
2026-10-03T14:25:51.1667207Z [36;1mpython - <<'PY'[0m
2026-10-03T14:25:51.1667520Z [36;1mfrom pathlib import Path[0m
2026-10-03T14:25:51.1667888Z [36;1mfrom zipfile import ZipFile[0m
2026-10-03T14:25:51.1668275Z [36;1mwheel = next(Path('dist').glob('*.whl'))[0m
2026-10-03T14:25:51.1668662Z [36;1mrequired = {[0m
2026-10-03T14:25:51.1668974Z [36;1m    'jev/kernels/triton_tail.py',[0m
2026-10-03T14:25:51.1669403Z [36;1m    'third_party/open_jev_fast/src/fastmodel.py',[0m
2026-10-03T14:25:51.1669870Z [36;1m    'third_party/open_jev_fast/src/kernels.cu',[0m
2026-10-03T14:25:51.1670305Z [36;1m    'third_party/open_jev_fast/src/lt.cpp',[0m
2026-10-03T14:25:51.1670710Z [36;1m    'third_party/open_jev_fast/LICENSE',[0m
2026-10-03T14:25:51.1671135Z [36;1m    'third_party/open_jev_fast/PROVENANCE.json',[0m
2026-10-03T14:25:51.1671610Z [36;1m    'third_party/open_jev_fast/THIRD_PARTY_NOTICES.md',[0m
2026-10-03T14:25:51.1672045Z [36;1m}[0m
2026-10-03T14:25:51.1672307Z [36;1mwith ZipFile(wheel) as package:[0m
2026-10-03T14:25:51.1672748Z [36;1m    assert required <= set(package.namelist()), required - set(package.namelist())[0m
2026-10-03T14:25:51.1673343Z [36;1mPY[0m
2026-10-03T14:25:51.1736459Z shell: /usr/bin/bash -e {0}
2026-10-03T14:25:51.1736706Z env:
2026-10-03T14:25:51.1736968Z   pythonLocation: /opt/hostedtoolcache/Python/3.10.21/x64
2026-10-03T14:25:51.1737410Z   PKG_CONFIG_PATH: /opt/hostedtoolcache/Python/3.10.21/x64/lib/pkgconfig
2026-10-03T14:25:51.1737842Z   Python_ROOT_DIR: /opt/hostedtoolcache/Python/3.10.21/x64
2026-10-03T14:25:51.1738223Z   Python2_ROOT_DIR: /opt/hostedtoolcache/Python/3.10.21/x64
2026-10-03T14:25:51.1738600Z   Python3_ROOT_DIR: /opt/hostedtoolcache/Python/3.10.21/x64
2026-10-03T14:25:51.1738984Z   LD_LIBRARY_PATH: /opt/hostedtoolcache/Python/3.10.21/x64/lib
2026-10-03T14:25:51.1739306Z ##[endgroup]
2026-10-03T14:25:51.2215329Z Post job cleanup.
2026-10-03T14:25:51.3410119Z (node:7108) [DEP0040] DeprecationWarning: The `punycode` module is deprecated. Please use a userland alternative instead.
2026-10-03T14:25:51.3411147Z (Use `node --trace-deprecation ...` to show where the warning was created)
2026-10-03T14:25:51.3603238Z Post job cleanup.
2026-10-03T14:25:51.4483544Z [command]/usr/bin/git version
2026-10-03T14:25:51.4526249Z git version 2.55.0
2026-10-03T14:25:51.4578676Z Temporarily overriding HOME='/home/runner/work/_temp/8dcc0841-681a-42de-9c50-5d0e0948140e' before making global git config changes
2026-10-03T14:25:51.4606276Z Adding repository directory to the temporary git global config as a safe directory
2026-10-03T14:25:51.4607342Z [command]/usr/bin/git config --global --add safe.directory /home/runner/work/Open-Jev/Open-Jev
2026-10-03T14:25:51.4608862Z [command]/usr/bin/git config --local --name-only --get-regexp core\.sshCommand
2026-10-03T14:25:51.4646731Z [command]/usr/bin/git submodule foreach --recursive sh -c "git config --local --name-only --get-regexp 'core\.sshCommand' && git config --local --unset-all 'core.sshCommand' || :"
2026-10-03T14:25:51.4977666Z [command]/usr/bin/git config --local --name-only --get-regexp http\.https\:\/\/github\.com\/\.extraheader
2026-10-03T14:25:51.5029856Z http.https://github.com/.extraheader
2026-10-03T14:25:51.5048722Z [command]/usr/bin/git config --local --unset-all http.https://github.com/.extraheader
2026-10-03T14:25:51.5093013Z [command]/usr/bin/git submodule foreach --recursive sh -c "git config --local --name-only --get-regexp 'http\.https\:\/\/github\.com\/\.extraheader' && git config --local --unset-all 'http.https://github.com/.extraheader' || :"
2026-10-03T14:25:51.5436060Z [command]/usr/bin/git config --local --name-only --get-regexp ^includeIf\.gitdir:
2026-10-03T14:25:51.5486655Z [command]/usr/bin/git submodule foreach --recursive git config --local --show-origin --name-only --get-regexp remote.origin.url
2026-10-03T14:25:51.5911096Z Cleaning up orphan processes
2026-10-03T14:25:51.6240063Z ##[warning]Node.js 20 is deprecated. The following actions target Node.js 20 but are being forced to run on Node.js 24: actions/checkout@v4, actions/setup-python@v5. For more information see: https://github.blog/changelog/2025-09-19-deprecation-of-node-20-on-github-actions-runners/
