2026-10-03T13:21:21.6606359Z Current runner version: '2.337.0'
2026-10-03T13:21:21.6632037Z ##[group]Runner Image Provisioner
2026-10-03T13:21:21.6632941Z Hosted Compute Agent
2026-10-03T13:21:21.6633551Z Version: 20260901.588
2026-10-03T13:21:21.6634328Z Commit: f88ec8081b781fac6c440065ac7ff9e710ce3d0b
2026-10-03T13:21:21.6635131Z Build Date: 2026-09-01T19:56:44Z
2026-10-03T13:21:21.6635956Z Worker ID: {fa0bab0e-f5c6-4c8f-8fbc-8a50a4d7d62d}
2026-10-03T13:21:21.6636717Z Azure Region: westus
2026-10-03T13:21:21.6637331Z ##[endgroup]
2026-10-03T13:21:21.6638927Z ##[group]Operating System
2026-10-03T13:21:21.6639632Z Ubuntu
2026-10-03T13:21:21.6640235Z 24.04.5
2026-10-03T13:21:21.6641006Z LTS
2026-10-03T13:21:21.6641588Z ##[endgroup]
2026-10-03T13:21:21.6642224Z ##[group]Runner Image
2026-10-03T13:21:21.6642945Z Image: ubuntu-24.04
2026-10-03T13:21:21.6643618Z Version: 20260927.320.1
2026-10-03T13:21:21.6644891Z Included Software: https://github.com/actions/runner-images/blob/ubuntu24/20260927.320/images/ubuntu/Ubuntu2404-Readme.md
2026-10-03T13:21:21.6646481Z Image Release: https://github.com/actions/runner-images/releases/tag/ubuntu24%2F20260927.320
2026-10-03T13:21:21.6647528Z ##[endgroup]
2026-10-03T13:21:21.6648750Z ##[group]GITHUB_TOKEN Permissions
2026-10-03T13:21:21.6651030Z Contents: read
2026-10-03T13:21:21.6651823Z Metadata: read
2026-10-03T13:21:21.6652524Z Packages: read
2026-10-03T13:21:21.6653105Z ##[endgroup]
2026-10-03T13:21:21.6655240Z Secret source: Actions
2026-10-03T13:21:21.6656292Z Cache mode: write
2026-10-03T13:21:21.6657136Z Prepare workflow directory
2026-10-03T13:21:21.7033693Z Prepare all required actions
2026-10-03T13:21:21.7099572Z Getting action download info
2026-10-03T13:21:22.0894651Z Download action repository 'actions/checkout@v4' (SHA:11d5960a326750d5838078e36cf38b85af677262)
2026-10-03T13:21:22.2046040Z Download action repository 'actions/setup-python@v5' (SHA:a26af69be951a213d495a4c3e4e4022e16d87065)
2026-10-03T13:21:22.3898468Z Complete job name: portable (3.10)
2026-10-03T13:21:22.4667506Z ##[group]Run actions/checkout@v4
2026-10-03T13:21:22.4668411Z with:
2026-10-03T13:21:22.4668893Z   repository: Zefan-Cai/Open-Jev
2026-10-03T13:21:22.4673201Z   token: ***
2026-10-03T13:21:22.4673656Z   ssh-strict: true
2026-10-03T13:21:22.4674111Z   ssh-user: git
2026-10-03T13:21:22.4674573Z   persist-credentials: true
2026-10-03T13:21:22.4675074Z   clean: true
2026-10-03T13:21:22.4675535Z   sparse-checkout-cone-mode: true
2026-10-03T13:21:22.4676085Z   fetch-depth: 1
2026-10-03T13:21:22.4676532Z   fetch-tags: false
2026-10-03T13:21:22.4676991Z   show-progress: true
2026-10-03T13:21:22.4677450Z   lfs: false
2026-10-03T13:21:22.4677870Z   submodules: false
2026-10-03T13:21:22.4678329Z   set-safe-directory: true
2026-10-03T13:21:22.4678852Z   allow-unsafe-pr-checkout: false
2026-10-03T13:21:22.4679657Z ##[endgroup]
2026-10-03T13:21:22.5689811Z Syncing repository: Zefan-Cai/Open-Jev
2026-10-03T13:21:22.5692232Z ##[group]Getting Git version info
2026-10-03T13:21:22.5693465Z Working directory is '/home/runner/work/Open-Jev/Open-Jev'
2026-10-03T13:21:22.5695136Z [command]/usr/bin/git version
2026-10-03T13:21:22.5784582Z git version 2.55.0
2026-10-03T13:21:22.5811422Z ##[endgroup]
2026-10-03T13:21:22.5828754Z Temporarily overriding HOME='/home/runner/work/_temp/8af04d95-6d9e-4b92-a966-097e51ea1594' before making global git config changes
2026-10-03T13:21:22.5831647Z Adding repository directory to the temporary git global config as a safe directory
2026-10-03T13:21:22.5837424Z [command]/usr/bin/git config --global --add safe.directory /home/runner/work/Open-Jev/Open-Jev
2026-10-03T13:21:22.5897020Z Deleting the contents of '/home/runner/work/Open-Jev/Open-Jev'
2026-10-03T13:21:22.5902585Z ##[group]Initializing the repository
2026-10-03T13:21:22.5906842Z [command]/usr/bin/git init /home/runner/work/Open-Jev/Open-Jev
2026-10-03T13:21:22.6015989Z hint: Using 'master' as the name for the initial branch. This default branch name
2026-10-03T13:21:22.6017121Z hint: will change to "main" in Git 3.0. To configure the initial branch name
2026-10-03T13:21:22.6018982Z hint: to use in all of your new repositories, which will suppress this warning,
2026-10-03T13:21:22.6019878Z hint: call:
2026-10-03T13:21:22.6020974Z hint:
2026-10-03T13:21:22.6021964Z hint: 	git config --global init.defaultBranch <name>
2026-10-03T13:21:22.6023133Z hint:
2026-10-03T13:21:22.6024215Z hint: Names commonly chosen instead of 'master' are 'main', 'trunk' and
2026-10-03T13:21:22.6025910Z hint: 'development'. The just-created branch can be renamed via this command:
2026-10-03T13:21:22.6027254Z hint:
2026-10-03T13:21:22.6027982Z hint: 	git branch -m <name>
2026-10-03T13:21:22.6028800Z hint:
2026-10-03T13:21:22.6030207Z hint: Disable this message with "git config set advice.defaultBranchName false"
2026-10-03T13:21:22.6032612Z Initialized empty Git repository in /home/runner/work/Open-Jev/Open-Jev/.git/
2026-10-03T13:21:22.6036690Z [command]/usr/bin/git remote add origin https://github.com/Zefan-Cai/Open-Jev
2026-10-03T13:21:22.6083012Z ##[endgroup]
2026-10-03T13:21:22.6084239Z ##[group]Disabling automatic garbage collection
2026-10-03T13:21:22.6088281Z [command]/usr/bin/git config --local gc.auto 0
2026-10-03T13:21:22.6144025Z ##[endgroup]
2026-10-03T13:21:22.6146103Z ##[group]Setting up auth
2026-10-03T13:21:22.6148044Z [command]/usr/bin/git config --local --name-only --get-regexp core\.sshCommand
2026-10-03T13:21:22.6197396Z [command]/usr/bin/git submodule foreach --recursive sh -c "git config --local --name-only --get-regexp 'core\.sshCommand' && git config --local --unset-all 'core.sshCommand' || :"
2026-10-03T13:21:22.6589942Z [command]/usr/bin/git config --local --name-only --get-regexp http\.https\:\/\/github\.com\/\.extraheader
2026-10-03T13:21:22.6628469Z [command]/usr/bin/git submodule foreach --recursive sh -c "git config --local --name-only --get-regexp 'http\.https\:\/\/github\.com\/\.extraheader' && git config --local --unset-all 'http.https://github.com/.extraheader' || :"
2026-10-03T13:21:22.6858839Z [command]/usr/bin/git config --local --name-only --get-regexp ^includeIf\.gitdir:
2026-10-03T13:21:22.6896509Z [command]/usr/bin/git submodule foreach --recursive git config --local --show-origin --name-only --get-regexp remote.origin.url
2026-10-03T13:21:22.7123558Z [command]/usr/bin/git config --local http.https://github.com/.extraheader AUTHORIZATION: basic ***
2026-10-03T13:21:22.7165649Z ##[endgroup]
2026-10-03T13:21:22.7167534Z ##[group]Fetching the repository
2026-10-03T13:21:22.7178695Z [command]/usr/bin/git -c protocol.version=2 fetch --no-tags --prune --no-recurse-submodules --depth=1 origin +a12cc3c462da8e44d1cf3e1ca3db2ea28b03edbf:refs/remotes/pull/29/merge
2026-10-03T13:21:24.5265939Z From https://github.com/Zefan-Cai/Open-Jev
2026-10-03T13:21:24.5266659Z  * [new ref]         a12cc3c462da8e44d1cf3e1ca3db2ea28b03edbf -> pull/29/merge
2026-10-03T13:21:24.5270064Z ##[endgroup]
2026-10-03T13:21:24.5271103Z ##[group]Determining the checkout info
2026-10-03T13:21:24.5273273Z ##[endgroup]
2026-10-03T13:21:24.5279125Z [command]/usr/bin/git sparse-checkout disable
2026-10-03T13:21:24.5330479Z [command]/usr/bin/git config --local --unset-all extensions.worktreeConfig
2026-10-03T13:21:24.5365190Z ##[group]Checking out the ref
2026-10-03T13:21:24.5368620Z [command]/usr/bin/git checkout --progress --force refs/remotes/pull/29/merge
2026-10-03T13:21:24.9499571Z Note: switching to 'refs/remotes/pull/29/merge'.
2026-10-03T13:21:24.9500171Z 
2026-10-03T13:21:24.9500633Z You are in 'detached HEAD' state. You can look around, make experimental
2026-10-03T13:21:24.9501921Z changes and commit them, and you can discard any commits you make in this
2026-10-03T13:21:24.9502990Z state without impacting any branches by switching back to a branch.
2026-10-03T13:21:24.9503632Z 
2026-10-03T13:21:24.9504099Z If you want to create a new branch to retain commits you create, you may
2026-10-03T13:21:24.9505106Z do so (now or later) by using -c with the switch command. Example:
2026-10-03T13:21:24.9505684Z 
2026-10-03T13:21:24.9505997Z   git switch -c <new-branch-name>
2026-10-03T13:21:24.9506806Z 
2026-10-03T13:21:24.9507056Z Or undo this operation with:
2026-10-03T13:21:24.9507432Z 
2026-10-03T13:21:24.9507667Z   git switch -
2026-10-03T13:21:24.9507987Z 
2026-10-03T13:21:24.9508475Z Turn off this advice by setting config variable advice.detachedHead to false
2026-10-03T13:21:24.9509191Z 
2026-10-03T13:21:24.9509959Z HEAD is now at a12cc3c Merge 6ab29413ee8a749d8f2f8483004aa030ad08ca50 into 9fb17ad1ada1b61fa79f23917140344c3932e366
2026-10-03T13:21:24.9534189Z ##[endgroup]
2026-10-03T13:21:24.9581500Z [command]/usr/bin/git log -1 --format=%H
2026-10-03T13:21:24.9610692Z a12cc3c462da8e44d1cf3e1ca3db2ea28b03edbf
2026-10-03T13:21:24.9891411Z ##[group]Run actions/setup-python@v5
2026-10-03T13:21:24.9891793Z with:
2026-10-03T13:21:24.9892051Z   python-version: 3.10
2026-10-03T13:21:24.9892329Z   check-latest: false
2026-10-03T13:21:24.9895330Z   token: ***
2026-10-03T13:21:24.9962380Z   update-environment: true
2026-10-03T13:21:24.9962819Z   allow-prereleases: false
2026-10-03T13:21:24.9963195Z   freethreaded: false
2026-10-03T13:21:24.9963568Z ##[endgroup]
2026-10-03T13:21:25.1287414Z ##[group]Installed versions
2026-10-03T13:21:25.1373937Z (node:2270) [DEP0040] DeprecationWarning: The `punycode` module is deprecated. Please use a userland alternative instead.
2026-10-03T13:21:25.1375438Z (Use `node --trace-deprecation ...` to show where the warning was created)
2026-10-03T13:21:25.1376309Z Successfully set up CPython (3.10.21)
2026-10-03T13:21:25.1377273Z ##[endgroup]
2026-10-03T13:21:25.1550355Z ##[group]Run python -m pip install build
2026-10-03T13:21:25.1551196Z [36;1mpython -m pip install build[0m
2026-10-03T13:21:25.1845429Z shell: /usr/bin/bash -e {0}
2026-10-03T13:21:25.1845823Z env:
2026-10-03T13:21:25.1846166Z   pythonLocation: /opt/hostedtoolcache/Python/3.10.21/x64
2026-10-03T13:21:25.1846716Z   PKG_CONFIG_PATH: /opt/hostedtoolcache/Python/3.10.21/x64/lib/pkgconfig
2026-10-03T13:21:25.1847232Z   Python_ROOT_DIR: /opt/hostedtoolcache/Python/3.10.21/x64
2026-10-03T13:21:25.1847677Z   Python2_ROOT_DIR: /opt/hostedtoolcache/Python/3.10.21/x64
2026-10-03T13:21:25.1848150Z   Python3_ROOT_DIR: /opt/hostedtoolcache/Python/3.10.21/x64
2026-10-03T13:21:25.1848591Z   LD_LIBRARY_PATH: /opt/hostedtoolcache/Python/3.10.21/x64/lib
2026-10-03T13:21:25.1848975Z ##[endgroup]
2026-10-03T13:21:26.0120570Z Collecting build
2026-10-03T13:21:26.0668201Z   Downloading build-1.6.1-py3-none-any.whl.metadata (5.6 kB)
2026-10-03T13:21:26.0859716Z Collecting packaging>=24.0 (from build)
2026-10-03T13:21:26.0891914Z   Downloading packaging-26.3-py3-none-any.whl.metadata (3.5 kB)
2026-10-03T13:21:26.0994189Z Collecting pyproject_hooks (from build)
2026-10-03T13:21:26.1023055Z   Downloading pyproject_hooks-1.3.3-py3-none-any.whl.metadata (1.3 kB)
2026-10-03T13:21:26.1376143Z Collecting tomli>=1.1.0 (from build)
2026-10-03T13:21:26.1417905Z   Downloading tomli-2.4.1-py3-none-any.whl.metadata (10 kB)
2026-10-03T13:21:26.1488108Z Downloading build-1.6.1-py3-none-any.whl (31 kB)
2026-10-03T13:21:26.1574431Z Downloading packaging-26.3-py3-none-any.whl (129 kB)
2026-10-03T13:21:26.1700481Z Downloading tomli-2.4.1-py3-none-any.whl (14 kB)
2026-10-03T13:21:26.1753045Z Downloading pyproject_hooks-1.3.3-py3-none-any.whl (10 kB)
2026-10-03T13:21:26.2250469Z Installing collected packages: tomli, pyproject_hooks, packaging, build
2026-10-03T13:21:26.3399194Z 
2026-10-03T13:21:26.3414053Z Successfully installed build-1.6.1 packaging-26.3 pyproject_hooks-1.3.3 tomli-2.4.1
2026-10-03T13:21:26.3911885Z ##[group]Run python -m unittest discover -s tests -v
2026-10-03T13:21:26.3912358Z [36;1mpython -m unittest discover -s tests -v[0m
2026-10-03T13:21:26.3978357Z shell: /usr/bin/bash -e {0}
2026-10-03T13:21:26.3978615Z env:
2026-10-03T13:21:26.3978886Z   pythonLocation: /opt/hostedtoolcache/Python/3.10.21/x64
2026-10-03T13:21:26.3979331Z   PKG_CONFIG_PATH: /opt/hostedtoolcache/Python/3.10.21/x64/lib/pkgconfig
2026-10-03T13:21:26.3979767Z   Python_ROOT_DIR: /opt/hostedtoolcache/Python/3.10.21/x64
2026-10-03T13:21:26.3980151Z   Python2_ROOT_DIR: /opt/hostedtoolcache/Python/3.10.21/x64
2026-10-03T13:21:26.3980924Z   Python3_ROOT_DIR: /opt/hostedtoolcache/Python/3.10.21/x64
2026-10-03T13:21:26.3981336Z   LD_LIBRARY_PATH: /opt/hostedtoolcache/Python/3.10.21/x64/lib
2026-10-03T13:21:26.3981662Z ##[endgroup]
2026-10-03T13:21:28.0163240Z test_case_family_split_and_all_candidate_coverage_are_checked (test_amount_extraction_control.AmountCorpusAuditTest) ... ok
2026-10-03T13:21:28.0200082Z test_generator_refuses_existing_dataset (test_amount_extraction_control.AmountCorpusAuditTest) ... ok
2026-10-03T13:21:28.1423564Z test_hidden_labels_and_metadata_do_not_enter_candidate_prompts (test_amount_extraction_control.AmountCorpusAuditTest) ... ok
2026-10-03T13:21:28.3300080Z test_joint_selection_reference_and_target_mutation_is_rejected (test_amount_extraction_control.AmountCorpusAuditTest) ... ok
2026-10-03T13:21:28.7280150Z test_original_dataset_counts_recall_and_all_candidate_attributes (test_amount_extraction_control.AmountCorpusAuditTest) ... ok
2026-10-03T13:21:29.1229884Z test_output_exclusive_creation_preserves_concurrent_file (test_amount_extraction_control.AmountCorpusAuditTest) ... ok
2026-10-03T13:21:29.1329911Z test_output_rejects_dataset_paths_aliases_existing_files_and_symlinks (test_amount_extraction_control.AmountCorpusAuditTest) ... ok
2026-10-03T13:21:29.1459685Z test_source_hash_binding_and_unsealed_bytes_fail (test_amount_extraction_control.AmountCorpusAuditTest) ... ok
2026-10-03T13:21:29.4811782Z test_undefined_is_credit_cannot_gain_a_false_supervised_target (test_amount_extraction_control.AmountCorpusAuditTest) ... ok
2026-10-03T13:21:29.7987440Z test_visible_flow_mutation_and_wrong_normalization_are_independently_detected (test_amount_extraction_control.AmountCorpusAuditTest) ... ok
2026-10-03T13:21:29.8008389Z test_absent_unsupported_and_unrecalled_populated_fields_remain_distinct (test_amount_extraction_control.AmountRuntimeTest) ... ok
2026-10-03T13:21:29.8038673Z test_ascii_numeric_grammar_rejects_mixed_unicode_malformed_grouping_and_signs (test_amount_extraction_control.AmountRuntimeTest) ... ok
2026-10-03T13:21:29.8076184Z test_candidate_limit_no_candidates_and_actual_candidate_binding (test_amount_extraction_control.AmountRuntimeTest) ... ok
2026-10-03T13:21:29.8084115Z test_candidates_are_query_blind_and_preserve_original_character_offsets (test_amount_extraction_control.AmountRuntimeTest) ... ok
2026-10-03T13:21:29.8096414Z test_exact_long_decimal_credit_and_zero_ignore_decimal_context (test_amount_extraction_control.AmountRuntimeTest) ... ok
2026-10-03T13:21:29.8122746Z test_independent_candidate_scanner_matches_prefix_suffix_and_boundary_cases (test_amount_extraction_control.AmountRuntimeTest) ... ok
2026-10-03T13:21:29.8124996Z test_locale_headers_are_required_unique_and_consistent (test_amount_extraction_control.AmountRuntimeTest) ... ok
2026-10-03T13:21:29.8136864Z test_partial_candidates_cannot_be_rescued_by_counterfeit_predictions (test_amount_extraction_control.AmountRuntimeTest) ... ok
2026-10-03T13:21:29.8142763Z test_same_value_different_offsets_and_duplicate_target_roles (test_amount_extraction_control.AmountRuntimeTest) ... ok
2026-10-03T13:21:29.8171134Z test_unsigned_signed_conflicting_and_unknown_directions (test_amount_extraction_control.AmountRuntimeTest) ... ok
2026-10-03T13:21:29.8208845Z test_visible_currency_markers_declarations_and_unsupported_currency (test_amount_extraction_control.AmountRuntimeTest) ... ok
2026-10-03T13:21:29.8250408Z test_changed_artifact_manifest_and_producer_fail_before_dispatch (test_amount_service.AmountDriverFixtures) ... ok
2026-10-03T13:21:29.8354952Z test_driver_preserves_actual_wire_and_labels_fixture_evidence (test_amount_service.AmountDriverFixtures) ... ok
2026-10-03T13:21:29.8423273Z test_failed_default_http_path_never_marks_model_quality_evidence (test_amount_service.AmountDriverFixtures) ... ok
2026-10-03T13:21:29.8492525Z test_interruption_during_b_retains_a_and_all_fixed_denominators (test_amount_service.AmountDriverFixtures) ... ok
2026-10-03T13:21:29.8498638Z test_invalid_identity_split_and_transport_flags_fail_before_dispatch (test_amount_service.AmountDriverFixtures) ... ok
2026-10-03T13:21:29.8538992Z test_loader_never_decodes_nonheldout_or_typed_targets (test_amount_service.AmountDriverFixtures) ... ok
2026-10-03T13:21:29.8568836Z test_outputs_cannot_overwrite_data_or_follow_output_symlink (test_amount_service.AmountDriverFixtures) ... ok
2026-10-03T13:21:29.8662463Z test_postrun_artifact_change_invalidates_evidence (test_amount_service.AmountDriverFixtures) ... ok
2026-10-03T13:21:29.8685348Z test_absent_and_ambiguous_refusals_have_no_unique_target_denominator (test_amount_service.AmountPipelineFixtures) ... ok
2026-10-03T13:21:29.8728349Z test_b_http_schema_and_identity_failure_preserve_a (test_amount_service.AmountPipelineFixtures) ... ok
2026-10-03T13:21:29.8751664Z test_b_uses_actual_wrong_role_even_when_presence_is_false (test_amount_service.AmountPipelineFixtures) ... ok
2026-10-03T13:21:29.8773708Z test_equal_amount_at_other_offset_is_not_extraction_success (test_amount_service.AmountPipelineFixtures) ... ok
2026-10-03T13:21:29.8786337Z test_forced_single_none_still_requires_a_valid_response (test_amount_service.AmountPipelineFixtures) ... ok
2026-10-03T13:21:29.8805802Z test_metadata_locks_before_invalid_a_answers (test_amount_service.AmountPipelineFixtures) ... ok
2026-10-03T13:21:29.8816360Z test_miss_none_is_span_correct_but_never_extracted (test_amount_service.AmountPipelineFixtures) ... ok
2026-10-03T13:21:29.8836587Z test_partial_selection_cannot_be_repaired_by_predicted_known (test_amount_service.AmountPipelineFixtures) ... ok
2026-10-03T13:21:29.8859061Z test_predicted_known_cannot_make_unknown_reference_normalizable (test_amount_service.AmountPipelineFixtures) ... ok
2026-10-03T13:21:29.8878499Z test_presence_false_keeps_value_score_but_fails_complete_output (test_amount_service.AmountPipelineFixtures) ... ok
2026-10-03T13:21:29.8898254Z test_reference_currency_review_keeps_known_credit_denominator (test_amount_service.AmountPipelineFixtures) ... ok
2026-10-03T13:21:29.8937586Z test_reference_known_credit_scored_even_when_predicted_unknown (test_amount_service.AmountPipelineFixtures) ... ok
2026-10-03T13:21:29.9008135Z test_supported_currencies_signs_and_long_decimal_remain_exact (test_amount_service.AmountPipelineFixtures) ... ok
2026-10-03T13:21:29.9063173Z test_undefined_credit_still_requires_protocol_valid_probability (test_amount_service.AmountPipelineFixtures) ... ok
2026-10-03T13:21:29.9117014Z test_undefined_credit_valid_probabilities_do_not_change_defined_score (test_amount_service.AmountPipelineFixtures) ... ok
2026-10-03T13:21:29.9169820Z test_wrong_b_heads_collapsing_to_review_do_not_succeed (test_amount_service.AmountPipelineFixtures) ... ok
2026-10-03T13:21:29.9172534Z test_all_primitives_have_exact_typed_outputs (test_api.TypedAPITest) ... ok
2026-10-03T13:21:29.9408829Z test_api_cold_import_has_no_torch_dependency (test_api.TypedAPITest) ... ok
2026-10-03T13:21:29.9414048Z test_cardinality_and_primitive_validation (test_api.TypedAPITest) ... ok
2026-10-03T13:21:29.9415553Z test_input_mutation_does_not_modify_compiled_state (test_api.TypedAPITest) ... ok
2026-10-03T13:21:29.9418155Z test_invalid_model_probabilities_are_never_formatted_as_answers (test_api.TypedAPITest) ... ok
2026-10-03T13:21:29.9419949Z test_noul_accepts_optional_true_and_false_criteria (test_api.TypedAPITest) ... ok
2026-10-03T13:21:29.9423149Z test_question_ids_labels_targets_and_siblings_are_isolated (test_api.TypedAPITest) ... ok
2026-10-03T13:21:29.9424249Z test_score_sees_own_description_without_neighbor_or_number (test_api.TypedAPITest) ... ok
2026-10-03T13:21:29.9425540Z test_structured_descriptions_and_null_choice_descriptions (test_api.TypedAPITest) ... ok
2026-10-03T13:21:30.0234498Z test_cli_writes_fresh_receipt_and_sparse_stdout (test_audit_boundary_controls_v7.IndependentDirectoryTests) ... ok
2026-10-03T13:21:30.0627999Z test_complete_hand_authored_groups_and_structural_limits (test_audit_boundary_controls_v7.IndependentDirectoryTests) ... ok
2026-10-03T13:21:30.1563482Z test_condition_target_and_incomplete_group_rejected (test_audit_boundary_controls_v7.IndependentDirectoryTests) ... ok
2026-10-03T13:21:30.2318111Z test_directory_receipt_hashes_and_changed_bytes (test_audit_boundary_controls_v7.IndependentDirectoryTests) ... ok
2026-10-03T13:21:30.2826012Z test_kind_truth_coupled_structure_rejected (test_audit_boundary_controls_v7.IndependentDirectoryTests) ... ok
2026-10-03T13:21:30.3467333Z test_rehashed_wrong_rule_still_fails_independent_replay (test_audit_boundary_controls_v7.IndependentDirectoryTests) ... ok
2026-10-03T13:21:30.3473976Z test_gregorian_offset_manual_epoch_fixtures (test_audit_boundary_controls_v7.IndependentGoldTests) ... ok
2026-10-03T13:21:30.3475778Z test_integer_ledger_cancellation_negative_and_one_cent_without_float (test_audit_boundary_controls_v7.IndependentGoldTests) ... ok
2026-10-03T13:21:30.3478124Z test_joint_latest_valid_scope_and_minimum_capacity (test_audit_boundary_controls_v7.IndependentGoldTests) ... ok
2026-10-03T13:21:30.3479780Z test_policy_withdrawal_and_absence_precede_fraud_no_fallback (test_audit_boundary_controls_v7.IndependentGoldTests) ... ok
2026-10-03T13:21:30.3481612Z test_revocation_precedes_missing_consent (test_audit_boundary_controls_v7.IndependentGoldTests) ... ok
2026-10-03T13:21:30.3483095Z test_temporal_closed_endpoints_and_exception_precedence (test_audit_boundary_controls_v7.IndependentGoldTests) ... ok
2026-10-03T13:21:30.3486219Z test_visible_question_and_contract_mutations_rejected (test_audit_boundary_controls_v7.IndependentGoldTests) ... ok
2026-10-03T13:21:30.3487759Z test_exact_integer_and_boolean_types (test_audit_frontier_controls_v8.PrimitiveOracleTests) ... ok
2026-10-03T13:21:30.3489613Z test_money_format_is_exact_for_negative_and_large_cents (test_audit_frontier_controls_v8.PrimitiveOracleTests) ... ok
2026-10-03T13:21:30.3492551Z test_time_uses_absolute_instants_across_offsets_and_leap_day (test_audit_frontier_controls_v8.PrimitiveOracleTests) ... ok
2026-10-03T13:21:30.3495477Z test_account_closed_paused_unknown_active_priority_and_latest_status (test_audit_frontier_controls_v8.StateOracleTests) ... ok
2026-10-03T13:21:30.3499301Z test_canonical_balance_candidates_and_visible_proposition (test_audit_frontier_controls_v8.StateOracleTests) ... ok
2026-10-03T13:21:30.3502724Z test_composed_signed_ledgers_and_no_boolean_or_neutral_operands (test_audit_frontier_controls_v8.StateOracleTests) ... ok
2026-10-03T13:21:30.3505302Z test_department_fraud_before_missing_or_withdrawn_policy (test_audit_frontier_controls_v8.StateOracleTests) ... ok
2026-10-03T13:21:30.3508849Z test_department_normalization_preserves_unequal_components_under_reversal (test_audit_frontier_controls_v8.StateOracleTests) ... ok
2026-10-03T13:21:30.3511169Z test_foreign_reference_equality_is_preserved_even_when_gold_ignores_it (test_audit_frontier_controls_v8.StateOracleTests) ... ok
2026-10-03T13:21:30.3513908Z test_full_matcher_accepts_consistent_renaming_and_rejects_identity_merge (test_audit_frontier_controls_v8.StateOracleTests) ... ok
2026-10-03T13:21:30.3516908Z test_full_typed_presentation_matcher_preserves_all_ids_and_values (test_audit_frontier_controls_v8.StateOracleTests) ... ok
2026-10-03T13:21:30.3519052Z test_joint_exact_capacity_scope_and_revoke_before_missing_or_amount (test_audit_frontier_controls_v8.StateOracleTests) ... ok
2026-10-03T13:21:30.3521253Z test_joint_regrant_and_tied_authority (test_audit_frontier_controls_v8.StateOracleTests) ... ok
2026-10-03T13:21:30.3532948Z test_old_directory_and_symlink_are_rejected_before_any_row_read (test_audit_frontier_controls_v8.StateOracleTests) ... ok
2026-10-03T13:21:30.3535360Z test_policy_identity_normalization_ignores_mapping_key_order (test_audit_frontier_controls_v8.StateOracleTests) ... ok
2026-10-03T13:21:30.3547016Z test_provisional_split_hash_rejected_before_row_json_parse (test_audit_frontier_controls_v8.StateOracleTests) ... ok
2026-10-03T13:21:30.3550825Z test_refund_canonical_first_last_annotations_survive_verified_reversal (test_audit_frontier_controls_v8.StateOracleTests) ... ok
2026-10-03T13:21:30.3552793Z test_refund_recall_before_document_ineligibility_and_total_capacity (test_audit_frontier_controls_v8.StateOracleTests) ... ok
2026-10-03T13:21:30.3555243Z test_temporal_advance_and_duplicate_applicable_sequences (test_audit_frontier_controls_v8.StateOracleTests) ... ok
2026-10-03T13:21:30.3557374Z test_temporal_corrected_anchor_inclusive_endpoints_exception_and_invalid_records (test_audit_frontier_controls_v8.StateOracleTests) ... ok
2026-10-03T13:21:30.3559967Z test_topic_scope_exactness_and_duplicate_valid_revision (test_audit_frontier_controls_v8.StateOracleTests) ... ok
2026-10-03T13:21:30.3563006Z test_topics_resolve_all_authority_before_fraud_and_ignore_invalid_high_revision (test_audit_frontier_controls_v8.StateOracleTests) ... ok
2026-10-03T13:21:30.3565422Z test_visible_policy_and_proposition_gold_ignore_metadata_conditions (test_audit_frontier_controls_v8.StateOracleTests) ... ok
2026-10-03T13:21:30.3591757Z test_every_git_variable_scrubbed_and_exact_commit_used (test_audit_frontier_training_v8.CommittedSourceTests) ... ok
2026-10-03T13:21:30.3621219Z test_wrong_repository_root_or_source_bytes_rejected (test_audit_frontier_training_v8.CommittedSourceTests) ... ok
2026-10-03T13:21:30.3648576Z test_full_numeric_menu_origin_changes_block_but_shared_atom_alone_does_not (test_audit_frontier_training_v8.InputIsolationTests) ... ok
2026-10-03T13:21:30.3663321Z test_inherited_typed_query_clone_blocks_and_exports_no_old_body (test_audit_frontier_training_v8.InputIsolationTests) ... ok
2026-10-03T13:21:30.3668558Z test_noul_query_outcome_and_negation_cannot_be_ignored (test_audit_frontier_training_v8.InputIsolationTests) ... ok
2026-10-03T13:21:30.3674361Z test_option_rotation_and_invisible_metadata_do_not_disguise_compiled_copy (test_audit_frontier_training_v8.InputIsolationTests) ... ok
2026-10-03T13:21:30.3702677Z test_parent_closure_excludes_unmatched_siblings_without_label_selection (test_audit_frontier_training_v8.InputIsolationTests) ... ok
2026-10-03T13:21:30.3708661Z test_parent_identifier_cannot_cross_splits_with_different_facts (test_audit_frontier_training_v8.InputIsolationTests) ... ok
2026-10-03T13:21:30.3797744Z test_preserved_full_receipt_to_exact_declared_derivative_passes (test_audit_frontier_training_v8.InputIsolationTests) ... ok
2026-10-03T13:21:30.3806300Z test_reserved_to_reserved_collision_is_checked (test_audit_frontier_training_v8.InputIsolationTests) ... ok
2026-10-03T13:21:30.3814102Z test_subject_edges_are_preserved_independently (test_audit_frontier_training_v8.InputIsolationTests) ... ok
2026-10-03T13:21:30.3833501Z test_unreviewed_question_does_not_claim_proven_semantic_clone (test_audit_frontier_training_v8.InputIsolationTests) ... ok
2026-10-03T13:21:30.3864552Z test_actual_bytes_and_order_pass (test_audit_frontier_training_v8.StageIsolationTests) ... ok
2026-10-03T13:21:30.3866358Z test_blocked_preflight_fails_before_directory_read (test_audit_frontier_training_v8.StageIsolationTests) ... ok
2026-10-03T13:21:30.3893056Z test_changed_input_receipt_binding_rejected (test_audit_frontier_training_v8.StageIsolationTests) ... ok
2026-10-03T13:21:30.4014720Z test_declared_blocks_counts_and_membership_cannot_be_forged (test_audit_frontier_training_v8.StageIsolationTests) ... ok
2026-10-03T13:21:30.4066501Z test_missing_retained_or_changed_bytes_rejected (test_audit_frontier_training_v8.StageIsolationTests) ... ok
2026-10-03T13:21:30.4143035Z test_promotion_model_calls_or_executable_argv_is_rejected (test_audit_frontier_training_v8.StageIsolationTests) ... ok
2026-10-03T13:21:30.4206403Z test_reordered_or_mutated_row_is_rejected_even_if_manifest_self_consistent (test_audit_frontier_training_v8.StageIsolationTests) ... ok
2026-10-03T13:21:30.4296099Z test_unexpected_nonjsonl_jsonl_symlink_and_fifo_rejected_before_read (test_audit_frontier_training_v8.StageIsolationTests) ... ok
2026-10-03T13:21:30.4305045Z test_bad_probabilities_and_derived_fields_are_schema_failures (test_benchmark_generation.GenerationBenchmarkTest) ... ok
2026-10-03T13:21:30.4330710Z test_cli_rejects_unknown_contract_and_existing_outputs_before_model_loading (test_benchmark_generation.GenerationBenchmarkTest) ... ok
2026-10-03T13:21:30.4335028Z test_complete_typed_response_and_json_validate (test_benchmark_generation.GenerationBenchmarkTest) ... ok
2026-10-03T13:21:30.4338450Z test_contracts_are_explicit_and_never_inferred_from_output (test_benchmark_generation.GenerationBenchmarkTest) ... ok
2026-10-03T13:21:30.4341024Z test_generation_prompt_contains_same_state_all_questions_and_full_output (test_benchmark_generation.GenerationBenchmarkTest) ... ok
2026-10-03T13:21:30.4346592Z test_missing_questions_candidates_and_fields_are_coverage_failures (test_benchmark_generation.GenerationBenchmarkTest) ... ok
2026-10-03T13:21:30.4348087Z test_no_ratio_when_even_one_output_is_invalid (test_benchmark_generation.GenerationBenchmarkTest) ... ok
2026-10-03T13:21:30.4350807Z test_parse_failure_is_not_repaired (test_benchmark_generation.GenerationBenchmarkTest) ... ok
2026-10-03T13:21:30.4354419Z test_probability_json_rejects_fences_duplicate_keys_and_nonfinite_literals (test_benchmark_generation.GenerationBenchmarkTest) ... ok
2026-10-03T13:21:30.4359287Z test_probability_mapping_requires_exact_question_and_candidate_coverage (test_benchmark_generation.GenerationBenchmarkTest) ... ok
2026-10-03T13:21:30.4363857Z test_probability_mapping_uses_identical_typed_formatter_without_mutation (test_benchmark_generation.GenerationBenchmarkTest) ... ok
2026-10-03T13:21:30.4366737Z test_probability_prompt_retains_request_and_omits_derived_output_fields (test_benchmark_generation.GenerationBenchmarkTest) ... ok
2026-10-03T13:21:30.4373121Z test_probability_simplex_is_strict_and_invalid_numbers_are_not_repaired (test_benchmark_generation.GenerationBenchmarkTest) ... ok
2026-10-03T13:21:30.4386525Z test_timed_probability_trials_retain_raw_text_on_success_and_failure (test_benchmark_generation.GenerationBenchmarkTest) ... ok
2026-10-03T13:21:30.7252335Z test_complete_schema_split_counts_independent_replay_and_determinism (test_boundary_controls_v7.BoundaryControlsV7Tests) ... ok
2026-10-03T13:21:30.7466216Z test_condition_kind_truth_correct_position_and_action_coverage (test_boundary_controls_v7.BoundaryControlsV7Tests) ... ok
2026-10-03T13:21:31.2281786Z test_corrupt_target_proposal_incomplete_group_and_same_split_duplicate (test_boundary_controls_v7.BoundaryControlsV7Tests) ... ok
2026-10-03T13:21:31.6055320Z test_frozen_output_hashes_and_hidden_metadata_are_absent_from_prompts (test_boundary_controls_v7.BoundaryControlsV7Tests) ... ok
2026-10-03T13:21:31.6064035Z test_independent_replay_rejects_malformed_authority_facts (test_boundary_controls_v7.BoundaryControlsV7Tests) ... ok
2026-10-03T13:21:31.6070848Z test_joint_scope_sequence_revocation_missing_and_one_cent_mutations (test_boundary_controls_v7.BoundaryControlsV7Tests) ... ok
2026-10-03T13:21:31.6074947Z test_latest_authority_missing_withdrawal_and_fraud_priority_mutations (test_boundary_controls_v7.BoundaryControlsV7Tests) ... ok
2026-10-03T13:21:31.6156298Z test_numeric_signed_zero_cancelled_integer_money_and_nonmedian_gold (test_boundary_controls_v7.BoundaryControlsV7Tests) ... ok
2026-10-03T13:21:32.3331300Z test_separate_audit_rejects_changed_rules_conditions_and_labels (test_boundary_controls_v7.BoundaryControlsV7Tests) ... ok
2026-10-03T13:21:32.3396796Z test_structural_alternatives_cross_kind_and_noul_truth (test_boundary_controls_v7.BoundaryControlsV7Tests) ... ok
2026-10-03T13:21:32.3440615Z test_temporal_inclusive_offsets_exception_and_equivalent_negative (test_boundary_controls_v7.BoundaryControlsV7Tests) ... ok
2026-10-03T13:21:32.3442765Z test_exact_frozen_train_and_only_train_row_file_read (test_boundary_train_coverage.TrainCoverageTests) ... skipped 'Frozen Train artifact is not part of a clean checkout'
2026-10-03T13:21:32.3451248Z test_exact_state_margins_and_authority_blocked_exclusion (test_boundary_train_coverage.TrainCoverageTests) ... ok
2026-10-03T13:21:32.3457314Z test_missing_choice_action_and_no_input_mutation (test_boundary_train_coverage.TrainCoverageTests) ... ok
2026-10-03T13:21:32.3459512Z test_non_train_rows_rejected (test_boundary_train_coverage.TrainCoverageTests) ... ok
2026-10-03T13:21:32.3469531Z test_symlink_to_heldout_filename_rejected_before_read (test_boundary_train_coverage.TrainCoverageTests) ... ok
2026-10-03T13:21:32.3480149Z test_unsafe_heldout_filename_rejected_before_read (test_boundary_train_coverage.TrainCoverageTests) ... ok
2026-10-03T13:21:32.3485644Z test_wrong_hash_rejected_before_json_parsing (test_boundary_train_coverage.TrainCoverageTests) ... ok
2026-10-03T13:21:33.1817090Z test_disclosed_done_wait_blocked_precedence (test_browser_data.BrowserDataTest) ... ok
2026-10-03T13:21:34.5006169Z test_disk_roundtrip_preserves_runtime_indices_and_refuses_overwrite (test_browser_data.BrowserDataTest) ... ok
2026-10-03T13:21:34.5034938Z test_exact_scope_ignores_completed_or_busy_distractors (test_browser_data.BrowserDataTest) ... ok
2026-10-03T13:21:34.5535159Z test_forced_active_heads_are_counted_and_never_invent_candidates (test_browser_data.BrowserDataTest) ... ok
2026-10-03T13:21:35.0246482Z test_group_and_ood_isolation_and_determinism (test_browser_data.BrowserDataTest) ... ok
2026-10-03T13:21:35.0975454Z test_id_and_order_permutation_preserves_semantic_proposal (test_browser_data.BrowserDataTest) ... ok
2026-10-03T13:21:35.0994473Z test_injection_cannot_change_any_active_answer (test_browser_data.BrowserDataTest) ... ok
2026-10-03T13:21:35.1098203Z test_metadata_cannot_leak_into_model_prompts (test_browser_data.BrowserDataTest) ... ok
2026-10-03T13:21:35.1122802Z test_rejects_changed_runtime_questions_and_saved_answers (test_browser_data.BrowserDataTest) ... ok
2026-10-03T13:21:35.5024961Z test_rows_are_exact_runtime_inputs_with_only_active_labels (test_browser_data.BrowserDataTest) ... ok
2026-10-03T13:21:35.5562282Z test_same_snapshot_value_counterfactuals_require_the_goal (test_browser_data.BrowserDataTest) ... ok
2026-10-03T13:21:35.5590309Z test_unavailable_or_nonunique_values_are_blocked (test_browser_data.BrowserDataTest) ... ok
2026-10-03T13:21:35.7292087Z test_active_heads_are_scored_even_for_wrong_operation_and_forced_heads_are_separate (test_browser_service_eval.BrowserServiceEvaluationTests) ... ok
2026-10-03T13:21:35.7400619Z test_confidence_is_required_and_consistent_even_on_inactive_heads (test_browser_service_eval.BrowserServiceEvaluationTests) ... ok
2026-10-03T13:21:36.3004993Z test_identity_drift_and_missing_checkpoint_are_failures (test_browser_service_eval.BrowserServiceEvaluationTests) ... ok
2026-10-03T13:21:36.8521663Z test_real_http_failures_remain_in_denominators_and_wire_bytes_are_retained (test_browser_service_eval.BrowserServiceEvaluationTests) ... ok
2026-10-03T13:21:36.9002894Z test_selection_is_label_independent_grouped_balanced_and_order_invariant (test_browser_service_eval.BrowserServiceEvaluationTests) ... ok
2026-10-03T13:21:36.9004518Z test_largest_fanout_is_not_necessarily_longest_sequence (test_candidate_length_audit.CandidateLengthStatsTests) ... ok
2026-10-03T13:21:36.9006152Z test_limits_count_rows_and_sequences_with_strict_exceeds_semantics (test_candidate_length_audit.CandidateLengthStatsTests) ... ok
2026-10-03T13:21:36.9615781Z test_cosmetic_reproduction_does_not_describe_broken_functionality (test_case_customer.CustomerCaseTests) ... ok
2026-10-03T13:21:36.9619937Z test_hidden_worlds_with_identical_observations_have_identical_targets (test_case_customer.CustomerCaseTests) ... ok
2026-10-03T13:21:36.9621412Z test_latent_marginal_is_defined_not_a_guessed_confidence (test_case_customer.CustomerCaseTests) ... ok
2026-10-03T13:21:37.0025348Z test_ood_full_utterances_and_templates_are_reserved (test_case_customer.CustomerCaseTests) ... ok
2026-10-03T13:21:37.0950373Z test_saved_workflow_choice_order_roundtrip (test_case_customer.CustomerCaseTests) ... ok
2026-10-03T13:21:37.0951398Z test_source_question_forms_and_independent_score_descriptions (test_case_customer.CustomerCaseTests) ... ok
2026-10-03T13:21:37.2216825Z test_workflows_compile_to_the_training_inputs_and_targets (test_case_customer.CustomerCaseTests) ... ok
2026-10-03T13:21:37.2218243Z test_bearing_coordinate_convention_and_wrap (test_case_doom.DoomDecisionTests) ... ok
2026-10-03T13:21:37.2251655Z test_episode_splits_and_ood_seed_ranges (test_case_doom.DoomDecisionTests) ... ok
2026-10-03T13:21:37.2252442Z test_movement_momentum_and_action_button_order (test_case_doom.DoomDecisionTests) ... ok
2026-10-03T13:21:37.2253572Z test_shot_grade_boundaries_and_attack (test_case_doom.DoomDecisionTests) ... ok
2026-10-03T13:21:37.2258578Z test_three_tasks_share_episode_group_and_keep_labels_out_of_input (test_case_doom.DoomDecisionTests) ... ok
2026-10-03T13:21:37.2259587Z test_real_rollout_replay_and_tamper_detection (test_case_doom.DoomEngineTests) ... skipped 'optional vizdoom environment unavailable'
2026-10-03T13:21:37.2261356Z test_small_engine_dataset_validates_and_replays_id_and_ood (test_case_doom.DoomEngineTests) ... skipped 'optional vizdoom environment unavailable'
2026-10-03T13:21:37.2263079Z test_arithmetic_uses_exact_integer_floor_and_remainder (test_case_reasoning.ReasoningControlTest) ... ok
2026-10-03T13:21:37.2264877Z test_code_interpreter_matches_hand_calculated_branches (test_case_reasoning.ReasoningControlTest) ... ok
2026-10-03T13:21:37.2266022Z test_directed_reachability_handles_cycles_and_disconnected_nodes (test_case_reasoning.ReasoningControlTest) ... ok
2026-10-03T13:21:37.2267380Z test_evidence_filters_aliases_retractions_and_tied_conflicts (test_case_reasoning.ReasoningControlTest) ... ok
2026-10-03T13:21:37.2268206Z test_filter_sort_and_missing_rank (test_case_reasoning.ReasoningControlTest) ... ok
2026-10-03T13:21:37.2877789Z test_generated_records_have_domain_coverage_and_grouped_splits (test_case_reasoning.ReasoningControlTest) ... ok
2026-10-03T13:21:37.2878907Z test_logic_truth_tables (test_case_reasoning.ReasoningControlTest) ... ok
2026-10-03T13:21:37.2883259Z test_oracles_labels_and_ids_do_not_leak_into_candidate_prompts (test_case_reasoning.ReasoningControlTest) ... ok
2026-10-03T13:21:37.2884285Z test_temporal_order_compares_instants_not_local_dates (test_case_reasoning.ReasoningControlTest) ... ok
2026-10-03T13:21:37.2887263Z test_all_unreachable_candidates_are_filtered_without_gold_insertion (test_case_wikiracing.WikiCaseTest) ... ok
2026-10-03T13:21:37.2888246Z test_browser_back_replays_navigation_stack (test_case_wikiracing.WikiCaseTest) ... ok
2026-10-03T13:21:37.2893993Z test_candidates_do_not_change_with_hidden_distances_or_human_trace (test_case_wikiracing.WikiCaseTest) ... ok
2026-10-03T13:21:37.2895590Z test_invalid_limits_are_rejected (test_case_wikiracing.WikiCaseTest) ... ok
2026-10-03T13:21:37.2899234Z test_path_separators_are_split_before_title_decoding (test_case_wikiracing.WikiCaseTest) ... ok
2026-10-03T13:21:37.2903026Z test_policy_ties_are_uniform_over_best_candidates (test_case_wikiracing.WikiCaseTest) ... ok
2026-10-03T13:21:37.2904332Z test_reverse_bfs_is_directed_and_leaves_unreachable_absent (test_case_wikiracing.WikiCaseTest) ... ok
2026-10-03T13:21:37.3244701Z test_target_isolation_determinism_and_workflow_paths (test_case_wikiracing.WikiCaseTest) ... ok
2026-10-03T13:21:37.3247927Z test_unreachable_option_is_zero_and_distance_stays_metadata (test_case_wikiracing.WikiCaseTest) ... ok
2026-10-03T13:21:37.4182690Z test_calibration_split_count_ids_temperature_and_targets_are_bound (test_checkpoint_package.CheckpointPackageTests) ... ok
2026-10-03T13:21:37.5121564Z test_completed_single_2b_9b_and_ddp_27b_package_without_source_data (test_checkpoint_package.CheckpointPackageTests) ... ok
2026-10-03T13:21:37.5411303Z test_data_relocation_keeps_hashes_and_changes_are_rejected (test_checkpoint_package.CheckpointPackageTests) ... ok
2026-10-03T13:21:37.5412844Z test_duplicate_json_keys_are_rejected (test_checkpoint_package.CheckpointPackageTests) ... ok
2026-10-03T13:21:37.5966359Z test_incomplete_resume_only_and_noncontiguous_training_are_rejected (test_checkpoint_package.CheckpointPackageTests) ... ok
2026-10-03T13:21:37.6389438Z test_missing_extra_symlinked_and_ambiguous_checkpoint_files_are_rejected (test_checkpoint_package.CheckpointPackageTests) ... ok
2026-10-03T13:21:37.7453110Z test_model_revision_adapter_and_ddp_identity_are_bound (test_checkpoint_package.CheckpointPackageTests) ... ok
2026-10-03T13:21:37.7735589Z test_output_no_overwrite_and_source_race_leaves_no_published_partial (test_checkpoint_package.CheckpointPackageTests) ... ok
2026-10-03T13:21:37.8291838Z test_pinned_upstream_license_and_metric_scope_are_required (test_checkpoint_package.CheckpointPackageTests) ... ok
2026-10-03T13:21:37.9013438Z test_reload_requires_finite_equal_shape_real_saved_evidence (test_checkpoint_package.CheckpointPackageTests) ... ok
2026-10-03T13:21:37.9939754Z test_stale_metrics_calibration_and_prediction_grouping_are_rejected (test_checkpoint_package.CheckpointPackageTests) ... ok
2026-10-03T13:21:38.2419217Z test_absent_quote_cannot_acquire_confidence_or_a_semantic_record (test_citation_control.CitationCorpusAuditTest) ... ok
2026-10-03T13:21:38.3267518Z test_auxiliary_spec_is_not_the_semantic_oracle (test_citation_control.CitationCorpusAuditTest) ... ok
2026-10-03T13:21:38.3289152Z test_build_refuses_to_overwrite_existing_corpus (test_citation_control.CitationCorpusAuditTest) ... ok
2026-10-03T13:21:38.3642439Z test_entire_source_document_and_claims_remain_in_one_split (test_citation_control.CitationCorpusAuditTest) ... ok
2026-10-03T13:21:38.4062375Z test_final_rendered_fact_change_is_detected_despite_unchanged_auxiliary_spec (test_citation_control.CitationCorpusAuditTest) ... ok
2026-10-03T13:21:38.4424332Z test_gate_offsets_and_typography_modes_are_checked (test_citation_control.CitationCorpusAuditTest) ... ok
2026-10-03T13:21:38.4523047Z test_labels_ids_provenance_and_specs_are_absent_from_model_inputs (test_citation_control.CitationCorpusAuditTest) ... ok
2026-10-03T13:21:38.4936324Z test_matching_wrong_reference_and_target_are_rejected (test_citation_control.CitationCorpusAuditTest) ... ok
2026-10-03T13:21:38.6495350Z test_original_corpus_audits_and_generation_is_deterministic (test_citation_control.CitationCorpusAuditTest) ... ok
2026-10-03T13:21:38.8165311Z test_report_can_only_create_a_new_file_and_uses_exclusive_open (test_citation_control.CitationCorpusAuditTest) ... ok
2026-10-03T13:21:38.8228659Z test_report_cannot_write_inside_input_data_or_through_directory_alias (test_citation_control.CitationCorpusAuditTest) ... ok
2026-10-03T13:21:38.8270688Z test_report_refuses_existing_files_and_normal_or_dangling_symlinks (test_citation_control.CitationCorpusAuditTest) ... ok
2026-10-03T13:21:38.8301166Z test_unsealed_bytes_fail_before_semantic_audit (test_citation_control.CitationCorpusAuditTest) ... ok
2026-10-03T13:21:38.8310349Z test_delivery_negation_and_irrelevant_numbers (test_citation_control.CitationSemanticsTest) ... ok
2026-10-03T13:21:38.8318661Z test_inclusive_amount_and_leap_date_boundaries_in_both_grammars (test_citation_control.CitationSemanticsTest) ... ok
2026-10-03T13:21:38.8321011Z test_quote_gate_only_normalizes_typography_and_whitespace (test_citation_control.CitationSemanticsTest) ... ok
2026-10-03T13:21:38.8333120Z test_unknown_completions_and_dominating_known_failure (test_citation_control.CitationSemanticsTest) ... ok
2026-10-03T13:21:38.8336212Z test_unsupported_rules_ambiguous_registers_and_claims_fail_closed (test_citation_control.CitationSemanticsTest) ... ok
2026-10-03T13:21:38.8360605Z test_browser_does_not_offer_arbitrary_text_generation (test_community.CommunityTest) ... ok
2026-10-03T13:21:38.8382763Z test_browser_rejects_missing_and_duplicate_observations (test_community.CommunityTest) ... ok
2026-10-03T13:21:38.8404758Z test_browser_rejects_stale_revision_before_postprocessing (test_community.CommunityTest) ... ok
2026-10-03T13:21:38.8428161Z test_browser_resolves_only_supplied_text_and_observed_target (test_community.CommunityTest) ... ok
2026-10-03T13:21:38.8453344Z test_browser_select_options_and_click_ids_remain_observed (test_community.CommunityTest) ... ok
2026-10-03T13:21:38.8473879Z test_builders_reject_empty_observations (test_community.CommunityTest) ... ok
2026-10-03T13:21:38.8497492Z test_drone_requires_verified_climb_clearance_and_never_motor_commands (test_community.CommunityTest) ... ok
2026-10-03T13:21:38.8532965Z test_every_example_compiles_and_declared_field_scales_are_exact (test_community.CommunityTest) ... ok
2026-10-03T13:21:38.8556466Z test_heist_uses_one_guards_local_observation_and_allows_no_target (test_community.CommunityTest) ... ok
2026-10-03T13:21:38.8583180Z test_malformed_responses_cannot_become_proposals (test_community.CommunityTest) ... ok
2026-10-03T13:21:38.8607359Z test_pokemon_faint_forecast_is_conditioned_on_selected_move (test_community.CommunityTest) ... ok
2026-10-03T13:21:38.8629750Z test_runescape_keeps_catalog_and_poll_intervals_closed (test_community.CommunityTest) ... ok
2026-10-03T13:21:39.2075073Z test_candidate_permutation_and_metadata_do_not_determine_the_label (test_community_diversity_v2.CommunityDiversityV2Test) ... ok
2026-10-03T13:21:39.4002209Z test_eighty_authored_families_and_all_schema_kinds (test_community_diversity_v2.CommunityDiversityV2Test) ... ok
2026-10-03T13:21:40.8273940Z test_family_and_source_instance_are_disjoint (test_community_diversity_v2.CommunityDiversityV2Test) ... ok
2026-10-03T13:21:42.4228991Z test_generation_has_no_input_file_reads_and_is_reproducible (test_community_diversity_v2.CommunityDiversityV2Test) ... ok
2026-10-03T13:21:42.4841719Z test_minimal_counterfactuals_change_winner_and_only_one_visible_fact (test_community_diversity_v2.CommunityDiversityV2Test) ... ok
2026-10-03T13:21:42.5744905Z test_target_tampering_and_visible_policy_tampering_fail (test_community_diversity_v2.CommunityDiversityV2Test) ... ok
2026-10-03T13:21:42.5746476Z test_three_valued_negation_exception_and_arithmetic (test_community_diversity_v2.CommunityDiversityV2Test) ... ok
2026-10-03T13:21:42.5748949Z test_boolean_truth_tables_and_unknown_comparisons (test_community_diversity_v2_audit.IndependentVisibleRulesTest) ... ok
2026-10-03T13:21:42.5759325Z test_independent_end_to_end_choice_probe_and_target_corruption (test_community_diversity_v2_audit.IndependentVisibleRulesTest) ... ok
2026-10-03T13:21:42.5762668Z test_nested_arithmetic_sets_and_quoted_literals (test_community_diversity_v2_audit.IndependentVisibleRulesTest) ... ok
2026-10-03T13:21:42.5765684Z test_benchmark_labels_are_excluded_and_candidate_order_ignored (test_community_hard_mix.HardMixtureTests) ... ok
2026-10-03T13:21:42.5767371Z test_empty_benchmark_cannot_pass_screen (test_community_hard_mix.HardMixtureTests) ... ok
2026-10-03T13:21:42.5805132Z test_mixture_allows_empty_output_but_never_overwrites_existing_data (test_community_hard_mix.HardMixtureTests) ... ok
2026-10-03T13:21:42.5880110Z test_mixture_checks_both_manifest_schemas_and_caps_across_replay_folders (test_community_hard_mix.HardMixtureTests) ... ok
2026-10-03T13:21:42.5909432Z test_mixture_rejects_stale_or_missing_source_hashes (test_community_hard_mix.HardMixtureTests) ... ok
2026-10-03T13:21:42.5961320Z test_quarantine_removes_whole_training_group (test_community_hard_mix.HardMixtureTests) ... ok
2026-10-03T13:21:42.5964566Z test_replay_spreads_across_groups_and_never_duplicates (test_community_hard_mix.HardMixtureTests) ... ok
2026-10-03T13:21:42.5966242Z test_request_index_reads_only_visible_fields (test_community_hard_mix.HardMixtureTests) ... ok
2026-10-03T13:21:42.6002476Z test_screen_never_exports_benchmark_text_or_uses_gold (test_community_hard_mix.HardMixtureTests) ... ok
2026-10-03T13:21:42.6019824Z test_candidate_microbatches_preserve_all_logits_without_gold (test_community_pair.CommunityPairTest) ... ok
2026-10-03T13:21:42.6098530Z test_completed_checkpoint_identity_and_changed_content (test_community_pair.CommunityPairTest) ... ok
2026-10-03T13:21:42.6167478Z test_cpu_panel_validation_precedes_gpu_environment_check (test_community_pair.CommunityPairTest) ... ok
2026-10-03T13:21:42.6195178Z test_errors_and_soft_targets_keep_complete_denominators (test_community_pair.CommunityPairTest) ... ok
2026-10-03T13:21:42.6290792Z test_frozen_panel_and_all_five_source_hashes_are_checked (test_community_pair.CommunityPairTest) ... ok
2026-10-03T13:21:42.6342865Z test_group_and_input_leakage_rejected_even_under_new_ids (test_community_pair.CommunityPairTest) ... ok
2026-10-03T13:21:42.6372951Z test_group_macro_equal_weights_keep_errors_missing_and_soft_only_groups (test_community_pair.CommunityPairTest) ... ok
2026-10-03T13:21:42.6390341Z test_identical_checkpoint_content_is_a_valid_negative_result (test_community_pair.CommunityPairTest) ... ok
2026-10-03T13:21:42.6484606Z test_incomplete_wrong_revision_reload_and_calibration_fail_closed (test_community_pair.CommunityPairTest) ... ok
2026-10-03T13:21:42.6503088Z test_nonfinite_logits_and_deadline_record_no_fake_probabilities (test_community_pair.CommunityPairTest) ... ok
2026-10-03T13:21:42.6539622Z test_noul_imbalance_and_failures_have_class_conditional_denominators (test_community_pair.CommunityPairTest) ... ok
2026-10-03T13:21:42.6602870Z test_panel_is_reproducible_group_round_robin_with_honest_counts (test_community_pair.CommunityPairTest) ... ok
2026-10-03T13:21:42.6687657Z test_three_new_versions_and_multiple_sources_are_bound (test_community_pair.CommunityPairTest) ... ok
2026-10-03T13:21:42.7096682Z test_catalog_specific_shared_labels_keep_one_global_split_and_explicit_catalog (test_community_routing_v3.RoutingV3Tests) ... ok
2026-10-03T13:21:42.8139778Z test_choice_target_and_abstain_positions_and_noul_labels_are_balanced (test_community_routing_v3.RoutingV3Tests) ... ok
2026-10-03T13:21:42.8665728Z test_full_catalog_protocol_uses_only_official_test_and_is_not_training_rows (test_community_routing_v3.RoutingV3Tests) ... ok
2026-10-03T13:21:42.8676586Z test_global_official_holdouts_are_reserved_before_duplicate_and_conflict_filtering (test_community_routing_v3.RoutingV3Tests) ... ok
2026-10-03T13:21:42.9305277Z test_gold_present_omitted_and_noul_contracts_are_exact_and_bounded (test_community_routing_v3.RoutingV3Tests) ... ok
2026-10-03T13:21:42.9824824Z test_order_independence_and_duplicate_conflicts (test_community_routing_v3.RoutingV3Tests) ... ok
2026-10-03T13:21:42.9840280Z test_pinned_source_mutation_and_existing_output_fail_without_overwrite (test_community_routing_v3.RoutingV3Tests) ... ok
2026-10-03T13:21:43.0268500Z test_approval_manual_counterevidence_absence_and_conflict (test_community_workflow_v3.WorkflowV3Tests) ... ok
2026-10-03T13:21:43.2571655Z test_builder_preserves_existing_outputs_and_reproduces_hashes (test_community_workflow_v3.WorkflowV3Tests) ... ok
2026-10-03T13:21:43.2573873Z test_claimed_authorization_and_negated_requests_do_not_execute (test_community_workflow_v3.WorkflowV3Tests) ... ok
2026-10-03T13:21:43.2575084Z test_cms_is_multilabel_and_not_tag_name_matching (test_community_workflow_v3.WorkflowV3Tests) ... ok
2026-10-03T13:21:43.2576220Z test_cms_quotes_archives_hypotheses_withdrawal_and_contradiction (test_community_workflow_v3.WorkflowV3Tests) ... ok
2026-10-03T13:21:43.3570080Z test_cosmetic_duplicate_scenarios_are_rejected (test_community_workflow_v3.WorkflowV3Tests) ... ok
2026-10-03T13:21:44.8868188Z test_eighteen_semantic_scenarios_survive_prefix_and_order_normalization (test_community_workflow_v3.WorkflowV3Tests) ... ok
2026-10-03T13:21:44.8873279Z test_exception_has_a_visible_scope_and_cannot_waive_everything (test_community_workflow_v3.WorkflowV3Tests) ... ok
2026-10-03T13:21:44.9285926Z test_generation_is_deterministic_and_reads_no_examples (test_community_workflow_v3.WorkflowV3Tests) ... ok
2026-10-03T13:21:45.0722510Z test_schema_prose_only_counts_and_whole_family_splits (test_community_workflow_v3.WorkflowV3Tests) ... ok
2026-10-03T13:21:45.0725662Z test_secondary_tag_unknown_and_conflict_are_distinct_evidence (test_community_workflow_v3.WorkflowV3Tests) ... ok
2026-10-03T13:21:45.1368807Z test_target_corruption_and_prose_contract_tampering_fail (test_community_workflow_v3.WorkflowV3Tests) ... ok
2026-10-03T13:21:45.4070445Z test_visible_input_alone_reconstructs_targets_and_tracks_candidate_order (test_community_workflow_v3.WorkflowV3Tests) ... ok
2026-10-03T13:21:45.8755612Z test_all_abstain_31_and_32_accepted_and_single_accepted_error (test_compare_boundary_training_v7.BoundaryComparisonMetricsTests) ... ok
2026-10-03T13:21:45.8798472Z test_committed_source_allows_new_driver_but_refuses_frozen_changes (test_compare_boundary_training_v7.BoundaryComparisonMetricsTests) ... ok
2026-10-03T13:21:46.2105013Z test_exception_scope_fraud_and_capacity_unsafe_actions_are_caught (test_compare_boundary_training_v7.BoundaryComparisonMetricsTests) ... ok
2026-10-03T13:21:47.0785851Z test_four_cells_fixed_calibrated_gate_and_all_paired_regressions (test_compare_boundary_training_v7.BoundaryComparisonMetricsTests) ... ok
2026-10-03T13:21:47.0794695Z test_gpu_uuid_requires_complete_physical_identifier (test_compare_boundary_training_v7.BoundaryComparisonMetricsTests) ... ok
2026-10-03T13:21:47.0800593Z test_inclusive_thresholds_and_nearest_floats (test_compare_boundary_training_v7.BoundaryComparisonMetricsTests) ... ok
2026-10-03T13:21:47.2222949Z test_missing_slices_or_family_and_partial_predictions_are_rejected (test_compare_boundary_training_v7.BoundaryComparisonMetricsTests) ... ok
2026-10-03T13:21:47.3846924Z test_old_state_derived_safety_denominators_and_failures (test_compare_boundary_training_v7.BoundaryComparisonMetricsTests) ... ok
2026-10-03T13:21:47.3870527Z test_state_derived_roles_and_scope_field_cross_groups (test_compare_boundary_training_v7.BoundaryComparisonMetricsTests) ... ok
2026-10-03T13:21:50.7839153Z test_calibration_reorder_test_fit_and_partial_evidence_rejected (test_compare_boundary_training_v7.BoundaryComparisonPreflightTests) ... ok
2026-10-03T13:21:52.3140168Z test_complete_artifact_stub_all_14_retained_and_904_rows (test_compare_boundary_training_v7.BoundaryComparisonPreflightTests) ... ok
2026-10-03T13:21:55.0465907Z test_execution_request_stage_and_base_content_tampering_rejected (test_compare_boundary_training_v7.BoundaryComparisonPreflightTests) ... ok
2026-10-03T13:21:57.1352898Z test_initialization_and_gradient_proof_tampering_or_false_status_rejected (test_compare_boundary_training_v7.BoundaryComparisonPreflightTests) ... ok
2026-10-03T13:22:03.9094822Z test_non_uuid_runtime_changes_fail_before_adapted_predictions (test_compare_boundary_training_v7.BoundaryComparisonPreflightTests) ... ok
2026-10-03T13:22:07.5048396Z test_partial_nonfinite_unordered_journal_and_wrong_run_identity_rejected (test_compare_boundary_training_v7.BoundaryComparisonPreflightTests) ... ok
2026-10-03T13:22:08.9098549Z test_raw_plan_main_retained_and_checkpoint_tampering_rejected (test_compare_boundary_training_v7.BoundaryComparisonPreflightTests) ... ok
2026-10-03T13:22:09.7713503Z test_retained_missing_reorder_and_provenance_rejected_independently (test_compare_boundary_training_v7.BoundaryComparisonPreflightTests) ... ok
2026-10-03T13:22:20.0371210Z test_runtime_requires_bf16_base_fp32_head_and_single_assigned_uuid (test_compare_boundary_training_v7.BoundaryComparisonPreflightTests) ... ok
2026-10-03T13:22:22.7456697Z test_sequential_raw_logits_and_failed_quality_gate_without_gpu (test_compare_boundary_training_v7.BoundaryComparisonPreflightTests) ... ok
2026-10-03T13:22:25.4952142Z test_settings_resume_missing_completion_and_output_overlap_rejected (test_compare_boundary_training_v7.BoundaryComparisonPreflightTests) ... ok
2026-10-03T13:22:27.1928438Z test_bundle_all_calibration_precedes_heldout_with_four_loads (test_compare_frontier_training_v8.FrontierArithmeticTests) ... ok
2026-10-03T13:22:27.1939547Z test_cli_execute_fails_before_any_input_read (test_compare_frontier_training_v8.FrontierArithmeticTests) ... ok
2026-10-03T13:22:27.3657916Z test_core_rejects_changed_runtime_and_denominators (test_compare_frontier_training_v8.FrontierArithmeticTests) ... ok
2026-10-03T13:22:27.3659860Z test_inclusive_thresholds_and_floor (test_compare_frontier_training_v8.FrontierArithmeticTests) ... ok
2026-10-03T13:22:27.3713392Z test_missing_runtime_fields_and_checkpoint_binding_fail_before_journal (test_compare_frontier_training_v8.FrontierArithmeticTests) ... ok
2026-10-03T13:22:27.5656061Z test_noul_errors_coverage_and_observed_denominators (test_compare_frontier_training_v8.FrontierArithmeticTests) ... ok
2026-10-03T13:22:27.5660594Z test_paired_threshold_changes_and_all_timing_outliers (test_compare_frontier_training_v8.FrontierArithmeticTests) ... ok
2026-10-03T13:22:27.5670448Z test_prediction_bindings_reject_each_mutation (test_compare_frontier_training_v8.FrontierArithmeticTests) ... ok
2026-10-03T13:22:27.5848572Z test_preflight_recomputes_completion_without_parsing_heldout (test_compare_frontier_training_v8.FrontierArithmeticTests) ... ok
2026-10-03T13:22:27.6796324Z test_preflight_rejects_changed_sources_data_completion_runtime_and_overlap (test_compare_frontier_training_v8.FrontierArithmeticTests) ... ok
2026-10-03T13:22:28.3205974Z test_safety_all_six_permissive_actions_and_numeric_reporting (test_compare_frontier_training_v8.FrontierArithmeticTests) ... ok
2026-10-03T13:22:28.3217119Z test_four_temperature_cells_preserve_argmax_and_change_probability_metrics (test_compare_policy_training_v6.ComparisonMetricsTests) ... ok
2026-10-03T13:22:28.3218707Z test_frozen_source_and_committed_evaluation_bytes (test_compare_policy_training_v6.ComparisonMetricsTests) ... ok
2026-10-03T13:22:28.3466127Z test_injection_options_align_by_text_and_consistent_wrong_is_separate (test_compare_policy_training_v6.ComparisonMetricsTests) ... ok
2026-10-03T13:22:28.3472668Z test_noul_inclusive_thresholds_nextafter_and_zero_accepted (test_compare_policy_training_v6.ComparisonMetricsTests) ... ok
2026-10-03T13:22:28.3481223Z test_prediction_binding_and_paired_transitions (test_compare_policy_training_v6.ComparisonMetricsTests) ... ok
2026-10-03T13:22:28.4078372Z test_semantic_temporal_and_joint_authority_subgroups (test_compare_policy_training_v6.ComparisonMetricsTests) ... ok
2026-10-03T13:22:28.4873322Z test_calibration_order_temperature_and_split_cannot_be_changed (test_compare_policy_training_v6.ComparisonPreflightTests) ... ok
2026-10-03T13:22:28.5369876Z test_first_cuda_synchronize_failure_is_journaled (test_compare_policy_training_v6.ComparisonPreflightTests) ... ok
2026-10-03T13:22:28.5860267Z test_nonfinite_inference_writes_failed_record_and_raises (test_compare_policy_training_v6.ComparisonPreflightTests) ... ok
2026-10-03T13:22:28.6369265Z test_plan_and_data_byte_tampering_rejected (test_compare_policy_training_v6.ComparisonPreflightTests) ... ok
2026-10-03T13:22:28.6889044Z test_regression_order_and_output_containment_rejected (test_compare_policy_training_v6.ComparisonPreflightTests) ... ok
2026-10-03T13:22:29.0142795Z test_sequential_model_lifecycle_lock_and_four_cell_output_without_gpu (test_compare_policy_training_v6.ComparisonPreflightTests) ... ok
2026-10-03T13:22:29.0857710Z test_source_settings_completion_and_reload_error_rejected (test_compare_policy_training_v6.ComparisonPreflightTests) ... ok
2026-10-03T13:22:29.1498146Z test_swapped_final_weights_or_modified_completion_receipt_rejected (test_compare_policy_training_v6.ComparisonPreflightTests) ... ok
2026-10-03T13:22:29.2083151Z test_valid_preflight_locks_complete_receipt_and_all_six_sets (test_compare_policy_training_v6.ComparisonPreflightTests) ... ok
2026-10-03T13:22:29.2085031Z test_allow_offload_never_allows_unloaded_parameters (test_consumer_gpu_loading.ConsumerGpuLoadingTest) ... skipped 'requires torch, transformers and peft'
2026-10-03T13:22:29.2087134Z test_backbone_dtype_defaults_to_released_bfloat16_and_is_selectable (test_consumer_gpu_loading.ConsumerGpuLoadingTest) ... skipped 'requires torch, transformers and peft'
2026-10-03T13:22:29.2089400Z test_cpu_embedding_is_reused_by_uncached_and_cached_scoring (test_consumer_gpu_loading.ConsumerGpuLoadingTest) ... skipped 'requires torch, transformers and peft'
2026-10-03T13:22:29.2090638Z test_explicit_transformer_cpu_offload_is_rejected (test_consumer_gpu_loading.ConsumerGpuLoadingTest) ... skipped 'requires torch, transformers and peft'
2026-10-03T13:22:29.2092228Z test_hub_id_meta_head_uses_pinned_shard_and_original_subtraction_dtype (test_consumer_gpu_loading.ConsumerGpuLoadingTest) ... skipped 'requires torch, transformers and peft'
2026-10-03T13:22:29.2093598Z test_load_revalidates_adapter_parameters (test_consumer_gpu_loading.ConsumerGpuLoadingTest) ... skipped 'requires torch, transformers and peft'
2026-10-03T13:22:29.2094659Z test_local_snapshot_resolution (test_consumer_gpu_loading.ConsumerGpuLoadingTest) ... skipped 'requires torch, transformers and peft'
2026-10-03T13:22:29.2095829Z test_provenance_records_loaded_rather_than_requested_backbone_dtypes (test_consumer_gpu_loading.ConsumerGpuLoadingTest) ... skipped 'requires torch, transformers and peft'
2026-10-03T13:22:29.2097098Z test_quantized_loading_is_refused_on_apple_mps_before_loading (test_consumer_gpu_loading.ConsumerGpuLoadingTest) ... skipped 'requires torch, transformers and peft'
2026-10-03T13:22:29.2098311Z test_similar_embedding_module_name_does_not_bypass_guard (test_consumer_gpu_loading.ConsumerGpuLoadingTest) ... skipped 'requires torch, transformers and peft'
2026-10-03T13:22:29.2099505Z test_unknown_backbone_dtype_is_rejected_before_loading (test_consumer_gpu_loading.ConsumerGpuLoadingTest) ... skipped 'requires torch, transformers and peft'
2026-10-03T13:22:29.2100636Z test_unsharded_snapshot_resolution (test_consumer_gpu_loading.ConsumerGpuLoadingTest) ... skipped 'requires torch, transformers and peft'
2026-10-03T13:22:29.2124352Z test_changed_manifest_artifact_and_source_are_rejected (test_contact_service.ContactDriverFixtures) ... ok
2026-10-03T13:22:29.2129425Z test_expected_identity_and_split_flags_fail_before_any_transport (test_contact_service.ContactDriverFixtures) ... ok
2026-10-03T13:22:29.2218884Z test_failed_default_http_path_never_marks_model_quality_evidence (test_contact_service.ContactDriverFixtures) ... ok
2026-10-03T13:22:29.2278447Z test_fixture_driver_preserves_original_requests_and_raw_responses (test_contact_service.ContactDriverFixtures) ... ok
2026-10-03T13:22:29.2328384Z test_interruption_retains_unattempted_documents_in_denominators (test_contact_service.ContactDriverFixtures) ... ok
2026-10-03T13:22:29.2357043Z test_loader_hashes_training_bytes_without_parsing_targets (test_contact_service.ContactDriverFixtures) ... ok
2026-10-03T13:22:29.2379668Z test_outputs_cannot_overwrite_inputs_or_follow_output_symlink (test_contact_service.ContactDriverFixtures) ... ok
2026-10-03T13:22:29.2393837Z test_absent_and_ambiguous_refusals_do_not_enter_unique_target_metric (test_contact_service.ContactPipelineFixtures) ... ok
2026-10-03T13:22:29.2395100Z test_b_failure_retains_a_score_and_b_fixed_denominator (test_contact_service.ContactPipelineFixtures) ... skipped 'requires optional .[phone] extra'
2026-10-03T13:22:29.2402148Z test_choice_tie_preserves_actual_service_choice (test_contact_service.ContactPipelineFixtures) ... ok
2026-10-03T13:22:29.2410063Z test_email_wrong_role_copy_is_not_requested_target_success (test_contact_service.ContactPipelineFixtures) ... ok
2026-10-03T13:22:29.2417884Z test_equal_email_at_other_offset_still_fails (test_contact_service.ContactPipelineFixtures) ... ok
2026-10-03T13:22:29.2426755Z test_forced_no_candidate_still_requires_valid_response (test_contact_service.ContactPipelineFixtures) ... ok
2026-10-03T13:22:29.2431901Z test_http_error_preserves_wire_bytes_and_all_case_denominators (test_contact_service.ContactPipelineFixtures) ... ok
2026-10-03T13:22:29.2433280Z test_identity_change_between_a_b_and_across_corpora_is_rejected (test_contact_service.ContactPipelineFixtures) ... skipped 'requires optional .[phone] extra'
2026-10-03T13:22:29.2460075Z test_json_probability_candidate_and_sequence_errors_cannot_succeed (test_contact_service.ContactPipelineFixtures) ... ok
2026-10-03T13:22:29.2470527Z test_metadata_identity_locks_even_when_first_answers_are_invalid (test_contact_service.ContactPipelineFixtures) ... ok
2026-10-03T13:22:29.2477246Z test_miss_none_is_span_correct_but_extraction_failure (test_contact_service.ContactPipelineFixtures) ... ok
2026-10-03T13:22:29.2478568Z test_partial_actual_candidate_gets_b_without_gold_repair (test_contact_service.ContactPipelineFixtures) ... skipped 'requires optional .[phone] extra'
2026-10-03T13:22:29.2479923Z test_phone_b_uses_actual_wrong_role_even_when_presence_is_false (test_contact_service.ContactPipelineFixtures) ... skipped 'requires optional .[phone] extra'
2026-10-03T13:22:29.2489595Z test_phone_none_with_presence_true_does_not_send_b (test_contact_service.ContactPipelineFixtures) ... ok
2026-10-03T13:22:29.2501239Z test_possible_but_invalid_gb_can_succeed_with_exact_e164 (test_contact_service.ContactPipelineFixtures) ... skipped 'requires optional .[phone] extra'
2026-10-03T13:22:29.2502602Z test_unknown_region_none_output_is_not_extraction_success (test_contact_service.ContactPipelineFixtures) ... skipped 'requires optional .[phone] extra'
2026-10-03T13:22:29.3160689Z test_build_and_report_never_overwrite_existing_inputs (test_context_retention_data.RetentionDataTests) ... ok
2026-10-03T13:22:29.3980192Z test_generated_ood_has_unseen_shared_dependency_structure (test_context_retention_data.RetentionDataTests) ... ok
2026-10-03T13:22:29.5276987Z test_hidden_spec_and_same_length_output_contents_do_not_determine_labels (test_context_retention_data.RetentionDataTests) ... ok
2026-10-03T13:22:29.6120039Z test_inputs_exclude_metadata_targets_and_full_outputs (test_context_retention_data.RetentionDataTests) ... ok
2026-10-03T13:22:29.7886045Z test_matching_wrong_reference_and_target_cannot_pass (test_context_retention_data.RetentionDataTests) ... ok
2026-10-03T13:22:29.9181812Z test_mutated_visible_goal_is_checked_without_consulting_spec (test_context_retention_data.RetentionDataTests) ... ok
2026-10-03T13:22:30.0370275Z test_pinned_and_unpaired_gates_never_acquire_probabilities (test_context_retention_data.RetentionDataTests) ... ok
2026-10-03T13:22:30.1081880Z test_policy_tampering_and_extra_rule_are_rejected (test_context_retention_data.RetentionDataTests) ... ok
2026-10-03T13:22:30.3062004Z test_small_corpus_is_deterministic_and_independently_verified (test_context_retention_data.RetentionDataTests) ... ok
2026-10-03T13:22:30.4248470Z test_source_result_pairing_and_omission_are_checked (test_context_retention_data.RetentionDataTests) ... ok
2026-10-03T13:22:30.4926269Z test_unsealed_data_mutation_fails_before_semantic_checks (test_context_retention_data.RetentionDataTests) ... ok
2026-10-03T13:22:30.4934384Z test_group_spanning_source_train_and_test_is_rejected (test_data.ImportDataTests) ... ok
2026-10-03T13:22:30.4949191Z test_noul_maps_labels_and_preserves_official_test (test_data.ImportDataTests) ... ok
2026-10-03T13:22:30.5054320Z test_source_train_never_becomes_test_and_duplicates_share_group (test_data.ImportDataTests) ... ok
2026-10-03T13:22:30.5059548Z test_unknown_label_is_not_silently_remapped (test_data.ImportDataTests) ... ok
2026-10-03T13:22:30.5253502Z test_build_roundtrip (test_data.SyntheticDataTests) ... ok
2026-10-03T13:22:30.5622231Z test_deterministic_and_every_target_matches_explicit_oracle (test_data.SyntheticDataTests) ... ok
2026-10-03T13:22:30.5714330Z test_directory_validation_ignores_auxiliary_workflow_jsonl (test_data.SyntheticDataTests) ... ok
2026-10-03T13:22:30.5718732Z test_duplicate_input_cannot_evade_detection_by_shuffling (test_data.SyntheticDataTests) ... ok
2026-10-03T13:22:30.5719686Z test_evidence_absence_is_unknown (test_data.SyntheticDataTests) ... ok
2026-10-03T13:22:30.5720627Z test_policy_boundaries_and_rule_precedence (test_data.SyntheticDataTests) ... ok
2026-10-03T13:22:30.5724759Z test_rejects_bad_probabilities_and_provenance (test_data.SyntheticDataTests) ... ok
2026-10-03T13:22:30.5726191Z test_routing_priorities_and_threshold (test_data.SyntheticDataTests) ... ok
2026-10-03T13:22:30.5729909Z test_same_context_with_changed_candidates_cannot_cross_splits (test_data.SyntheticDataTests) ... ok
2026-10-03T13:22:30.5734789Z test_same_split_allows_changed_candidates_and_question_variants (test_data.SyntheticDataTests) ... ok
2026-10-03T13:22:30.5741228Z test_split_directory_rejects_row_in_wrong_split_file (test_data.SyntheticDataTests) ... ok
2026-10-03T13:22:30.6116091Z test_split_grouping_and_ood_isolation (test_data.SyntheticDataTests) ... ok
2026-10-03T13:22:30.6443408Z test_full_pass_has_no_padding_skips_or_reordering (test_distributed_training.DistributedContractTests) ... ok
2026-10-03T13:22:30.6445028Z test_reload_rejects_nonfinite_length_mismatch_and_large_error (test_distributed_training.DistributedContractTests) ... ok
2026-10-03T13:22:30.6446605Z test_resource_policy_requires_exact_host_and_physical_uuids (test_distributed_training.DistributedContractTests) ... ok
2026-10-03T13:22:30.6473533Z test_resume_rejects_changed_data_order_schedule_runtime_topology_and_code (test_distributed_training.DistributedContractTests) ... ok
2026-10-03T13:22:30.6492677Z test_snapshot_checksums_and_optimizer_cursor_are_checked_before_tensors (test_distributed_training.DistributedContractTests) ... ok
2026-10-03T13:22:30.6494408Z test_cpu_final_evaluation_fits_calibration_and_preserves_original_baselines (test_distributed_training.DistributedNumericalTests) ... skipped 'requires optional torch runtime'
2026-10-03T13:22:30.6495651Z test_four_rank_dropout_python_torch_rng_and_optimizer_resume (test_distributed_training.DistributedNumericalTests) ... skipped 'requires optional torch runtime'
2026-10-03T13:22:30.6496869Z test_four_rank_global_batch_matches_serial_parameters_optimizer_and_losses (test_distributed_training.DistributedNumericalTests) ... skipped 'requires optional torch runtime'
2026-10-03T13:22:30.6498134Z test_restore_rejects_missing_optimizer_moment_and_reordered_parameter_groups (test_distributed_training.DistributedNumericalTests) ... skipped 'requires optional torch runtime'
2026-10-03T13:22:30.6600503Z test_defaults_cache_opt_in_and_command_override (test_docker_deployment.DockerEntrypointTest) ... ok
2026-10-03T13:22:30.6640243Z test_empty_manifest_is_rejected (test_docker_deployment.DockerFetchTest) ... ok
2026-10-03T13:22:30.6673803Z test_missing_manifest_is_rejected (test_docker_deployment.DockerFetchTest) ... ok
2026-10-03T13:22:30.6711535Z test_tampered_package_is_rejected (test_docker_deployment.DockerFetchTest) ... ok
2026-10-03T13:22:30.6750565Z test_valid_package_records_verified_files (test_docker_deployment.DockerFetchTest) ... ok
2026-10-03T13:22:30.6784679Z test_wrong_base_revision_is_rejected (test_docker_deployment.DockerFetchTest) ... ok
2026-10-03T13:22:30.6785834Z test_all_frozen_training_rows_match_runtime_prompts (test_doom_control.DoomControlTest) ... skipped 'frozen local Doom corpus is unavailable'
2026-10-03T13:22:30.6837417Z test_attack_threshold_and_alignment_never_override_model_action (test_doom_control.DoomControlTest) ... ok
2026-10-03T13:22:31.1964677Z test_audited_http_suite_records_typed_errors_without_fallback (test_doom_control.DoomControlTest) ... ok
2026-10-03T13:22:31.1985529Z test_http_typed_loop_keeps_raw_heads_and_never_calls_teacher (test_doom_control.DoomControlTest) ... ok
2026-10-03T13:22:31.2054588Z test_legacy_mode_is_default_and_typed_cli_replay_is_explicit (test_doom_control.DoomControlTest) ... ok
2026-10-03T13:22:31.2103267Z test_malformed_heads_probabilities_confidence_and_legend_fail (test_doom_control.DoomControlTest) ... ok
2026-10-03T13:22:31.2104570Z test_real_typed_engine_rollout_and_replay (test_doom_control.DoomControlTest) ... skipped 'optional local ViZDoom is unavailable'
2026-10-03T13:22:31.2109884Z test_service_identity_counts_noul_as_one_sequence (test_doom_control.DoomControlTest) ... ok
2026-10-03T13:22:31.2113659Z test_training_and_runtime_candidate_prompts_are_identical (test_doom_control.DoomControlTest) ... ok
2026-10-03T13:22:32.4315563Z test_all_actions_kinds_and_parent_ood_splits_are_present (test_drone_data.DroneDataTest) ... ok
2026-10-03T13:22:32.4342374Z test_corrupt_questions_answers_or_derivation_are_rejected (test_drone_data.DroneDataTest) ... ok
2026-10-03T13:22:33.0790408Z test_disk_roundtrip_and_overwrite_protection (test_drone_data.DroneDataTest) ... ok
2026-10-03T13:22:33.5285461Z test_exact_runtime_prompts_targets_and_typed_proposals (test_drone_data.DroneDataTest) ... ok
2026-10-03T13:22:33.5689060Z test_ids_order_and_metadata_do_not_decide_references (test_drone_data.DroneDataTest) ... ok
2026-10-03T13:22:33.5724073Z test_same_sensor_facts_different_side_goals (test_drone_data.DroneDataTest) ... ok
2026-10-03T13:22:33.5918468Z test_single_candidate_omission_and_no_inactive_heads (test_drone_data.DroneDataTest) ... ok
2026-10-03T13:22:33.5935427Z test_climb_requires_permission_verified_clearance_and_geometry (test_drone_data.DroneRuleTest) ... ok
2026-10-03T13:22:33.5950016Z test_gap_width_tie_goal_and_all_barriers (test_drone_data.DroneRuleTest) ... ok
2026-10-03T13:22:33.5959953Z test_goal_changes_reacquisition_but_not_evidence_or_risk (test_drone_data.DroneRuleTest) ... ok
2026-10-03T13:22:33.5980234Z test_missing_disclosure_or_invalid_measurements_do_not_get_labels (test_drone_data.DroneRuleTest) ... ok
2026-10-03T13:22:33.5998453Z test_relative_motion_and_off_course_obstacles (test_drone_data.DroneRuleTest) ... ok
2026-10-03T13:22:33.6023087Z test_stopping_distance_ttc_and_clearance_boundaries (test_drone_data.DroneRuleTest) ... ok
2026-10-03T13:22:33.6050549Z test_target_loss_needs_independent_unoccluded_evidence (test_drone_data.DroneRuleTest) ... ok
2026-10-03T13:22:33.7402143Z test_exact_requests_teacher_and_derivation_are_required (test_drone_service_eval.DroneServiceEvaluationTests) ... ok
2026-10-03T13:22:33.7422399Z test_forced_maneuver_is_separate_and_all_failures_stay_in_denominators (test_drone_service_eval.DroneServiceEvaluationTests) ... ok
2026-10-03T13:22:33.7979901Z test_interrupted_run_preserves_all_denominators_and_frozen_requests (test_drone_service_eval.DroneServiceEvaluationTests) ... ok
2026-10-03T13:22:33.7997880Z test_modal_ties_scalar_error_and_noul_threshold (test_drone_service_eval.DroneServiceEvaluationTests) ... ok
2026-10-03T13:22:33.8022761Z test_noul_has_one_scoring_sequence_and_artifact_identity_is_exact (test_drone_service_eval.DroneServiceEvaluationTests) ... ok
2026-10-03T13:22:33.8913704Z test_offline_transport_failures_identity_and_wire_evidence (test_drone_service_eval.DroneServiceEvaluationTests) ... ok
2026-10-03T13:22:33.9515609Z test_selection_is_label_independent_order_invariant_and_grouped (test_drone_service_eval.DroneServiceEvaluationTests) ... ok
2026-10-03T13:22:33.9614608Z test_strict_all_head_contracts_reject_malformed_fields (test_drone_service_eval.DroneServiceEvaluationTests) ... ok
2026-10-03T13:22:33.9620649Z test_independent_suite_is_deterministic_and_compiles_mixed_types (test_efficiency_metrics.EfficiencyMetricsTest) ... ok
2026-10-03T13:22:33.9622410Z test_interpolated_percentiles_and_throughput (test_efficiency_metrics.EfficiencyMetricsTest) ... ok
2026-10-03T13:22:34.4661602Z test_loopback_http_audits_real_transport_and_separates_scope (test_efficiency_metrics.EfficiencyMetricsTest) ... ok
2026-10-03T13:22:34.4665755Z test_missing_reordered_and_nonfinite_probabilities_fail (test_efficiency_metrics.EfficiencyMetricsTest) ... ok
2026-10-03T13:22:34.4666726Z test_noul_equal_boundary_uses_true_at_half (test_efficiency_metrics.EfficiencyMetricsTest) ... ok
2026-10-03T13:22:34.4667912Z test_official_noul_thresholds_point_two_and_point_eight_are_audited (test_efficiency_metrics.EfficiencyMetricsTest) ... ok
2026-10-03T13:22:34.4669752Z test_small_error_without_crossing_passes (test_efficiency_metrics.EfficiencyMetricsTest) ... ok
2026-10-03T13:22:34.4671249Z test_tiny_coverage_boundary_flip_is_reported (test_efficiency_metrics.EfficiencyMetricsTest) ... ok
2026-10-03T13:22:34.4672731Z test_tiny_probability_error_still_fails_decision_boundary (test_efficiency_metrics.EfficiencyMetricsTest) ... ok
2026-10-03T13:22:34.4674189Z test_usage_mismatch_fails_parity (test_efficiency_metrics.EfficiencyMetricsTest) ... ok
2026-10-03T13:22:34.5147311Z test_build_does_not_overwrite_existing_corpus (test_email_selection_control.EmailCorpusAuditTest) ... ok
2026-10-03T13:22:34.5351995Z test_candidate_copy_cannot_silently_lowercase_addresses (test_email_selection_control.EmailCorpusAuditTest) ... ok
2026-10-03T13:22:34.6484779Z test_groups_and_contact_identity_are_isolated (test_email_selection_control.EmailCorpusAuditTest) ... ok
2026-10-03T13:22:34.6764127Z test_hidden_reference_and_ids_do_not_enter_prompts (test_email_selection_control.EmailCorpusAuditTest) ... ok
2026-10-03T13:22:34.6993038Z test_joint_reference_and_target_mutation_rejected (test_email_selection_control.EmailCorpusAuditTest) ... ok
2026-10-03T13:22:34.7930004Z test_original_counts_recall_omissions_and_deterministic_generation (test_email_selection_control.EmailCorpusAuditTest) ... ok
2026-10-03T13:22:34.8663322Z test_output_exclusive_creation_preserves_concurrent_file (test_email_selection_control.EmailCorpusAuditTest) ... ok
2026-10-03T13:22:34.8725042Z test_output_rejects_input_paths_aliases_existing_files_and_symlinks (test_email_selection_control.EmailCorpusAuditTest) ... ok
2026-10-03T13:22:34.8764352Z test_source_hash_binding_and_unsealed_bytes_are_checked (test_email_selection_control.EmailCorpusAuditTest) ... ok
2026-10-03T13:22:34.9001072Z test_visible_current_status_mutation_is_rejected_without_trusting_reference (test_email_selection_control.EmailCorpusAuditTest) ... ok
2026-10-03T13:22:34.9008667Z test_card_offsets_and_unicode_prefix_use_original_characters (test_email_selection_control.EmailRuntimeTest) ... ok
2026-10-03T13:22:34.9015404Z test_copy_preserves_case_and_can_copy_wrong_role_or_superseded_contacts (test_email_selection_control.EmailRuntimeTest) ... ok
2026-10-03T13:22:34.9023889Z test_current_superseded_order_and_query_blind_candidates (test_email_selection_control.EmailRuntimeTest) ... ok
2026-10-03T13:22:34.9028484Z test_duplicate_current_addresses_are_ambiguous_but_other_roles_are_not (test_email_selection_control.EmailRuntimeTest) ... ok
2026-10-03T13:22:34.9033491Z test_new_original_example_recompiles_and_keeps_copy_separate (test_email_selection_control.EmailRuntimeTest) ... ok
2026-10-03T13:22:34.9078004Z test_no_candidates_maximum_candidates_and_corrupted_cache (test_email_selection_control.EmailRuntimeTest) ... ok
2026-10-03T13:22:34.9085302Z test_quoted_unicode_local_and_unicode_domain_remain_present_but_unrecalled (test_email_selection_control.EmailRuntimeTest) ... ok
2026-10-03T13:22:34.9091698Z test_superseded_only_missing_and_unrecorded_do_not_establish_current_presence (test_email_selection_control.EmailRuntimeTest) ... ok
2026-10-03T13:22:34.9099248Z test_unknown_recognized_status_rejected_in_both_layouts (test_email_selection_control.EmailRuntimeTest) ... ok
2026-10-03T13:22:35.1072366Z test_aliases_cannot_leak_between_families (test_entity_alignment_control.EntityCorpusAuditTest) ... ok
2026-10-03T13:22:35.1342100Z test_auxiliary_labels_and_ids_are_not_model_inputs (test_entity_alignment_control.EntityCorpusAuditTest) ... ok
2026-10-03T13:22:35.1368891Z test_build_refuses_to_overwrite_existing_data (test_entity_alignment_control.EntityCorpusAuditTest) ... ok
2026-10-03T13:22:35.2476382Z test_family_spec_is_auxiliary_and_not_an_oracle (test_entity_alignment_control.EntityCorpusAuditTest) ... ok
2026-10-03T13:22:35.4211848Z test_identifiers_cannot_leak_between_families (test_entity_alignment_control.EntityCorpusAuditTest) ... ok
2026-10-03T13:22:35.5119867Z test_joint_wrong_reference_and_target_mutation_is_rejected (test_entity_alignment_control.EntityCorpusAuditTest) ... ok
2026-10-03T13:22:35.7204972Z test_original_dataset_audits_and_generation_is_deterministic (test_entity_alignment_control.EntityCorpusAuditTest) ... ok
2026-10-03T13:22:35.7270134Z test_output_cannot_target_input_manifest_jsonl_or_directory_symlink (test_entity_alignment_control.EntityCorpusAuditTest) ... ok
2026-10-03T13:22:35.9982244Z test_output_exclusive_creation_preserves_a_concurrently_arriving_file (test_entity_alignment_control.EntityCorpusAuditTest) ... ok
2026-10-03T13:22:36.0027926Z test_output_refuses_existing_files_and_normal_or_dangling_symlinks (test_entity_alignment_control.EntityCorpusAuditTest) ... ok
2026-10-03T13:22:36.0836154Z test_pairs_and_all_heads_remain_in_the_family_split (test_entity_alignment_control.EntityCorpusAuditTest) ... ok
2026-10-03T13:22:36.0919289Z test_runtime_source_hash_binding_and_unsealed_bytes_are_checked (test_entity_alignment_control.EntityCorpusAuditTest) ... ok
2026-10-03T13:22:36.1799841Z test_visible_input_change_is_detected_with_unchanged_family_spec (test_entity_alignment_control.EntityCorpusAuditTest) ... ok
2026-10-03T13:22:36.1849050Z test_all_fields_agreement_conflict_and_missing_under_both_wordings (test_entity_alignment_control.EntityVisibleSemanticsTest) ... ok
2026-10-03T13:22:36.1856560Z test_equal_unlisted_text_does_not_establish_agreement (test_entity_alignment_control.EntityVisibleSemanticsTest) ... ok
2026-10-03T13:22:36.1869513Z test_exact_units_long_decimals_and_visible_custom_factors (test_entity_alignment_control.EntityVisibleSemanticsTest) ... ok
2026-10-03T13:22:36.1881094Z test_forged_capacity_evidence_unsupported_policy_and_ambiguous_alias_fail (test_entity_alignment_control.EntityVisibleSemanticsTest) ... ok
2026-10-03T13:22:36.1897473Z test_identifier_precedence_and_different_namespaces (test_entity_alignment_control.EntityVisibleSemanticsTest) ... ok
2026-10-03T13:22:36.1913411Z test_identifiers_trim_outer_whitespace_but_preserve_case_and_internal_text (test_entity_alignment_control.EntityVisibleSemanticsTest) ... ok
2026-10-03T13:22:36.1941127Z test_invalid_capacity_is_unknown_instead_of_equal_or_conflicting (test_entity_alignment_control.EntityVisibleSemanticsTest) ... ok
2026-10-03T13:22:36.1958716Z test_mixed_unicode_digits_are_unknown_capacity_even_with_matching_identifiers (test_entity_alignment_control.EntityVisibleSemanticsTest) ... ok
2026-10-03T13:22:36.1963246Z test_new_original_example_recompiles_to_four_heads (test_entity_alignment_control.EntityVisibleSemanticsTest) ... ok
2026-10-03T13:22:36.1973627Z test_same_identifier_permits_same_with_missing_fields (test_entity_alignment_control.EntityVisibleSemanticsTest) ... ok
2026-10-03T13:22:36.1975630Z test_all_300_published_request_hashes_and_reference_statistics_reproduce (test_eval_frontier.FrontierFrozenSourceTests) ... skipped 'requires external pinned JF100 checkout'
2026-10-03T13:22:36.2007030Z test_audit_requires_all_trials_correct_rotated_gold_and_request_identity (test_eval_frontier.FrontierProtocolTests) ... ok
2026-10-03T13:22:36.2018948Z test_checksum_or_source_commit_change_is_rejected_before_loading_items (test_eval_frontier.FrontierProtocolTests) ... ok
2026-10-03T13:22:36.2023339Z test_native_choice_rotation_preserves_meaning_and_remaps_gold (test_eval_frontier.FrontierProtocolTests) ... ok
2026-10-03T13:22:36.2025272Z test_native_probability_validation_catches_invalid_answers_without_retry (test_eval_frontier.FrontierProtocolTests) ... ok
2026-10-03T13:22:36.2026982Z test_request_builder_never_reads_gold_rationale_or_other_hidden_metadata (test_eval_frontier.FrontierProtocolTests) ... ok
2026-10-03T13:22:36.2029235Z test_request_hash_matches_upstream_json_normalization (test_eval_frontier.FrontierProtocolTests) ... ok
2026-10-03T13:22:36.2099562Z test_statistics_keep_template_pairs_and_score_service_failures_zero (test_eval_frontier.FrontierProtocolTests) ... ok
2026-10-03T13:22:36.2145972Z test_audit_checks_bytes_and_counts_for_each_manifest_layout (test_eval_separation.EvaluationSeparationTests) ... ok
2026-10-03T13:22:36.2147855Z test_exact_match_ignores_option_rotation_and_standard_list_labels (test_eval_separation.EvaluationSeparationTests) ... ok
2026-10-03T13:22:36.2149705Z test_manifest_layouts_preserve_identical_frozen_hashes_and_counts (test_eval_separation.EvaluationSeparationTests) ... ok
2026-10-03T13:22:36.2154058Z test_manifest_rejects_missing_and_contradictory_definitions (test_eval_separation.EvaluationSeparationTests) ... ok
2026-10-03T13:22:36.2156587Z test_matcher_uses_only_visible_fields_and_catches_embedded_state (test_eval_separation.EvaluationSeparationTests) ... ok
2026-10-03T13:22:36.2157840Z test_semantic_or_partial_option_prefixes_are_not_stripped (test_eval_separation.EvaluationSeparationTests) ... ok
2026-10-03T13:22:36.2159292Z test_short_state_is_excluded_only_from_substrings_and_boundaries_hold (test_eval_separation.EvaluationSeparationTests) ... ok
2026-10-03T13:22:36.2161365Z test_structured_state_keys_normalize_without_erasing_values_or_case (test_eval_separation.EvaluationSeparationTests) ... ok
2026-10-03T13:22:36.2179532Z test_absent_evidence_writes_failed_report_and_preserves_existing_output (test_expansion_data_audit.Entrypoints) ... ok
2026-10-03T13:22:36.2196920Z test_archive_traversal_and_duplicate_members_rejected (test_expansion_data_audit.Entrypoints) ... ok
2026-10-03T13:22:36.2200151Z test_fixed_contract_matches_preflight_metadata (test_expansion_data_audit.Entrypoints) ... ok
2026-10-03T13:22:36.2202735Z test_full_size_assignment_counts_without_reading_dataset_rows (test_expansion_data_audit.Entrypoints) ... ok
2026-10-03T13:22:36.2209971Z test_modified_pinned_producer_archive_is_rejected (test_expansion_data_audit.Entrypoints) ... ok
2026-10-03T13:22:36.2217319Z test_not_ready_capture_does_not_copy_or_create_output (test_expansion_data_audit.Entrypoints) ... ok
2026-10-03T13:22:36.3045498Z test_pinned_producer_schemas_and_source_bytes (test_expansion_data_audit.Entrypoints) ... ok
2026-10-03T13:22:36.3071183Z test_probe_missing_final_artifacts_returns_not_ready_without_subprocess (test_expansion_data_audit.Entrypoints) ... ok
2026-10-03T13:22:36.3372535Z test_changed_calibration_rejected_after_rehash (test_expansion_data_audit.SyntheticEvidence) ... ok
2026-10-03T13:22:36.3746713Z test_complete_synthetic_capture (test_expansion_data_audit.SyntheticEvidence) ... ok
2026-10-03T13:22:36.4588680Z test_failed_duplicate_wrong_probability_or_missing_prediction_rejected (test_expansion_data_audit.SyntheticEvidence) ... ok
2026-10-03T13:22:36.4761027Z test_global_partition_continues_across_split_boundary (test_expansion_data_audit.SyntheticEvidence) ... ok
2026-10-03T13:22:36.5047256Z test_package_payload_mismatch_even_with_updated_manifest (test_expansion_data_audit.SyntheticEvidence) ... ok
2026-10-03T13:22:36.5875972Z test_partial_training_or_wrong_revision_rejected_after_rehash (test_expansion_data_audit.SyntheticEvidence) ... ok
2026-10-03T13:22:36.6123829Z test_source_bytes_or_before_after_change_rejected (test_expansion_data_audit.SyntheticEvidence) ... ok
2026-10-03T13:22:36.6513213Z test_summary_metric_mutation_rejected_after_rehash (test_expansion_data_audit.SyntheticEvidence) ... ok
2026-10-03T13:22:36.6788994Z test_symlinked_package_payload_rejected (test_expansion_data_audit.SyntheticEvidence) ... ok
2026-10-03T13:22:36.7279646Z test_wrong_profile_or_controller_cleanup_rejected (test_expansion_data_audit.SyntheticEvidence) ... ok
2026-10-03T13:22:36.7281210Z test_all_profile_widths_and_residual_are_close (test_fast_backend.CudaTailTest) ... skipped 'requires CUDA and Triton'
2026-10-03T13:22:36.7282707Z test_out_of_range_cuda_indices_cannot_read_memory (test_fast_backend.CudaTailTest) ... skipped 'requires CUDA and Triton'
2026-10-03T13:22:36.7283929Z test_copied_source_projections_are_released_and_output_alias_survives (test_fast_backend.OwnershipAndReferenceTest) ... skipped 'requires torch'
2026-10-03T13:22:36.7285127Z test_invalid_indices_and_residual_shape_fail (test_fast_backend.OwnershipAndReferenceTest) ... skipped 'requires torch'
2026-10-03T13:22:36.7286087Z test_reference_matches_full_dense_qwen_norm_then_head (test_fast_backend.OwnershipAndReferenceTest) ... skipped 'requires torch'
2026-10-03T13:22:36.7287274Z test_reference_zero_rows_and_multiplier_convention (test_fast_backend.OwnershipAndReferenceTest) ... skipped 'requires torch'
2026-10-03T13:22:36.7288308Z test_all_three_profiles_are_explicit_for_tail (test_fast_backend.ProfileTest) ... ok
2026-10-03T13:22:36.7288924Z test_config_and_layer_layout_mismatches_fail (test_fast_backend.ProfileTest) ... ok
2026-10-03T13:22:36.7292774Z test_license_and_pinned_source_are_retained (test_fast_backend.ProfileTest) ... ok
2026-10-03T13:22:36.7299234Z test_packed_rows_shares_root_and_question_prefixes (test_fast_backend.ProfileTest) ... ok
2026-10-03T13:22:36.7300132Z test_unrecognized_model_and_backend_do_not_fallback (test_fast_backend.ProfileTest) ... ok
2026-10-03T13:22:36.7302407Z test_unvalidated_smaller_tree_profiles_fail_explicitly (test_fast_backend.ProfileTest) ... ok
2026-10-03T13:22:36.7317774Z test_bad_reload_or_calibration_provenance_rejected (test_four_gpu_handoff.HandoffTests) ... ok
2026-10-03T13:22:36.7346885Z test_changed_frozen_inputs_after_wait_prevent_retirement (test_four_gpu_handoff.HandoffTests) ... ok
2026-10-03T13:22:36.7391525Z test_evaluation_failure_prevents_training (test_four_gpu_handoff.HandoffTests) ... ok
2026-10-03T13:22:36.7397299Z test_foreign_gpu_process_blocks_retirement (test_four_gpu_handoff.HandoffTests) ... ok
2026-10-03T13:22:36.7406876Z test_last_optimizer_step_is_not_completion (test_four_gpu_handoff.HandoffTests) ... ok
2026-10-03T13:22:36.7412700Z test_pid_reuse_never_permits_signal (test_four_gpu_handoff.HandoffTests) ... ok
2026-10-03T13:22:37.1669787Z test_real_termination_reaps_owned_child (test_four_gpu_handoff.HandoffTests) ... ok
2026-10-03T13:22:37.1688583Z test_recording_failure_reaps_already_started_child (test_four_gpu_handoff.HandoffTests) ... ok
2026-10-03T13:22:37.1689774Z test_signals_enter_cleanup_path (test_four_gpu_handoff.HandoffTests) ... ok
2026-10-03T13:22:37.1698839Z test_snapshot_failure_precedes_pidfd_and_signal (test_four_gpu_handoff.HandoffTests) ... ok
2026-10-03T13:22:37.1706605Z test_wrong_model_or_noop_phase_commands_are_rejected (test_four_gpu_handoff.HandoffTests) ... ok
2026-10-03T13:22:37.1712288Z test_zero_exit_does_not_replace_completed_eval_manifest (test_four_gpu_handoff.HandoffTests) ... ok
2026-10-03T13:22:37.2064667Z test_freeze_refuses_overwrite_and_aggregate_preserves_development_scope (test_frontier_controls_v4.FrontierControlsV4Test) ... ok
2026-10-03T13:22:37.2473779Z test_frozen_groups_and_executable_oracle (test_frontier_controls_v4.FrontierControlsV4Test) ... ok
2026-10-03T13:22:37.2475182Z test_identity_and_latest_direct_authorization (test_frontier_controls_v4.FrontierControlsV4Test) ... ok
2026-10-03T13:22:37.2649348Z test_oracle_rejects_corrupted_target (test_frontier_controls_v4.FrontierControlsV4Test) ... ok
2026-10-03T13:22:37.7923095Z test_declared_disposition_schedule_is_equal_for_every_scaffold (test_frontier_controls_v8.FrontierV8Tests) ... ok
2026-10-03T13:22:38.6172785Z test_deterministic_counts_and_schema (test_frontier_controls_v8.FrontierV8Tests) ... ok
2026-10-03T13:22:38.6289422Z test_every_essential_component_can_change_an_outcome (test_frontier_controls_v8.FrontierV8Tests) ... ok
2026-10-03T13:22:38.6296530Z test_existing_output_rejected_without_mutation (test_frontier_controls_v8.FrontierV8Tests) ... ok
2026-10-03T13:22:38.6680338Z test_four_presentations_no_truth_layout_shortcut (test_frontier_controls_v8.FrontierV8Tests) ... ok
2026-10-03T13:22:39.4292172Z test_generation_reads_no_data_or_models_and_opaque_ids (test_frontier_controls_v8.FrontierV8Tests) ... ok
2026-10-03T13:22:39.4337422Z test_no_neutral_ledger_padding_and_positions_balanced (test_frontier_controls_v8.FrontierV8Tests) ... ok
2026-10-03T13:22:39.4341310Z test_account_membership_permutation_and_irrelevant_events (test_frontier_isolation_v8.FrontierIsolationTests) ... ok
2026-10-03T13:22:39.4351245Z test_actual_parent_cannot_cross_splits_and_unknown_noul_is_not_guessed (test_frontier_isolation_v8.FrontierIsolationTests) ... ok
2026-10-03T13:22:39.4354928Z test_clock_representation_normalizes_absolute_instants (test_frontier_isolation_v8.FrontierIsolationTests) ... ok
2026-10-03T13:22:39.4358627Z test_compiled_rotations_and_metadata_cannot_disguise_input (test_frontier_isolation_v8.FrontierIsolationTests) ... ok
2026-10-03T13:22:39.4367174Z test_dynamic_topic_mapping_renaming_and_permutation_preserve_edges (test_frontier_isolation_v8.FrontierIsolationTests) ... ok
2026-10-03T13:22:39.4377461Z test_full_menu_numeric_and_time_origin_clones_are_blocked (test_frontier_isolation_v8.FrontierIsolationTests) ... ok
2026-10-03T13:22:39.4379783Z test_ignored_corrections_cannot_supply_temporal_width (test_frontier_isolation_v8.FrontierIsolationTests) ... ok
2026-10-03T13:22:39.4383689Z test_multi_entry_neutral_padding_is_blocked_but_whole_zero_balance_is_valid (test_frontier_isolation_v8.FrontierIsolationTests) ... ok
2026-10-03T13:22:39.4387284Z test_observed_overlap_exposes_only_opaque_fingerprints (test_frontier_isolation_v8.FrontierIsolationTests) ... ok
2026-10-03T13:22:39.4396458Z test_repeated_rotations_and_noop_padding_do_not_make_new_parent (test_frontier_isolation_v8.FrontierIsolationTests) ... ok
2026-10-03T13:22:39.4401914Z test_required_role_line_and_item_permutations_keep_causal_membership (test_frontier_isolation_v8.FrontierIsolationTests) ... ok
2026-10-03T13:22:39.4408683Z test_shared_numeric_atom_with_different_parent_menu_is_disclosed (test_frontier_isolation_v8.FrontierIsolationTests) ... ok
2026-10-03T13:22:39.4421010Z test_wording_identity_record_order_and_visible_noul_are_normalized (test_frontier_isolation_v8.FrontierIsolationTests) ... ok
2026-10-03T13:22:39.4424766Z test_zero_operands_and_cancellation_pairs_cannot_inflate_v8_width (test_frontier_isolation_v8.FrontierIsolationTests) ... ok
2026-10-03T13:22:44.3380261Z test_exclusive_replay_receipt_with_explicitly_mocked_provenance (test_frontier_v8_comparison_replay_integration.ComparatorReplayIntegrationTests) ... ok
2026-10-03T13:22:47.5954516Z test_independent_replay_matches_all_metrics_gates_pairs_and_efficiency (test_frontier_v8_comparison_replay_integration.ComparatorReplayIntegrationTests) ... ok
2026-10-03T13:22:57.0246089Z test_replay_rejects_rehashed_events_runtime_and_scientific_summary (test_frontier_v8_comparison_replay_integration.ComparatorReplayIntegrationTests) ... ok
2026-10-03T13:22:57.1029347Z test_replay_rejects_unbound_journal_sha_and_prediction_order (test_frontier_v8_comparison_replay_integration.ComparatorReplayIntegrationTests) ... ok
2026-10-03T13:22:57.4786987Z test_cached_scientific_dependencies_from_another_root_reject (test_frontier_v8_native_model.NativeModelTests) ... ok
2026-10-03T13:22:57.5600312Z test_checkpoint_fullhash_tampering_precedes_dependencies (test_frontier_v8_native_model.NativeModelTests) ... ok
2026-10-03T13:22:57.6405730Z test_dtype_quantization_env_is_scrubbed_and_restored (test_frontier_v8_native_model.NativeModelTests) ... ok
2026-10-03T13:22:57.7192485Z test_exact_runtime_row_scope_original_flags_and_cleanup (test_frontier_v8_native_model.NativeModelTests) ... ok
2026-10-03T13:22:58.0044817Z test_four_contexts_are_fresh_and_no_extra_forward (test_frontier_v8_native_model.NativeModelTests) ... ok
2026-10-03T13:22:58.0801797Z test_import_is_lazy_and_owner_failure_precedes_dependencies (test_frontier_v8_native_model.NativeModelTests) ... ok
2026-10-03T13:22:58.0954776Z test_incomplete_training_or_changed_settings_do_not_report_success (test_frontier_v8_native_model.NativeModelTests) ... ok
2026-10-03T13:22:58.8798576Z test_none_trainable_gradient_is_reported_without_imputation (test_frontier_v8_native_model.NativeModelTests) ... ok
2026-10-03T13:22:58.9105352Z test_nonfinite_zero_group_or_base_grad_fails_before_original_step_and_restores (test_frontier_v8_native_model.NativeModelTests) ... ok
2026-10-03T13:22:59.7690680Z test_observer_does_not_keep_model_alive_across_original_checkpoint_reload (test_frontier_v8_native_model.NativeModelTests) ... ok
2026-10-03T13:22:59.8464381Z test_owner_loss_before_row_and_exception_cleanup (test_frontier_v8_native_model.NativeModelTests) ... ok
2026-10-03T13:23:00.1369487Z test_physical_uuid_or_multiple_visible_devices_fail_before_load (test_frontier_v8_native_model.NativeModelTests) ... ok
2026-10-03T13:23:00.2152080Z test_saved_trainable_dtype_cannot_round_into_exact_identity (test_frontier_v8_native_model.NativeModelTests) ... ok
2026-10-03T13:23:00.3574262Z test_source_and_import_location_fail_closed (test_frontier_v8_native_model.NativeModelTests) ... ok
2026-10-03T13:23:00.7082278Z test_tensor_value_missing_key_dtype_and_merged_adapter_reject (test_frontier_v8_native_model.NativeModelTests) ... ok
2026-10-03T13:23:01.4848924Z test_training_original_adamw_first_accumulated_step_zero_bias_and_restoration (test_frontier_v8_native_model.NativeModelTests) ... ok
2026-10-03T13:23:01.4850474Z test_ancestry_excludes_unrelated_even_same_session_and_nonce (test_frontier_v8_owned_process.OwnedProcessFixtureTests) ... ok
2026-10-03T13:23:01.4893033Z test_atomic_link_publishes_complete_flushed_json_only (test_frontier_v8_owned_process.OwnedProcessFixtureTests) ... ok
2026-10-03T13:23:01.4897211Z test_birth_uid_and_initial_session_mismatch_fail_closed (test_frontier_v8_owned_process.OwnedProcessFixtureTests) ... ok
2026-10-03T13:23:01.4917078Z test_boot_and_truncated_stat_are_rejected (test_frontier_v8_owned_process.OwnedProcessFixtureTests) ... ok
2026-10-03T13:23:01.4930055Z test_child_born_during_cleanup_is_included_and_pidfds_prove_exit (test_frontier_v8_owned_process.OwnedProcessFixtureTests) ... ok
2026-10-03T13:23:01.5138632Z test_cleanup_never_claims_success_with_live_pidfd (test_frontier_v8_owned_process.OwnedProcessFixtureTests) ... ok
2026-10-03T13:23:01.5149063Z test_cpu_environment_discards_inherited_loader_credentials_and_devices (test_frontier_v8_owned_process.OwnedProcessFixtureTests) ... ok
2026-10-03T13:23:01.5185907Z test_dead_controller_never_starts_worker (test_frontier_v8_owned_process.OwnedProcessFixtureTests) ... ok
2026-10-03T13:23:01.5198592Z test_exclusive_json_preserves_existing_final_bytes (test_frontier_v8_owned_process.OwnedProcessFixtureTests) ... ok
2026-10-03T13:23:01.5217202Z test_existing_attempt_and_symlink_parent_are_refused (test_frontier_v8_owned_process.OwnedProcessFixtureTests) ... ok
2026-10-03T13:23:01.5263665Z test_guard_signal_during_worker_popen_cleans_registered_child (test_frontier_v8_owned_process.OwnedProcessFixtureTests) ... ok
2026-10-03T13:23:01.5315105Z test_independent_watchdog_binds_controller_loss_and_quiesces_worker (test_frontier_v8_owned_process.OwnedProcessFixtureTests) ... ok
2026-10-03T13:23:01.5322694Z test_interrupted_json_write_never_exposes_final_receipt (test_frontier_v8_owned_process.OwnedProcessFixtureTests) ... ok
2026-10-03T13:23:01.5334766Z test_invalid_bounds_shell_or_reused_directory_do_not_spawn (test_frontier_v8_owned_process.OwnedProcessFixtureTests) ... ok
2026-10-03T13:23:01.5375038Z test_missing_guard_receipt_cannot_claim_process_proof (test_frontier_v8_owned_process.OwnedProcessFixtureTests) ... ok
2026-10-03T13:23:01.5376681Z test_nonce_mismatch_does_not_confer_success_or_capture_unrelated (test_frontier_v8_owned_process.OwnedProcessFixtureTests) ... ok
2026-10-03T13:23:01.5378220Z test_orphan_adopted_by_subreaper_remains_owned (test_frontier_v8_owned_process.OwnedProcessFixtureTests) ... ok
2026-10-03T13:23:01.5384382Z test_pidfd_exit_is_observed_before_final_empty_child_proof (test_frontier_v8_owned_process.OwnedProcessFixtureTests) ... ok
2026-10-03T13:23:01.5414893Z test_pidfd_open_sandwich_refuses_reuse_boot_or_uid_change (test_frontier_v8_owned_process.OwnedProcessFixtureTests) ... ok
2026-10-03T13:23:01.5422884Z test_pidfd_signals_have_no_numeric_pid_fallback (test_frontier_v8_owned_process.OwnedProcessFixtureTests) ... ok
2026-10-03T13:23:01.5444438Z test_proc_stat_parentheses_and_uid_are_bound (test_frontier_v8_owned_process.OwnedProcessFixtureTests) ... ok
2026-10-03T13:23:01.5446394Z test_reused_pid_is_refused_before_signal (test_frontier_v8_owned_process.OwnedProcessFixtureTests) ... ok
2026-10-03T13:23:01.5491633Z test_signal_during_guard_popen_defers_cancel_and_never_arms_worker (test_frontier_v8_owned_process.OwnedProcessFixtureTests) ... ok
2026-10-03T13:23:01.5497921Z test_unavailable_kernel_creates_no_attempt_or_process (test_frontier_v8_owned_process.OwnedProcessFixtureTests) ... ok
2026-10-03T13:23:01.6847511Z test_live_controller_sigkill_leaves_independent_quiescence_receipt (test_frontier_v8_owned_process.OwnedProcessLinuxTests) ... ok
2026-10-03T13:23:01.9713706Z test_live_cpu_timeout (test_frontier_v8_owned_process.OwnedProcessLinuxTests) ... ok
2026-10-03T13:23:02.0452835Z test_live_cpu_worker_completion (test_frontier_v8_owned_process.OwnedProcessLinuxTests) ... ok
2026-10-03T13:23:02.2403687Z test_live_forked_escaped_session_is_contained (test_frontier_v8_owned_process.OwnedProcessLinuxTests) ... ok
2026-10-03T13:23:02.2426095Z test_directory_replaced_with_identical_named_bytes_is_refused (test_frontier_v8_resource_capture.ResourceCaptureTests) ... ok
2026-10-03T13:23:02.2443488Z test_directory_scan_error_is_not_silently_treated_as_empty (test_frontier_v8_resource_capture.ResourceCaptureTests) ... ok
2026-10-03T13:23:02.2455099Z test_excluded_node_and_stale_or_invalid_acquisition_refused (test_frontier_v8_resource_capture.ResourceCaptureTests) ... ok
2026-10-03T13:23:02.2475238Z test_execute_rejects_before_request_read (test_frontier_v8_resource_capture.ResourceCaptureTests) ... ok
2026-10-03T13:23:02.2503892Z test_low_util_compute_process_is_occupied (test_frontier_v8_resource_capture.ResourceCaptureTests) ... ok
2026-10-03T13:23:02.2514979Z test_missing_protected_card_or_duplicate_uuid_refused (test_frontier_v8_resource_capture.ResourceCaptureTests) ... ok
2026-10-03T13:23:02.2533964Z test_new_file_during_tree_hash_refused (test_frontier_v8_resource_capture.ResourceCaptureTests) ... ok
2026-10-03T13:23:02.2552631Z test_overlapping_roots_and_duplicate_paths_refused (test_frontier_v8_resource_capture.ResourceCaptureTests) ... ok
2026-10-03T13:23:02.2568443Z test_process_birth_race_refused (test_frontier_v8_resource_capture.ResourceCaptureTests) ... ok
2026-10-03T13:23:02.2580511Z test_progress_must_be_explicit_integer_not_boolean (test_frontier_v8_resource_capture.ResourceCaptureTests) ... ok
2026-10-03T13:23:02.2617509Z test_protected_state_change_refused (test_frontier_v8_resource_capture.ResourceCaptureTests) ... ok
2026-10-03T13:23:02.2636389Z test_second_observation_busy_is_not_free (test_frontier_v8_resource_capture.ResourceCaptureTests) ... ok
2026-10-03T13:23:02.2649110Z test_special_file_and_symlink_inventory_rejected (test_frontier_v8_resource_capture.ResourceCaptureTests) ... ok
2026-10-03T13:23:02.2684305Z test_tree_inventory_and_required_bytes_reread (test_frontier_v8_resource_capture.ResourceCaptureTests) ... ok
2026-10-03T13:23:02.2698871Z test_unknown_compute_pid_cannot_be_silently_ignored (test_frontier_v8_resource_capture.ResourceCaptureTests) ... ok
2026-10-03T13:23:02.2717025Z test_vacancy_requires_both_samples_but_grants_no_authority (test_frontier_v8_resource_capture.ResourceCaptureTests) ... ok
2026-10-03T13:23:02.7326524Z test_borrowed_catchable_interrupt_restores_same_process_tree (test_frontier_v8_resource_episode.ResourceEpisodeLinuxTests) ... ok
2026-10-03T13:23:03.1874885Z test_borrowed_controller_sigkill_restores_same_process_tree (test_frontier_v8_resource_episode.ResourceEpisodeLinuxTests) ... ok
2026-10-03T13:23:03.5608040Z test_borrowed_failed_gate_nonzero_resumes_all_originals (test_frontier_v8_resource_episode.ResourceEpisodeLinuxTests) ... ok
2026-10-03T13:23:03.8701463Z test_borrowed_hash_failure_keeps_reservations_after_resume (test_frontier_v8_resource_episode.ResourceEpisodeLinuxTests) ... ok
2026-10-03T13:23:03.9838950Z test_borrowed_original_nonce_mismatch_is_refused_before_launch (test_frontier_v8_resource_episode.ResourceEpisodeLinuxTests) ... ok
2026-10-03T13:23:04.4918597Z test_borrowed_originals_resume_same_birth_and_progress_without_restart (test_frontier_v8_resource_episode.ResourceEpisodeLinuxTests) ... ok
2026-10-03T13:23:04.7994216Z test_borrowed_ownership_loss_resumes_but_keeps_unproven_lease (test_frontier_v8_resource_episode.ResourceEpisodeLinuxTests) ... ok
2026-10-03T13:23:05.5705143Z test_borrowed_timeout_resumes_all_originals (test_frontier_v8_resource_episode.ResourceEpisodeLinuxTests) ... ok
2026-10-03T13:23:05.7974707Z test_controller_loss_guard_cleans_worker_and_writes_independent_receipt (test_frontier_v8_resource_episode.ResourceEpisodeLinuxTests) ... ok
2026-10-03T13:23:06.1864941Z test_escaped_new_descendant_is_cleaned_and_unrelated_fixture_survives (test_frontier_v8_resource_episode.ResourceEpisodeLinuxTests) ... ok
2026-10-03T13:23:06.1877677Z test_independent_spec_validation_happens_before_launch (test_frontier_v8_resource_episode.ResourceEpisodeLinuxTests) ... ok
2026-10-03T13:23:06.3545664Z test_lost_gpu_identity_never_releases_reservation (test_frontier_v8_resource_episode.ResourceEpisodeLinuxTests) ... ok
2026-10-03T13:23:06.5607364Z test_timeout_kills_only_new_tree_and_releases_after_independent_audit (test_frontier_v8_resource_episode.ResourceEpisodeLinuxTests) ... ok
2026-10-03T13:23:06.7066354Z test_worker_failure_preserves_failure_and_restoration_evidence (test_frontier_v8_resource_episode.ResourceEpisodeLinuxTests) ... ok
2026-10-03T13:23:06.9327623Z test_worker_receives_real_owner_and_success_releases_lease (test_frontier_v8_resource_episode.ResourceEpisodeLinuxTests) ... ok
2026-10-03T13:23:06.9333236Z test_borrowed_scope_reserves_all_original_gpus (test_frontier_v8_resource_episode.ResourceEpisodeUnitTests) ... ok
2026-10-03T13:23:06.9483977Z test_delayed_restoration_evidence_publication_cannot_release_lease (test_frontier_v8_resource_episode.ResourceEpisodeUnitTests) ... ok
2026-10-03T13:23:06.9495066Z test_fake_manifest_without_inherited_owner_is_not_authority (test_frontier_v8_resource_episode.ResourceEpisodeUnitTests) ... ok
2026-10-03T13:23:06.9500481Z test_free_gpu_requires_idle_memory_measurement (test_frontier_v8_resource_episode.ResourceEpisodeUnitTests) ... ok
2026-10-03T13:23:06.9504256Z test_gpu0_and_gpu1_are_never_selected (test_frontier_v8_resource_episode.ResourceEpisodeUnitTests) ... ok
2026-10-03T13:23:06.9525317Z test_inode_replacement_and_unlocked_lease_are_detected (test_frontier_v8_resource_episode.ResourceEpisodeUnitTests) ... ok
2026-10-03T13:23:06.9536076Z test_live_gpu_reader_rejects_inventory_change_between_reads (test_frontier_v8_resource_episode.ResourceEpisodeUnitTests) ... ok
2026-10-03T13:23:06.9545760Z test_live_gpu_reader_uses_absolute_bounded_shell_free_queries (test_frontier_v8_resource_episode.ResourceEpisodeUnitTests) ... ok
2026-10-03T13:23:06.9554757Z test_live_probe_allows_protected_activity_but_requires_both_selected_idle_samples (test_frontier_v8_resource_episode.ResourceEpisodeUnitTests) ... ok
2026-10-03T13:23:06.9558479Z test_low_utilization_cannot_hide_compute (test_frontier_v8_resource_episode.ResourceEpisodeUnitTests) ... ok
2026-10-03T13:23:06.9584923Z test_originals_only_stop_cont_same_process_even_after_controller_loss (test_frontier_v8_resource_episode.ResourceEpisodeUnitTests) ... ok
2026-10-03T13:23:06.9648966Z test_originals_refuse_foreign_ancestry_nonce_and_birth (test_frontier_v8_resource_episode.ResourceEpisodeUnitTests) ... ok
2026-10-03T13:23:06.9652465Z test_owner_bindings_are_recursively_immutable (test_frontier_v8_resource_episode.ResourceEpisodeUnitTests) ... ok
2026-10-03T13:23:06.9737357Z test_owner_live_relationship_and_fresh_probe_are_rechecked (test_frontier_v8_resource_episode.ResourceEpisodeUnitTests) ... ok
2026-10-03T13:23:06.9746286Z test_production_cli_is_closed (test_frontier_v8_resource_episode.ResourceEpisodeUnitTests) ... ok
2026-10-03T13:23:06.9750246Z test_raw_gpu_inventory_refuses_duplicates_and_unknown_compute (test_frontier_v8_resource_episode.ResourceEpisodeUnitTests) ... ok
2026-10-03T13:23:06.9780649Z test_release_deadline_failure_keeps_every_marker (test_frontier_v8_resource_episode.ResourceEpisodeUnitTests) ... ok
2026-10-03T13:23:06.9829561Z test_same_inode_marker_rewrite_cannot_preserve_reservation_identity (test_frontier_v8_resource_episode.ResourceEpisodeUnitTests) ... ok
2026-10-03T13:23:06.9862674Z test_source_closure_requires_all_three_exact_regular_sources (test_frontier_v8_resource_episode.ResourceEpisodeUnitTests) ... ok
2026-10-03T13:23:06.9892654Z test_unproven_lease_survives_descriptor_close (test_frontier_v8_resource_episode.ResourceEpisodeUnitTests) ... ok
2026-10-03T13:23:06.9896430Z test_work_and_restoration_bounds_are_distinct (test_frontier_v8_resource_episode.ResourceEpisodeUnitTests) ... ok
2026-10-03T13:23:06.9947808Z test_baseline_missing_rank_and_nonloopback_endpoint_fail (test_frontier_v8_restoration_audit.RestorationAuditTests) ... ok
2026-10-03T13:23:06.9988962Z test_default_GPU_backend_uses_absolute_binary_and_scrubbed_environment (test_frontier_v8_restoration_audit.RestorationAuditTests) ... ok
2026-10-03T13:23:07.0182607Z test_dynamic_memory_utilization_does_not_change_protected_identity (test_frontier_v8_restoration_audit.RestorationAuditTests) ... ok
2026-10-03T13:23:07.0292488Z test_extra_unlisted_optimizer_leaf_fails_complete_inventory (test_frontier_v8_restoration_audit.RestorationAuditTests) ... ok
2026-10-03T13:23:07.0477644Z test_fresh_raw_CSV_query_is_independently_parsed (test_frontier_v8_restoration_audit.RestorationAuditTests) ... ok
2026-10-03T13:23:07.0591661Z test_http_503_response_is_actual_availability_failure (test_frontier_v8_restoration_audit.RestorationAuditTests) ... ok
2026-10-03T13:23:07.0718441Z test_known_owned_birth_cannot_escape_via_reparenting_and_setsid (test_frontier_v8_restoration_audit.RestorationAuditTests) ... ok
2026-10-03T13:23:07.0764025Z test_leaf_mutation_after_final_fd_stat_fails (test_frontier_v8_restoration_audit.RestorationAuditTests) ... ok
2026-10-03T13:23:07.0984194Z test_monotonic_time_reversal_invalidates_saved_observation (test_frontier_v8_restoration_audit.RestorationAuditTests) ... ok
2026-10-03T13:23:07.1035384Z test_no_borrow_can_hash_stage_inputs_without_queue_claim (test_frontier_v8_restoration_audit.RestorationAuditTests) ... ok
2026-10-03T13:23:07.1149199Z test_noninteger_progress_fails (test_frontier_v8_restoration_audit.RestorationAuditTests) ... ok
2026-10-03T13:23:07.1267061Z test_original_pid_reuse_fails (test_frontier_v8_restoration_audit.RestorationAuditTests) ... ok
2026-10-03T13:23:07.1497588Z test_original_reparent_after_bound_parent_exit_preserves_same_birth (test_frontier_v8_restoration_audit.RestorationAuditTests) ... ok
2026-10-03T13:23:07.1737421Z test_original_reparent_after_bound_parent_zombie_with_empty_cmdline (test_frontier_v8_restoration_audit.RestorationAuditTests) ... ok
2026-10-03T13:23:07.1930363Z test_original_reparent_requires_proof_bound_parent_exited (test_frontier_v8_restoration_audit.RestorationAuditTests) ... ok
2026-10-03T13:23:07.2114442Z test_original_stopped_and_missing_fail (test_frontier_v8_restoration_audit.RestorationAuditTests) ... ok
2026-10-03T13:23:07.2300408Z test_original_uid_and_boot_mismatch_fail (test_frontier_v8_restoration_audit.RestorationAuditTests) ... ok
2026-10-03T13:23:07.2345978Z test_oversized_deadline_and_claimed_optimizer_boundary_rejected_before_reads (test_frontier_v8_restoration_audit.RestorationAuditTests) ... ok
2026-10-03T13:23:07.2555914Z test_owned_worker_alive_and_unlisted_same_group_descendant_fail (test_frontier_v8_restoration_audit.RestorationAuditTests) ... ok
2026-10-03T13:23:07.2598914Z test_production_cli_refuses_before_any_paths_or_reads (test_frontier_v8_restoration_audit.RestorationAuditTests) ... ok
2026-10-03T13:23:07.2875491Z test_protected_compute_birth_and_command_independently_observed (test_frontier_v8_restoration_audit.RestorationAuditTests) ... ok
2026-10-03T13:23:07.3073093Z test_protected_gpu_metadata_and_process_changes_fail (test_frontier_v8_restoration_audit.RestorationAuditTests) ... ok
2026-10-03T13:23:07.3270521Z test_raw_fulltree_same_process_http_and_progress_pass_without_authority (test_frontier_v8_restoration_audit.RestorationAuditTests) ... ok
2026-10-03T13:23:07.3385039Z test_redirect_cannot_follow_external_host (test_frontier_v8_restoration_audit.RestorationAuditTests) ... ok
2026-10-03T13:23:07.3591398Z test_saved_verifier_reparses_raw_not_observer_success_boolean (test_frontier_v8_restoration_audit.RestorationAuditTests) ... ok
2026-10-03T13:23:07.3844675Z test_static_progress_reaches_monotonic_deadline_without_pass (test_frontier_v8_restoration_audit.RestorationAuditTests) ... ok
2026-10-03T13:23:07.3894263Z test_symlink_in_immutable_tree_fails (test_frontier_v8_restoration_audit.RestorationAuditTests) ... ok
2026-10-03T13:23:07.3946076Z test_tree_traversal_permission_error_cannot_silently_prune (test_frontier_v8_restoration_audit.RestorationAuditTests) ... ok
2026-10-03T13:23:07.4132293Z test_wall_clock_jumps_have_no_recovery_control_effect (test_frontier_v8_restoration_audit.RestorationAuditTests) ... ok
2026-10-03T13:23:07.4242329Z test_wrong_fullhash_same_size_fails (test_frontier_v8_restoration_audit.RestorationAuditTests) ... ok
2026-10-03T13:23:07.9250296Z test_actual_entries_refuse_before_files_paths_or_import_factories (test_frontier_v8_scientific_child.ScientificChildTests) ... ok
2026-10-03T13:23:07.9268855Z test_additional_metadata_or_comparison_request_inside_task_refused (test_frontier_v8_scientific_child.ScientificChildTests) ... ok
2026-10-03T13:23:09.5995754Z test_complete_fixture_original_four_loads_twenty_two_journals_and_binding (test_frontier_v8_scientific_child.ScientificChildTests) ... ok
2026-10-03T13:23:09.6009436Z test_fixture_attempt_reuse_cannot_overwrite_original_preflight (test_frontier_v8_scientific_child.ScientificChildTests) ... ok
2026-10-03T13:23:09.6018669Z test_invalid_fixed_completion_does_not_write_success_wrapper_or_compare (test_frontier_v8_scientific_child.ScientificChildTests) ... ok
2026-10-03T13:23:09.6027710Z test_json_ready_flags_or_production_gpu_scope_cannot_unlock_fixture (test_frontier_v8_scientific_child.ScientificChildTests) ... ok
2026-10-03T13:23:09.6038600Z test_owner_failure_precedes_all_path_and_source_callbacks (test_frontier_v8_scientific_child.ScientificChildTests) ... ok
2026-10-03T13:23:09.6053291Z test_owner_loss_after_training_stops_before_validation_and_comparison (test_frontier_v8_scientific_child.ScientificChildTests) ... ok
2026-10-03T13:23:09.6063383Z test_source_root_declarations_and_owner_binding_fail_before_prepare (test_frontier_v8_scientific_child.ScientificChildTests) ... ok
2026-10-03T13:23:09.6077648Z test_training_failure_restores_observation_and_never_materializes_comparison (test_frontier_v8_scientific_child.ScientificChildTests) ... ok
2026-10-03T13:23:09.6093378Z test_translated_argv_mismatch_or_current_stage_mismatch_stops_before_training (test_frontier_v8_scientific_child.ScientificChildTests) ... ok
2026-10-03T13:23:09.9162206Z test_control_data_level_split_isolation_and_teacher_future_independence (test_games.GamesTest) ... ok
2026-10-03T13:23:10.5053438Z test_control_data_matches_runtime_labels_and_excludes_provenance (test_games.GamesTest) ... ok
2026-10-03T13:23:10.5054703Z test_doom_real_engine_closed_loop_replay (test_games.GamesTest) ... skipped 'optional vizdoom is not installed'
2026-10-03T13:23:11.0303491Z test_game_service_evaluator_records_paired_http_results_and_failures (test_games.GamesTest) ... ok
2026-10-03T13:23:11.5506547Z test_http_uses_only_visible_state_never_oracle_and_errors_propagate (test_games.GamesTest) ... ok
2026-10-03T13:23:11.5507973Z test_invalid_and_terminal_boards (test_games.GamesTest) ... ok
2026-10-03T13:23:11.5509244Z test_invalid_probability_and_move_responses (test_games.GamesTest) ... ok
2026-10-03T13:23:11.6423493Z test_local_trex_box_physics_and_replay (test_games.GamesTest) ... ok
2026-10-03T13:23:11.6426960Z test_mario_and_trex_external_request_contracts (test_games.GamesTest) ... ok
2026-10-03T13:23:11.6627434Z test_minimax_takes_win_blocks_loss_and_selfplay_draws (test_games.GamesTest) ... ok
2026-10-03T13:23:11.6643559Z test_seeded_replay_and_tamper_detection (test_games.GamesTest) ... ok
2026-10-03T13:23:11.9393897Z test_snake_data_exact_collisions_grouped_and_ood_grid (test_games.GamesTest) ... ok
2026-10-03T13:23:11.9398415Z test_snake_reverse_wall_body_tail_and_growth (test_games.GamesTest) ... ok
2026-10-03T13:23:13.0522491Z test_tictactoe_exhaustive_data_and_symmetry_split_isolation (test_games.GamesTest) ... ok
2026-10-03T13:23:13.1892759Z test_tile_platformer_plays_replays_and_obeys_ground_collision (test_games.GamesTest) ... ok
2026-10-03T13:23:13.1905038Z test_wiki_shortest_path_dead_end_and_budget (test_games.GamesTest) ... ok
2026-10-03T13:23:13.2007963Z test_both_dependency_lock_files_reject_tamper_before_checkpoint (test_independent_evaluation.IndependentEvaluationTests) ... ok
2026-10-03T13:23:13.2065129Z test_bundle_is_pinned_not_evaluated_and_cannot_overwrite (test_independent_evaluation.IndependentEvaluationTests) ... ok
2026-10-03T13:23:13.2295338Z test_install_script_disables_inherited_pip_config_before_first_pip (test_independent_evaluation.IndependentEvaluationTests) ... ok
2026-10-03T13:23:13.2298982Z test_invalid_revision_cannot_write_or_inject_shell_code (test_independent_evaluation.IndependentEvaluationTests) ... ok
2026-10-03T13:23:13.2411133Z test_runtime_only_preflight_needs_no_checkpoint_or_model_import (test_independent_evaluation.IndependentEvaluationTests) ... ok
2026-10-03T13:23:13.2512456Z test_runtime_rejects_broken_dependency_check (test_independent_evaluation.IndependentEvaluationTests) ... ok
2026-10-03T13:23:13.2603192Z test_runtime_rejects_global_or_user_site_environment (test_independent_evaluation.IndependentEvaluationTests) ... ok
2026-10-03T13:23:13.2706689Z test_runtime_rejects_missing_or_external_packages (test_independent_evaluation.IndependentEvaluationTests) ... ok
2026-10-03T13:23:13.2801704Z test_runtime_rejects_package_version_drift_before_checkpoint (test_independent_evaluation.IndependentEvaluationTests) ... ok
2026-10-03T13:23:13.2933345Z test_runtime_rejects_unsupported_interpreter_or_platform (test_independent_evaluation.IndependentEvaluationTests) ... ok
2026-10-03T13:23:13.3049766Z test_verified_fixture_still_does_not_claim_inference_or_sealed_result (test_independent_evaluation.IndependentEvaluationTests) ... ok
2026-10-03T13:23:13.3164929Z test_verifier_rejects_wrong_bytes_without_model_load (test_independent_evaluation.IndependentEvaluationTests) ... ok
2026-10-03T13:23:13.3173561Z test_elapsed_deadline_prevents_starting_another_subprocess (test_install_isolated_runtime_cpu.IsolatedRuntimeInstallerTests) ... ok
2026-10-03T13:23:13.3184824Z test_environment_discards_python_pip_credentials_proxies_and_loader_overrides (test_install_isolated_runtime_cpu.IsolatedRuntimeInstallerTests) ... ok
2026-10-03T13:23:13.3237727Z test_exact_official_torch_hosts_accept_real_index_url_and_reject_suffixes (test_install_isolated_runtime_cpu.IsolatedRuntimeInstallerTests) ... ok
2026-10-03T13:23:13.3830465Z test_failed_version_origin_site_or_wheel_proof_preserves_consumed_failure (test_install_isolated_runtime_cpu.IsolatedRuntimeInstallerTests) ... ok
2026-10-03T13:23:13.3873659Z test_other_existing_env_ancestors_are_refused (test_install_isolated_runtime_cpu.IsolatedRuntimeInstallerTests) ... ok
2026-10-03T13:23:13.4016533Z test_overall_budget_expiry_has_failure_receipt_without_fallback (test_install_isolated_runtime_cpu.IsolatedRuntimeInstallerTests) ... ok
2026-10-03T13:23:13.4078444Z test_platform_source_lock_and_owned_parent_refusal_create_no_attempt (test_install_isolated_runtime_cpu.IsolatedRuntimeInstallerTests) ... ok
2026-10-03T13:23:13.4127159Z test_signal_during_popen_return_is_deferred_until_child_registration (test_install_isolated_runtime_cpu.IsolatedRuntimeInstallerTests) ... ok
2026-10-03T13:23:13.4163505Z test_source_shared_environment_and_existing_outputs_are_refused (test_install_isolated_runtime_cpu.IsolatedRuntimeInstallerTests) ... ok
2026-10-03T13:23:13.4303295Z test_success_records_exact_public_wheels_and_isolated_cpu_metadata (test_install_isolated_runtime_cpu.IsolatedRuntimeInstallerTests) ... ok
2026-10-03T13:23:13.4452543Z test_termination_signals_clean_owned_child_write_failure_and_restore_handlers (test_install_isolated_runtime_cpu.IsolatedRuntimeInstallerTests) ... ok
2026-10-03T13:23:13.4467209Z test_timeout_kills_only_owned_new_session_and_reaps (test_install_isolated_runtime_cpu.IsolatedRuntimeInstallerTests) ... ok
2026-10-03T13:23:13.6317081Z test_body_audit_rejects_label_and_reference_tamper_after_rehash (test_ir_control.IRCorpusTest) ... ok
2026-10-03T13:23:13.7637052Z test_body_audit_rejects_training_target_tamper_after_rehash (test_ir_control.IRCorpusTest) ... ok
2026-10-03T13:23:13.7638793Z test_original_pilot_and_full_manifests_are_separate_and_pilot_stays_held_out (test_ir_control.IRCorpusTest) ... skipped 'Local generated corpora not present'
2026-10-03T13:23:13.9041182Z test_stable_family_assignment_does_not_change_on_expansion (test_ir_control.IRCorpusTest) ... ok
2026-10-03T13:23:13.9046625Z test_external_holdout_cannot_use_training_data_tree (test_ir_control.IRMetricAndHoldoutTest) ... ok
2026-10-03T13:23:13.9061866Z test_external_holdout_rejects_missing_candidates_after_rehash (test_ir_control.IRMetricAndHoldoutTest) ... ok
2026-10-03T13:23:13.9089442Z test_external_holdout_requires_all_hashes_one_hundred_and_evaluation_only (test_ir_control.IRMetricAndHoldoutTest) ... ok
2026-10-03T13:23:13.9090628Z test_trec_linear_gain_missing_query_unjudged_and_duplicates (test_ir_control.IRMetricAndHoldoutTest) ... ok
2026-10-03T13:23:13.9546289Z test_100_document_pointwise_and_listwise_request_counts (test_ir_control.IRRuntimeTest) ... ok
2026-10-03T13:23:13.9614978Z test_all_six_methods_run_actual_callbacks_and_preserve_document_set (test_ir_control.IRRuntimeTest) ... ok
2026-10-03T13:23:13.9625610Z test_body_grades_cover_exact_partial_wrong_profile_withdrawn_and_unrelated (test_ir_control.IRRuntimeTest) ... ok
2026-10-03T13:23:13.9633415Z test_explicit_score_rounding_policy_preserves_strict_probability_mass (test_ir_control.IRRuntimeTest) ... ok
2026-10-03T13:23:13.9680197Z test_heaps_rerank_only_requested_prefix_and_setwise_windows_have_at_most_eleven (test_ir_control.IRRuntimeTest) ... ok
2026-10-03T13:23:13.9682079Z test_malformed_response_is_preserved_and_not_a_zero_relevance_label (test_ir_control.IRRuntimeTest) ... ok
2026-10-03T13:23:13.9684565Z test_nonfinite_and_inconsistent_probabilities_fail (test_ir_control.IRRuntimeTest) ... ok
2026-10-03T13:23:13.9719401Z test_pairwise_uses_both_orders_and_cancels_constant_position_bias (test_ir_control.IRRuntimeTest) ... ok
2026-10-03T13:23:13.9720651Z test_quoted_query_does_not_change_document_subject (test_ir_control.IRRuntimeTest) ... ok
2026-10-03T13:23:13.9724135Z test_exact_inputs_and_valid_response (test_jev_api_latency.JevLatencyTest) ... ok
2026-10-03T13:23:13.9725925Z test_rejection_retains_response_and_redacts_key (test_jev_api_latency.JevLatencyTest) ... ok
2026-10-03T13:23:13.9729243Z test_wrong_model_and_malformed_outputs_fail (test_jev_api_latency.JevLatencyTest) ... ok
2026-10-03T13:23:13.9753071Z test_credentials_are_scoped_restored_and_rejected_in_git (test_jevbench_hosted.HostedBoundsTest) ... ok
2026-10-03T13:23:13.9754501Z test_failure_cost_rejects_missing_and_boolean_usage (test_jevbench_hosted.HostedBoundsTest) ... ok
2026-10-03T13:23:13.9755835Z test_output_cap_and_price_bounds_include_all_4096_tokens (test_jevbench_hosted.HostedBoundsTest) ... ok
2026-10-03T13:23:13.9757655Z test_auth_failure_stops_once_and_retains_billed_failure_usage (test_jevbench_hosted.HostedPinnedTest) ... skipped 'requires pinned JevBench source; no downloads in tests'
2026-10-03T13:23:13.9759890Z test_budget_reserves_before_send_and_unknown_cost_remains_charged (test_jevbench_hosted.HostedPinnedTest) ... skipped 'requires pinned JevBench source; no downloads in tests'
2026-10-03T13:23:13.9762356Z test_exact_gpt_options_and_native_probability_provenance (test_jevbench_hosted.HostedPinnedTest) ... skipped 'requires pinned JevBench source; no downloads in tests'
2026-10-03T13:23:13.9764489Z test_wall_deadline_keeps_unknown_dispatch_and_restores_key (test_jevbench_hosted.HostedPinnedTest) ... skipped 'requires pinned JevBench source; no downloads in tests'
2026-10-03T13:23:14.1104298Z test_durable_collection_and_replay_bind_current_scope_and_counts (test_jevbench_open_development.PublicDevelopmentTest) ... ok
2026-10-03T13:23:14.1108212Z test_noul_inclusive_boundaries_and_abstention_count_wrong (test_jevbench_open_development.PublicDevelopmentTest) ... ok
2026-10-03T13:23:14.1249883Z test_prepared_requests_exclude_gold_and_changed_freeze_fails (test_jevbench_open_development.PublicDevelopmentTest) ... ok
2026-10-03T13:23:14.1256763Z test_score_expected_position_is_not_argmax_accuracy (test_jevbench_open_development.PublicDevelopmentTest) ... ok
2026-10-03T13:23:14.1314863Z test_selection_never_consults_gold_state_or_predictions (test_jevbench_open_development.PublicDevelopmentTest) ... ok
2026-10-03T13:23:14.1324861Z test_bad_hash_or_identity_rejected_before_request_and_output (test_jevbench_openjev.JevBenchOpenJevTest) ... ok
2026-10-03T13:23:14.1400540Z test_context_refusal_counts_failure_then_continues (test_jevbench_openjev.JevBenchOpenJevTest) ... ok
2026-10-03T13:23:14.1449773Z test_duplicate_json_and_nonfinite_responses_fail_without_silent_repair (test_jevbench_openjev.JevBenchOpenJevTest) ... ok
2026-10-03T13:23:14.1511737Z test_identity_drift_fails_and_stops_before_next_dispatch (test_jevbench_openjev.JevBenchOpenJevTest) ... ok
2026-10-03T13:23:14.1539129Z test_interruption_after_dispatch_leaves_an_in_flight_record (test_jevbench_openjev.JevBenchOpenJevTest) ... ok
2026-10-03T13:23:14.1618266Z test_one_attempt_per_task_and_durable_journal (test_jevbench_openjev.JevBenchOpenJevTest) ... ok
2026-10-03T13:23:14.1624972Z test_request_gold_separation_and_original_candidate_order (test_jevbench_openjev.JevBenchOpenJevTest) ... ok
2026-10-03T13:23:14.1702603Z test_rounding_distribution_is_retained_without_normalizing_or_pre_rejecting (test_jevbench_openjev.JevBenchOpenJevTest) ... ok
2026-10-03T13:23:14.1743578Z test_timeout_never_retries_and_keeps_pending_distinct (test_jevbench_openjev.JevBenchOpenJevTest) ... ok
2026-10-03T13:23:14.1745460Z test_boolean_probability_cannot_be_rewritten_as_float_during_replay (test_jevbench_openjev.PinnedJevBenchIntegrationTest) ... skipped 'requires the clean pinned JevBench checkout; no download in tests'
2026-10-03T13:23:14.1747105Z test_completed_report_cannot_hide_a_partial_journal (test_jevbench_openjev.PinnedJevBenchIntegrationTest) ... skipped 'requires the clean pinned JevBench checkout; no download in tests'
2026-10-03T13:23:14.1748600Z test_exact_upstream_rounding_and_tie_rules (test_jevbench_openjev.PinnedJevBenchIntegrationTest) ... skipped 'requires the clean pinned JevBench checkout; no download in tests'
2026-10-03T13:23:14.1750148Z test_pinned_public_counts_and_exact_requests_match_upstream_adapter (test_jevbench_openjev.PinnedJevBenchIntegrationTest) ... skipped 'requires the clean pinned JevBench checkout; no download in tests'
2026-10-03T13:23:14.1752069Z test_public_summary_uses_gold_only_offline_and_accounts_for_pending (test_jevbench_openjev.PinnedJevBenchIntegrationTest) ... skipped 'requires the clean pinned JevBench checkout; no download in tests'
2026-10-03T13:23:14.1768533Z test_collection_guard_reaps_collector_when_owned_server_exits (test_jevbench_suite.JevBenchSuiteTest) ... ok
2026-10-03T13:23:14.1803087Z test_collection_hard_timeout_reaps_exact_child (test_jevbench_suite.JevBenchSuiteTest) ... ok
2026-10-03T13:23:14.1891721Z test_collection_identity_failure_stops_before_second_model (test_jevbench_suite.JevBenchSuiteTest) ... ok
2026-10-03T13:23:14.1971894Z test_collection_timeout_reaps_server_without_starting_next_model (test_jevbench_suite.JevBenchSuiteTest) ... ok
2026-10-03T13:23:14.2007879Z test_existing_output_refused_without_children (test_jevbench_suite.JevBenchSuiteTest) ... ok
2026-10-03T13:23:14.2046674Z test_n1_mode_verifies_host_and_idle_card_before_selecting_uuid (test_jevbench_suite.JevBenchSuiteTest) ... ok
2026-10-03T13:23:14.2133913Z test_only_new_27b_checkpoint_runs_after_training (test_jevbench_suite.JevBenchSuiteTest) ... ok
2026-10-03T13:23:14.2240126Z test_serial_servers_and_gold_read_only_after_both_are_stopped (test_jevbench_suite.JevBenchSuiteTest) ... ok
2026-10-03T13:23:14.2304548Z test_slurm_mapping_is_preserved_and_broad_visibility_rejected (test_jevbench_suite.JevBenchSuiteTest) ... ok
2026-10-03T13:23:14.2393403Z test_startup_failure_reaps_only_first_server_and_never_collects (test_jevbench_suite.JevBenchSuiteTest) ... ok
2026-10-03T13:23:14.2403966Z test_explicit_policy_cannot_bypass_repository_restriction (test_launch_expansion.LauncherResourcePolicyTests) ... ok
2026-10-03T13:23:14.2452215Z test_main_binds_accepted_physical_indices_to_their_gpu_uuids (test_launch_expansion.LauncherResourcePolicyTests) ... ok
2026-10-03T13:23:14.2472164Z test_main_rejects_wrong_host_before_any_subprocess_or_gpu_query (test_launch_expansion.LauncherResourcePolicyTests) ... ok
2026-10-03T13:23:14.2497709Z test_malformed_or_contradictory_policy_fails_closed (test_launch_expansion.LauncherResourcePolicyTests) ... ok
2026-10-03T13:23:14.2504123Z test_matching_n1_hostname_and_training_cards_are_accepted_and_audited (test_launch_expansion.LauncherResourcePolicyTests) ... ok
2026-10-03T13:23:14.2512175Z test_wrong_host_and_prohibited_training_cards_are_rejected (test_launch_expansion.LauncherResourcePolicyTests) ... ok
2026-10-03T13:23:14.8568971Z test_audit_does_not_use_hidden_oracle_or_variant_metadata (test_mailroom_data.MailroomDataTests) ... ok
2026-10-03T13:23:15.3082926Z test_complete_contract_and_independent_audit (test_mailroom_data.MailroomDataTests) ... ok
2026-10-03T13:23:16.1049584Z test_expansion_preserves_every_old_case_row_and_heldout_family (test_mailroom_data.MailroomDataTests) ... ok
2026-10-03T13:23:16.4938597Z test_final_text_header_and_question_mutations_fail_closed (test_mailroom_data.MailroomDataTests) ... ok
2026-10-03T13:23:16.8106999Z test_link_relay_paid_and_advertised_amounts_in_all_languages (test_mailroom_data.MailroomDataTests) ... ok
2026-10-03T13:23:17.3888012Z test_matching_wrong_gold_and_target_are_rejected (test_mailroom_data.MailroomDataTests) ... ok
2026-10-03T13:23:17.6942939Z test_model_input_excludes_all_supervision_and_provenance (test_mailroom_data.MailroomDataTests) ... ok
2026-10-03T13:23:17.9764343Z test_prediction_reader_requires_typed_mass_and_marks_exact_tie_unresolved (test_mailroom_data.MailroomDataTests) ... ok
2026-10-03T13:23:18.7555444Z test_probe_export_preserves_inputs_without_gold_or_predictions (test_mailroom_data.MailroomDataTests) ... ok
2026-10-03T13:23:19.0946618Z test_provider_counterfactual_and_taxonomy_follow_service (test_mailroom_data.MailroomDataTests) ... ok
2026-10-03T13:23:19.3828972Z test_sealed_bytes_and_existing_directory_are_protected (test_mailroom_data.MailroomDataTests) ... ok
2026-10-03T13:23:19.7665105Z test_unknown_service_and_conflicting_actions_do_not_get_fallback_gold (test_mailroom_data.MailroomDataTests) ... ok
2026-10-03T13:23:19.7666636Z test_extreme_logits_and_binary_probabilities (test_metrics.CalibrationTest) ... ok
2026-10-03T13:23:19.7671063Z test_soft_labels_and_constant_logits (test_metrics.CalibrationTest) ... ok
2026-10-03T13:23:19.7679904Z test_temperature_recovers_known_bernoulli_frequency (test_metrics.CalibrationTest) ... ok
2026-10-03T13:23:19.7681207Z test_choice_uses_scaled_peak (test_metrics.OfficialConfidenceTest) ... ok
2026-10-03T13:23:19.7682185Z test_score_depends_on_ordinal_distance_and_first_mode (test_metrics.OfficialConfidenceTest) ... ok
2026-10-03T13:23:19.7683283Z test_uniform_and_deterministic_distributions (test_metrics.OfficialConfidenceTest) ... ok
2026-10-03T13:23:19.7684901Z test_hard_outcomes_have_known_scores_and_coverage (test_metrics.ProbabilityMetricsTest) ... ok
2026-10-03T13:23:19.7687500Z test_invalid_probability_data_is_rejected (test_metrics.ProbabilityMetricsTest) ... ok
2026-10-03T13:23:19.7689056Z test_mixed_targets_and_variable_cardinality (test_metrics.ProbabilityMetricsTest) ... ok
2026-10-03T13:23:19.7690356Z test_perfect_probabilities_fit_last_ece_bin (test_metrics.ProbabilityMetricsTest) ... ok
2026-10-03T13:23:19.7691847Z test_soft_targets_are_not_argmax_ground_truth (test_metrics.ProbabilityMetricsTest) ... ok
2026-10-03T13:23:19.7693328Z test_loopback_timeout_defaults_to_120_seconds_and_is_configurable (test_mps_support.HttpTimeoutTest) ... skipped 'requires optional torch/transformers/peft train runtime'
2026-10-03T13:23:19.7694769Z test_cpu_and_mps_benchmark_runs_compare_as_equal_decisions (test_mps_support.MpsSupportTest) ... skipped 'requires a torch build with an available MPS backend'
2026-10-03T13:23:19.7702621Z test_every_parameter_is_resident_on_mps_and_nothing_falls_back_to_cpu (test_mps_support.MpsSupportTest) ... skipped 'requires a torch build with an available MPS backend'
2026-10-03T13:23:19.7703859Z test_float32_scores_match_cpu_within_the_existing_parity_bar (test_mps_support.MpsSupportTest) ... skipped 'requires a torch build with an available MPS backend'
2026-10-03T13:23:19.7704939Z test_latency_benchmark_synchronizes_metal_around_every_timed_call (test_mps_support.MpsSupportTest) ... skipped 'requires a torch build with an available MPS backend'
2026-10-03T13:23:19.7706201Z test_mps_profile_timing_synchronizes_metal_not_cuda (test_mps_support.MpsSupportTest) ... skipped 'requires a torch build with an available MPS backend'
2026-10-03T13:23:19.7707249Z test_reduced_precision_error_is_no_worse_than_cpu_at_the_same_dtype (test_mps_support.MpsSupportTest) ... skipped 'requires a torch build with an available MPS backend'
2026-10-03T13:23:19.7708300Z test_residency_check_detects_a_parameter_left_on_cpu (test_mps_support.MpsSupportTest) ... skipped 'requires a torch build with an available MPS backend'
2026-10-03T13:23:19.7709369Z test_cpu_profile_timing_never_synchronizes_cuda (test_mps_support.ProfileSynchronizationTest) ... skipped 'requires optional torch/transformers/peft train runtime'
2026-10-03T13:23:19.7710577Z test_meta_embedding_profile_synchronizes_actual_accelerator_devices (test_mps_support.ProfileSynchronizationTest) ... skipped 'requires optional torch/transformers/peft train runtime'
2026-10-03T13:23:19.7712074Z test_engagement_requires_successful_profiler_child (test_mps_support.ProfiledChildEnvironmentTest) ... skipped 'requires optional torch/transformers/peft train runtime'
2026-10-03T13:23:19.7725130Z test_profiled_child_loads_weights_on_one_thread (test_mps_support.ProfiledChildEnvironmentTest) ... ok
2026-10-03T13:23:19.7729675Z test_incomplete_refusal_extra_key_wrong_types_wrong_model_rejected (test_openai_api_benchmark.OpenAIComparisonTest) ... ok
2026-10-03T13:23:19.7733486Z test_rejected_transport_is_not_inference_and_redacts_key (test_openai_api_benchmark.OpenAIComparisonTest) ... ok
2026-10-03T13:23:19.7735424Z test_semantics_and_candidate_order_preserved_without_labels (test_openai_api_benchmark.OpenAIComparisonTest) ... ok
2026-10-03T13:23:19.7736742Z test_valid_choices_and_cost (test_openai_api_benchmark.OpenAIComparisonTest) ... ok
2026-10-03T13:23:19.7753710Z test_bad_input_or_identity_fails_before_connection_or_outputs (test_openjev_provider.OpenJevProviderTest) ... ok
2026-10-03T13:23:19.7775359Z test_budget_stops_without_an_attempt_and_preserves_all_pending (test_openjev_provider.OpenJevProviderTest) ... ok
2026-10-03T13:23:20.2843814Z test_checkpoint_drift_stops_before_next_request_and_preserves_pending (test_openjev_provider.OpenJevProviderTest) ... ok
2026-10-03T13:23:20.7935677Z test_invalid_probability_is_retained_and_counts_zero_without_renormalization (test_openjev_provider.OpenJevProviderTest) ... ok
2026-10-03T13:23:20.7953678Z test_malformed_inputs_and_request_hashes_are_rejected (test_openjev_provider.OpenJevProviderTest) ... ok
2026-10-03T13:23:20.8019356Z test_nonfinite_wire_response_is_retained_without_invalid_json_in_output (test_openjev_provider.OpenJevProviderTest) ... ok
2026-10-03T13:23:21.9129045Z test_real_loopback_more_than_32_workloads_one_attempt_and_existing_quality_scorer (test_openjev_provider.OpenJevProviderTest) ... ok
2026-10-03T13:23:21.9143001Z test_response_invariants_reject_cache_identity_and_inconsistent_scalar (test_openjev_provider.OpenJevProviderTest) ... ok
2026-10-03T13:23:22.4902950Z test_sigkill_leaves_durable_inflight_dispatch_not_unattempted (test_openjev_provider.OpenJevProviderTest) ... ok
2026-10-03T13:23:23.0664892Z test_sigterm_retains_dispatched_request_as_failed_not_pending (test_openjev_provider.OpenJevProviderTest) ... ok
2026-10-03T13:23:23.0716078Z test_timeout_never_retries_or_advances (test_openjev_provider.OpenJevProviderTest) ... ok
2026-10-03T13:23:23.1574321Z test_adaptive_float_scores_and_journal_precede_each_actual_request (test_openjev_trec.OpenJevTrecTest) ... ok
2026-10-03T13:23:39.2041125Z test_all_97_queries_close_in_873_unique_requests_with_stable_ties (test_openjev_trec.OpenJevTrecTest) ... ok
2026-10-03T13:23:39.8894812Z test_all_failed_queries_remain_full_denominator_without_extra_requests (test_openjev_trec.OpenJevTrecTest) ... ok
2026-10-03T13:23:39.9359259Z test_http_server_failure_stops_and_bad_preflight_never_connects (test_openjev_trec.OpenJevTrecTest) ... ok
2026-10-03T13:23:40.0044493Z test_identity_drift_and_timeout_stop_without_advancing (test_openjev_trec.OpenJevTrecTest) ... ok
2026-10-03T13:23:40.0839404Z test_nonfatal_invalid_probability_is_saved_as_failure_then_next_query_runs (test_openjev_trec.OpenJevTrecTest) ... ok
2026-10-03T13:23:40.2341801Z test_out_of_range_scalar_is_failed_before_persisting_success (test_openjev_trec.OpenJevTrecTest) ... ok
2026-10-03T13:23:40.2873352Z test_raw_response_binding_preserves_numeric_types_and_mapping_order (test_openjev_trec.OpenJevTrecTest) ... ok
2026-10-03T13:23:40.8787103Z test_real_loopback_uses_owned_service_and_unrounded_expected_scores (test_openjev_trec.OpenJevTrecTest) ... ok
2026-10-03T13:23:40.9320860Z test_request_and_time_budgets_keep_incomplete_and_unattempted_queries (test_openjev_trec.OpenJevTrecTest) ... ok
2026-10-03T13:23:42.0366431Z test_sigterm_settles_failed_dispatch_but_sigkill_leaves_unknown_outcome (test_openjev_trec.OpenJevTrecTest) ... ok
2026-10-03T13:23:42.2602275Z test_changed_identity_raw_body_ranking_or_adaptive_window_is_rejected (test_openjev_trec_summary.OpenJevTrecSummaryTest) ... ok
2026-10-03T13:23:42.4017937Z test_changed_qrels_or_manifest_are_rejected (test_openjev_trec_summary.OpenJevTrecSummaryTest) ... ok
2026-10-03T13:23:42.5329247Z test_dangling_dispatch_and_extra_journal_tail_cannot_be_scored (test_openjev_trec_summary.OpenJevTrecSummaryTest) ... ok
2026-10-03T13:23:42.7022248Z test_failed_first_query_has_no_fallback_and_next_complete_still_full_denominator (test_openjev_trec_summary.OpenJevTrecSummaryTest) ... ok
2026-10-03T13:24:01.7101860Z test_full_run_replays_expected_scores_and_full_qrels_without_network (test_openjev_trec_summary.OpenJevTrecSummaryTest) ... ok
2026-10-03T13:24:01.9459988Z test_mandatory_fatal_cannot_be_relabelled_to_continue_more_queries (test_openjev_trec_summary.OpenJevTrecSummaryTest) ... ok
2026-10-03T13:24:02.0676763Z test_matching_raw_and_parsed_cache_change_still_fails_identity (test_openjev_trec_summary.OpenJevTrecSummaryTest) ... ok
2026-10-03T13:24:02.2337909Z test_partial_keeps_full43_54_denominators_and_pending_zero (test_openjev_trec_summary.OpenJevTrecSummaryTest) ... ok
2026-10-03T13:24:02.3484247Z test_pending_query_cannot_precede_processed_queries (test_openjev_trec_summary.OpenJevTrecSummaryTest) ... ok
2026-10-03T13:24:02.4846316Z test_raw_boolean_and_probability_order_cannot_hide_behind_python_equality (test_openjev_trec_summary.OpenJevTrecSummaryTest) ... ok
2026-10-03T13:24:02.6018370Z test_reordered_payload_is_rejected_even_when_sorted_digest_unchanged (test_openjev_trec_summary.OpenJevTrecSummaryTest) ... ok
2026-10-03T13:24:02.6041473Z test_all_painting_modes_pass_bounded_server_predictor (test_painting.PaintingTest) ... ok
2026-10-03T13:24:02.6119661Z test_bad_model_outputs_are_rejected (test_painting.PaintingTest) ... ok
2026-10-03T13:24:02.6165439Z test_coordinates_survive_id_removal_and_batching (test_painting.PaintingTest) ... ok
2026-10-03T13:24:03.5589653Z test_data_have_valid_targets_and_scene_splits (test_painting.PaintingTest) ... ok
2026-10-03T13:24:03.5591235Z test_invalid_limits_fail_before_allocation (test_painting.PaintingTest) ... ok
2026-10-03T13:24:03.5639936Z test_probabilities_are_rendered_as_a_mean_not_argmax (test_painting.PaintingTest) ... ok
2026-10-03T13:24:03.9163076Z test_procedural_targets_reconstruct_exact_images_in_all_modes (test_painting.PaintingTest) ... ok
2026-10-03T13:24:04.0951574Z test_ui_keeps_one_endpoint_per_run (test_painting.PaintingTest) ... ok
2026-10-03T13:24:04.1021181Z test_all_failures_and_soft_targets_have_defined_full_denominators (test_parallel_data_eval.ParallelDataEvalTests) ... ok
2026-10-03T13:24:04.1116832Z test_calibration_id_membership_and_checkpoint_content_are_bound (test_parallel_data_eval.ParallelDataEvalTests) ... ok
2026-10-03T13:24:04.1186040Z test_checkpoint_requires_final_completion_and_correct_model (test_parallel_data_eval.ParallelDataEvalTests) ... ok
2026-10-03T13:24:04.1568466Z test_controller_runs_four_shards_then_next_model (test_parallel_data_eval.ParallelDataEvalTests) ... ok
2026-10-03T13:24:04.1705519Z test_controller_worker_crash_stops_only_owned_children_and_fails (test_parallel_data_eval.ParallelDataEvalTests) ... ok
2026-10-03T13:24:04.1773151Z test_dataset_pin_catches_wrong_manifest_and_changed_bytes (test_parallel_data_eval.ParallelDataEvalTests) ... ok
2026-10-03T13:24:04.1888680Z test_error_rows_remain_in_total_and_confidence_coverage (test_parallel_data_eval.ParallelDataEvalTests) ... ok
2026-10-03T13:24:04.3484522Z test_expansion_40281_rows_use_global_order_without_padding_or_drop (test_parallel_data_eval.ParallelDataEvalTests) ... ok
2026-10-03T13:24:04.9114221Z test_expansion_checkpoint_requires_ddp_full_pass_and_saved_calibration (test_parallel_data_eval.ParallelDataEvalTests) ... ok
2026-10-03T13:24:05.2697023Z test_expansion_controller_runs_only_four_27b_workers (test_parallel_data_eval.ParallelDataEvalTests) ... ok
2026-10-03T13:24:05.2801114Z test_expansion_manifest_and_each_split_are_fixed (test_parallel_data_eval.ParallelDataEvalTests) ... ok
2026-10-03T13:24:05.6572547Z test_expansion_merge_binds_profile_data_assignment_and_failure_denominator (test_parallel_data_eval.ParallelDataEvalTests) ... ok
2026-10-03T13:24:05.6637556Z test_invalid_scorer_output_is_an_explicit_failure (test_parallel_data_eval.ParallelDataEvalTests) ... ok
2026-10-03T13:24:05.7074017Z test_missing_duplicate_wrong_split_checkpoint_and_temperature_fail (test_parallel_data_eval.ParallelDataEvalTests) ... ok
2026-10-03T13:24:05.7283497Z test_missing_worker_report_or_wrong_plan_and_counts_fail (test_parallel_data_eval.ParallelDataEvalTests) ... ok
2026-10-03T13:24:05.7344198Z test_model_profile_defaults_and_cross_profile_rejection (test_parallel_data_eval.ParallelDataEvalTests) ... ok
2026-10-03T13:24:05.7416902Z test_only_target_four_gpus_must_be_idle_and_complete (test_parallel_data_eval.ParallelDataEvalTests) ... ok
2026-10-03T13:24:05.7484128Z test_phase_policy_and_fixed_host_required_before_launch (test_parallel_data_eval.ParallelDataEvalTests) ... ok
2026-10-03T13:24:05.7604278Z test_saved_temperature_and_source_group_summaries (test_parallel_data_eval.ParallelDataEvalTests) ... ok
2026-10-03T13:24:05.7667017Z test_shards_cover_every_id_once_in_stable_order (test_parallel_data_eval.ParallelDataEvalTests) ... ok
2026-10-03T13:24:05.7734269Z test_shared_lease_prevents_concurrent_eval_or_training (test_parallel_data_eval.ParallelDataEvalTests) ... ok
2026-10-03T13:24:05.7817833Z test_short_run_or_failed_reload_cannot_masquerade_as_fullpass (test_parallel_data_eval.ParallelDataEvalTests) ... ok
2026-10-03T13:24:05.8022526Z test_sigterm_and_sigint_interruptions_reap_all_owned_workers (test_parallel_data_eval.ParallelDataEvalTests) ... ok
2026-10-03T13:24:05.8109001Z test_temperature_must_be_saved_calibration_not_test_or_bad_value (test_parallel_data_eval.ParallelDataEvalTests) ... ok
2026-10-03T13:24:05.8111156Z test_all_candidates_and_document_variants_keep_family_split (test_phone_extraction_control.PhoneDatasetTest) ... skipped 'requires the optional .[phone] extra'
2026-10-03T13:24:05.8113326Z test_manifest_binds_source_and_artifacts_and_refuses_overwrite (test_phone_extraction_control.PhoneDatasetTest) ... skipped 'requires the optional .[phone] extra'
2026-10-03T13:24:05.8127088Z test_ambiguous_and_unsupported_declarations_require_review (test_phone_extraction_control.PhoneRuntimeTest) ... ok
2026-10-03T13:24:05.8137744Z test_candidate_limit_is_explicit_and_zero_candidates_are_valid_api (test_phone_extraction_control.PhoneRuntimeTest) ... ok
2026-10-03T13:24:05.8142967Z test_candidates_cannot_be_invented_or_shifted (test_phone_extraction_control.PhoneRuntimeTest) ... ok
2026-10-03T13:24:05.8144793Z test_exact_e164_for_national_and_international_reserved_styles (test_phone_extraction_control.PhoneRuntimeTest) ... skipped 'requires the optional .[phone] extra'
2026-10-03T13:24:05.8146904Z test_implicit_trunk_or_idd_digit_repair_is_rejected (test_phone_extraction_control.PhoneRuntimeTest) ... skipped 'requires the optional .[phone] extra'
2026-10-03T13:24:05.8148968Z test_locally_possible_numbers_without_area_code_have_no_e164 (test_phone_extraction_control.PhoneRuntimeTest) ... skipped 'requires the optional .[phone] extra'
2026-10-03T13:24:05.8151646Z test_message_layout_preserves_public_role_and_region_semantics (test_phone_extraction_control.PhoneRuntimeTest) ... skipped 'requires the optional .[phone] extra'
2026-10-03T13:24:05.8179565Z test_missing_country_never_defaults_even_with_international_code (test_phone_extraction_control.PhoneRuntimeTest) ... ok
2026-10-03T13:24:05.8182764Z test_missing_optional_library_has_explicit_install_hint (test_phone_extraction_control.PhoneRuntimeTest) ... ok
2026-10-03T13:24:05.8184465Z test_optional_library_version_is_exact (test_phone_extraction_control.PhoneRuntimeTest) ... skipped 'requires the optional .[phone] extra'
2026-10-03T13:24:05.8188235Z test_outside_field_candidates_are_retained_but_reviewed (test_phone_extraction_control.PhoneRuntimeTest) ... ok
2026-10-03T13:24:05.8197875Z test_partial_extensions_and_parentheses_cannot_be_rescued (test_phone_extraction_control.PhoneRuntimeTest) ... ok
2026-10-03T13:24:05.8203101Z test_policy_tampering_and_unknown_role_are_rejected (test_phone_extraction_control.PhoneRuntimeTest) ... ok
2026-10-03T13:24:05.8204825Z test_possible_valid_and_routable_are_not_equated (test_phone_extraction_control.PhoneRuntimeTest) ... skipped 'requires the optional .[phone] extra'
2026-10-03T13:24:05.8211871Z test_presence_absence_ambiguity_and_miss_are_separate (test_phone_extraction_control.PhoneRuntimeTest) ... ok
2026-10-03T13:24:05.8216868Z test_query_blind_candidates_and_character_offsets (test_phone_extraction_control.PhoneRuntimeTest) ... ok
2026-10-03T13:24:05.8218737Z test_repeated_phone_uses_offsets_and_wrong_selection_is_not_repaired (test_phone_extraction_control.PhoneRuntimeTest) ... skipped 'requires the optional .[phone] extra'
2026-10-03T13:24:05.8225165Z test_request_builders_do_not_require_library (test_phone_extraction_control.PhoneRuntimeTest) ... ok
2026-10-03T13:24:05.8227094Z test_shared_calling_codes_do_not_override_explicit_region_conflicts (test_phone_extraction_control.PhoneRuntimeTest) ... skipped 'requires the optional .[phone] extra'
2026-10-03T13:24:05.8237375Z test_unicode_vanity_and_malformed_format_do_not_reach_library (test_phone_extraction_control.PhoneRuntimeTest) ... ok
2026-10-03T13:24:05.9068500Z test_all_384_targets_independent_replay_and_group_isolation (test_policy_controls_v6.PolicyControlsV6Test) ... ok
2026-10-03T13:24:06.0987901Z test_corrupted_target_incomplete_group_and_frozen_output (test_policy_controls_v6.PolicyControlsV6Test) ... ok
2026-10-03T13:24:06.1018254Z test_latest_signature_scope_revocation_and_one_cent (test_policy_controls_v6.PolicyControlsV6Test) ... ok
2026-10-03T13:24:06.1028539Z test_refund_priority_exhaustive_48_boundary_cases (test_policy_controls_v6.PolicyControlsV6Test) ... ok
2026-10-03T13:24:06.1265530Z test_untrusted_text_invariance_and_signed_policy_withdrawal (test_policy_controls_v6.PolicyControlsV6Test) ... ok
2026-10-03T13:24:06.1359293Z test_audit_gate_requires_complete_matching_unchanged_capture (test_posttraining_evaluation.PosttrainingTests) ... ok
2026-10-03T13:24:06.1365944Z test_busy_lease_does_not_even_query_cards (test_posttraining_evaluation.PosttrainingTests) ... ok
2026-10-03T13:24:06.1369997Z test_changed_gpu_uuid_aborts (test_posttraining_evaluation.PosttrainingTests) ... ok
2026-10-03T13:24:06.1434226Z test_failed_audit_and_wrong_checkpoint_never_open_gate (test_posttraining_evaluation.PosttrainingTests) ... ok
2026-10-03T13:24:06.1452146Z test_failed_or_incomplete_final_training_never_becomes_ready (test_posttraining_evaluation.PosttrainingTests) ... ok
2026-10-03T13:24:06.1458546Z test_finished_status_does_not_override_live_rank (test_posttraining_evaluation.PosttrainingTests) ... ok
2026-10-03T13:24:06.1465487Z test_foreign_gpu_process_blocks_allocation (test_posttraining_evaluation.PosttrainingTests) ... ok
2026-10-03T13:24:06.1561971Z test_full_sequence_uses_audit_barrier_and_preserves_pending (test_posttraining_evaluation.PosttrainingTests) ... ok
2026-10-03T13:24:06.1567032Z test_missing_audit_waits_without_any_measurement (test_posttraining_evaluation.PosttrainingTests) ... ok
2026-10-03T13:24:06.1580936Z test_nonzero_child_exit_stops_sequence (test_posttraining_evaluation.PosttrainingTests) ... ok
2026-10-03T13:24:06.1599048Z test_owned_child_is_reaped_if_status_write_fails (test_posttraining_evaluation.PosttrainingTests) ... ok
2026-10-03T13:24:06.1609026Z test_plan_rejects_retired_supervisor_wrong_cards_and_noop_command (test_posttraining_evaluation.PosttrainingTests) ... ok
2026-10-03T13:24:06.1622248Z test_prepare_only_does_not_query_processes_gpus_or_launch (test_posttraining_evaluation.PosttrainingTests) ... ok
2026-10-03T13:24:06.1626455Z test_real_lease_contention_is_not_bypassed (test_posttraining_evaluation.PosttrainingTests) ... ok
2026-10-03T13:24:06.1634674Z test_reused_pid_aborts_without_signals (test_posttraining_evaluation.PosttrainingTests) ... ok
2026-10-03T13:24:06.1649238Z test_service_requires_fixed_settings_every_measurement_and_cleanup (test_posttraining_evaluation.PosttrainingTests) ... ok
2026-10-03T13:24:06.1656862Z test_successful_training_uses_actual_identity_not_stale_metadata_pid (test_posttraining_evaluation.PosttrainingTests) ... ok
2026-10-03T13:24:06.1666315Z test_zero_exit_does_not_replace_matching_expansion_artifacts (test_posttraining_evaluation.PosttrainingTests) ... ok
2026-10-03T13:24:06.1668291Z test_bfloat16_cache_keeps_kernel_recurrent_state_in_float32 (test_prefix_cache.PrefixCacheTest) ... skipped 'requires optional torch/transformers/peft train runtime'
2026-10-03T13:24:06.1670528Z test_candidate_and_question_permutations_remain_equivariant (test_prefix_cache.PrefixCacheTest) ... skipped 'requires optional torch/transformers/peft train runtime'
2026-10-03T13:24:06.1673036Z test_checkpoint_benchmark_runner_uses_real_cpu_paths_and_checks_parity (test_prefix_cache.PrefixCacheTest) ... skipped 'requires optional torch/transformers/peft train runtime'
2026-10-03T13:24:06.1675278Z test_fixture_detects_losing_each_kind_of_cache_state (test_prefix_cache.PrefixCacheTest) ... skipped 'requires optional torch/transformers/peft train runtime'
2026-10-03T13:24:06.1677544Z test_fork_isolates_every_cache_tensor_and_batched_continuations (test_prefix_cache.PrefixCacheTest) ... skipped 'requires optional torch/transformers/peft train runtime'
2026-10-03T13:24:06.1679723Z test_lora_wrapper_is_active_on_cached_path (test_prefix_cache.PrefixCacheTest) ... skipped 'requires optional torch/transformers/peft train runtime'
2026-10-03T13:24:06.1682174Z test_overlength_and_training_rejected_before_any_cached_forward (test_prefix_cache.PrefixCacheTest) ... skipped 'requires optional torch/transformers/peft train runtime'
2026-10-03T13:24:06.1684524Z test_predictor_choice_noul_score_probabilities_and_usage_match (test_prefix_cache.PrefixCacheTest) ... skipped 'requires optional torch/transformers/peft train runtime'
2026-10-03T13:24:06.1686864Z test_real_hybrid_logits_probabilities_and_observed_token_reuse (test_prefix_cache.PrefixCacheTest) ... skipped 'requires optional torch/transformers/peft train runtime'
2026-10-03T13:24:06.1689194Z test_requests_and_exception_paths_release_cache_and_preserve_inputs (test_prefix_cache.PrefixCacheTest) ... skipped 'requires optional torch/transformers/peft train runtime'
2026-10-03T13:24:06.1691778Z test_training_forward_is_uncached_and_adapter_head_gradients_survive (test_prefix_cache.PrefixCacheTest) ... skipped 'requires optional torch/transformers/peft train runtime'
2026-10-03T13:24:06.1694370Z test_zero_short_and_identical_prefixes_match_independent_scoring (test_prefix_cache.PrefixCacheTest) ... skipped 'requires optional torch/transformers/peft train runtime'
2026-10-03T13:24:06.1696478Z test_ragged_batches_match_uncached_scoring (test_prefix_cache_ragged.RaggedSuffixTest) ... skipped 'requires torch, transformers and peft'
2026-10-03T13:24:06.1698382Z test_ragged_mode_uses_fewer_suffix_calls (test_prefix_cache_ragged.RaggedSuffixTest) ... skipped 'requires torch, transformers and peft'
2026-10-03T13:24:06.1700195Z test_aliases_and_unordered_lists_cannot_launder_a_reserved_state (test_prepare_boundary_training_v7.BoundaryPreparationTest) ... ok
2026-10-03T13:24:06.1714636Z test_candidate_split_changed_after_independent_audit_is_rejected (test_prepare_boundary_training_v7.BoundaryPreparationTest) ... ok
2026-10-03T13:24:06.1721490Z test_existing_output_and_uncommitted_source_fail_before_loading_data (test_prepare_boundary_training_v7.BoundaryPreparationTest) ... ok
2026-10-03T13:24:06.1726026Z test_identifier_renaming_and_options_cannot_launder_old_test (test_prepare_boundary_training_v7.BoundaryPreparationTest) ... ok
2026-10-03T13:24:06.1730575Z test_normalization_keeps_scope_relations_and_one_cent_facts (test_prepare_boundary_training_v7.BoundaryPreparationTest) ... ok
2026-10-03T13:24:06.1743325Z test_original_train_and_all_heldouts_are_reserved_against_new_copies (test_prepare_boundary_training_v7.BoundaryPreparationTest) ... ok
2026-10-03T13:24:06.1747607Z test_same_split_duplicate_or_identifier_alias_is_rejected (test_prepare_boundary_training_v7.BoundaryPreparationTest) ... ok
2026-10-03T13:24:06.1764153Z test_git_show_uses_captured_commit_when_head_changes (test_prepare_frontier_training_v8.CommittedSourceFixtures) ... ok
2026-10-03T13:24:06.1789314Z test_inherited_git_context_cannot_redirect_source_identity (test_prepare_frontier_training_v8.CommittedSourceFixtures) ... ok
2026-10-03T13:24:06.1814268Z test_scope_checks_bound_files_only_and_rejects_dirty_source (test_prepare_frontier_training_v8.CommittedSourceFixtures) ... ok
2026-10-03T13:24:06.1819418Z test_untracked_source_cannot_claim_head_provenance (test_prepare_frontier_training_v8.CommittedSourceFixtures) ... ok
2026-10-03T13:24:06.1827181Z test_wrong_toplevel_stops_before_reading_commit_or_source (test_prepare_frontier_training_v8.CommittedSourceFixtures) ... ok
2026-10-03T13:24:06.7531878Z test_blocked_full_variant_never_reads_reserved_or_creates_output (test_prepare_frontier_training_v8.PackingFixtures) ... ok
2026-10-03T13:24:07.6329032Z test_declared_derivative_preserves_raw_lines_order_metadata_and_reserved_bytes (test_prepare_frontier_training_v8.PackingFixtures) ... ok
2026-10-03T13:24:08.6989922Z test_exclusion_cannot_duplicate_or_name_a_new_parent (test_prepare_frontier_training_v8.PackingFixtures) ... ok
2026-10-03T13:24:08.6996277Z test_existing_output_fails_before_reading_inputs (test_prepare_frontier_training_v8.PackingFixtures) ... ok
2026-10-03T13:24:09.5752762Z test_forged_manifest_and_wrong_new_reserved_hash_stop_before_output (test_prepare_frontier_training_v8.PackingFixtures) ... ok
2026-10-03T13:24:09.5761516Z test_misassigned_split_duplicate_id_parent_and_visible_input_are_rejected (test_prepare_frontier_training_v8.PackingFixtures) ... ok
2026-10-03T13:24:10.2684073Z test_old_pass_receipt_cannot_authorize_different_parent_declaration (test_prepare_frontier_training_v8.PackingFixtures) ... ok
2026-10-03T13:24:10.7496056Z test_passed_derivative_receipt_cannot_silently_filter_full_inputs (test_prepare_frontier_training_v8.PackingFixtures) ... ok
2026-10-03T13:24:11.0320385Z test_renamed_observed_row_cannot_replace_locked_train (test_prepare_frontier_training_v8.PackingFixtures) ... ok
2026-10-03T13:24:11.0438023Z test_changed_bytes_and_wrong_split_are_rejected_before_output_creation (test_prepare_policy_training_v6.PolicyTrainingPreparationTests) ... ok
2026-10-03T13:24:11.0575669Z test_cross_source_train_to_test_group_leak_is_rejected (test_prepare_policy_training_v6.PolicyTrainingPreparationTests) ... ok
2026-10-03T13:24:11.0776063Z test_observed_regression_order_and_original_hashes_are_frozen (test_prepare_policy_training_v6.PolicyTrainingPreparationTests) ... ok
2026-10-03T13:24:11.0916017Z test_observed_selection_hash_mismatch_and_overwrite_are_rejected (test_prepare_policy_training_v6.PolicyTrainingPreparationTests) ... ok
2026-10-03T13:24:11.1117016Z test_only_train_is_mixed_and_existing_loader_consumes_one_full_pass (test_prepare_policy_training_v6.PolicyTrainingPreparationTests) ... ok
2026-10-03T13:24:11.1225097Z test_rewritten_v6_rows_and_manifest_cannot_change_public_frozen_candidate (test_prepare_policy_training_v6.PolicyTrainingPreparationTests) ... ok
2026-10-03T13:24:11.1227931Z test_missing_error_soft_targets_and_probability_rounding_are_separate (test_provider_quality.QualityTest) ... ok
2026-10-03T13:24:11.1234331Z test_gold_and_metadata_excluded_and_all_forms_roundtrip (test_provider_suite.ProviderSuiteTest) ... ok
2026-10-03T13:24:11.1241075Z test_file_split_mismatch_fails_before_writing (test_public_data.MixDataTests) ... ok
2026-10-03T13:24:11.1448448Z test_mixed_counts_and_metadata_validate (test_public_data.MixDataTests) ... ok
2026-10-03T13:24:11.1455157Z test_identical_inputs_with_conflicting_labels_fail (test_public_data.PublicDataTests) ... ok
2026-10-03T13:24:11.1473529Z test_passage_group_isolation_and_import_provenance (test_public_data.PublicDataTests) ... ok
2026-10-03T13:24:11.1493641Z test_all_public_examples_compile_without_generation (test_recipes.RecipesTest) ... ok
2026-10-03T13:24:11.1494785Z test_date_reference_rollover_and_invalid_dates (test_recipes.RecipesTest) ... ok
2026-10-03T13:24:11.1495981Z test_extraction_is_verbatim_and_missing_value_stays_missing (test_recipes.RecipesTest) ... ok
2026-10-03T13:24:11.1497394Z test_markdown_preserves_code_with_fences (test_recipes.RecipesTest) ... ok
2026-10-03T13:24:11.1498560Z test_multiline_quote_and_list_retain_structure (test_recipes.RecipesTest) ... ok
2026-10-03T13:24:11.1499583Z test_speculative_tool_args_are_not_executed_or_mixed (test_recipes.RecipesTest) ... ok
2026-10-03T13:24:11.1500546Z test_tool_key_collisions_and_reserved_candidates_rejected (test_recipes.RecipesTest) ... ok
2026-10-03T13:24:11.1517594Z test_calibration_fit_matches_analytic_binary_maximum_likelihood (test_replay_boundary_comparison_v7.IndependentArithmeticAndAlignmentTests) ... ok
2026-10-03T13:24:11.1528435Z test_empty_partial_duplicate_failed_hash_order_target_and_logit_tampering (test_replay_boundary_comparison_v7.IndependentArithmeticAndAlignmentTests) ... ok
2026-10-03T13:24:11.1529706Z test_inclusive_thresholds_and_adjacent_floats (test_replay_boundary_comparison_v7.IndependentArithmeticAndAlignmentTests) ... ok
2026-10-03T13:24:11.1531996Z test_invalid_probability_inputs_and_structured_evidence_comparison (test_replay_boundary_comparison_v7.IndependentArithmeticAndAlignmentTests) ... ok
2026-10-03T13:24:11.1536273Z test_metrics_have_hand_computed_nll_brier_ece_and_abstention_denominators (test_replay_boundary_comparison_v7.IndependentArithmeticAndAlignmentTests) ... ok
2026-10-03T13:24:11.1538624Z test_wrong_accepted_predicates_at_both_thresholds_are_not_execution (test_replay_boundary_comparison_v7.IndependentArithmeticAndAlignmentTests) ... ok
2026-10-03T13:24:11.1543756Z test_bare_prefixed_case_variants_match_without_changing_raw_evidence (test_replay_boundary_comparison_v7.IndependentGpuRuntimeTests) ... ok
2026-10-03T13:24:11.1545138Z test_full_uuid_accepts_only_optional_exact_prefix_and_hex_case (test_replay_boundary_comparison_v7.IndependentGpuRuntimeTests) ... ok
2026-10-03T13:24:11.1549487Z test_malformed_mig_ordinals_lists_and_nonstrings_are_rejected (test_replay_boundary_comparison_v7.IndependentGpuRuntimeTests) ... ok
2026-10-03T13:24:11.1560583Z test_other_runtime_fields_are_exact_including_tiny_changes_and_types (test_replay_boundary_comparison_v7.IndependentGpuRuntimeTests) ... ok
2026-10-03T13:24:11.1565685Z test_real_different_device_and_invalid_recorded_identifiers_are_rejected (test_replay_boundary_comparison_v7.IndependentGpuRuntimeTests) ... ok
2026-10-03T13:24:11.1569238Z test_visible_devices_stays_exact_original_receipt (test_replay_boundary_comparison_v7.IndependentGpuRuntimeTests) ... ok
2026-10-03T13:24:11.1573634Z test_absolute_interval_endpoints_exception_and_gregorian_centuries (test_replay_boundary_comparison_v7.IndependentOutcomeTests) ... ok
2026-10-03T13:24:11.1585236Z test_dangerous_choice_uses_actual_state_without_a_confidence_cutoff (test_replay_boundary_comparison_v7.IndependentOutcomeTests) ... ok
2026-10-03T13:24:11.1587277Z test_integer_ledgers_negative_formatting_and_cancellation (test_replay_boundary_comparison_v7.IndependentOutcomeTests) ... ok
2026-10-03T13:24:11.1590570Z test_joint_exact_scope_missing_role_and_revoke_precedence (test_replay_boundary_comparison_v7.IndependentOutcomeTests) ... ok
2026-10-03T13:24:11.1595336Z test_joint_regrant_capacity_equality_lowering_and_legacy_outer_scope (test_replay_boundary_comparison_v7.IndependentOutcomeTests) ... ok
2026-10-03T13:24:11.1598591Z test_policy_authority_withdrawal_fraud_and_limit_priority (test_replay_boundary_comparison_v7.IndependentOutcomeTests) ... ok
2026-10-03T13:24:11.1600692Z test_structural_role_labels_separate_missing_scope_from_other_role_noise (test_replay_boundary_comparison_v7.IndependentOutcomeTests) ... ok
2026-10-03T13:24:11.1616512Z test_five_serving_files_have_exact_profile_and_positive_temperature (test_replay_boundary_comparison_v7.IndependentPackageProofTests) ... ok
2026-10-03T13:24:11.1628282Z test_missing_fourth_new_source_replay_is_rejected_before_git (test_replay_boundary_comparison_v7.IndependentPackageProofTests) ... ok
2026-10-03T13:24:11.1676205Z test_optional_peft_readme_preserves_serving_identity_but_changes_full_proof (test_replay_boundary_comparison_v7.IndependentPackageProofTests) ... ok
2026-10-03T13:24:11.1695531Z test_optional_readme_cannot_replace_missing_serving_or_allow_an_extra_file (test_replay_boundary_comparison_v7.IndependentPackageProofTests) ... ok
2026-10-03T13:24:11.1832828Z test_profile_and_temperature_tampering_are_rejected (test_replay_boundary_comparison_v7.IndependentPackageProofTests) ... ok
2026-10-03T13:24:11.1926557Z test_complete_offline_provenance_replays_without_live_processes_or_rewriting_origin (test_replay_boundary_comparison_v7.IndependentSupplementProvenanceTests) ... ok
2026-10-03T13:24:11.2023768Z test_consumed_s1_identity_cannot_be_reused_for_new_supplement (test_replay_boundary_comparison_v7.IndependentSupplementProvenanceTests) ... ok
2026-10-03T13:24:11.2333802Z test_declaration_source_plan_checkpoint_device_and_hash_tampering_are_rejected (test_replay_boundary_comparison_v7.IndependentSupplementProvenanceTests) ... ok
2026-10-03T13:24:11.2557998Z test_failed_origin_code_inventory_or_added_prediction_cannot_be_replaced (test_replay_boundary_comparison_v7.IndependentSupplementProvenanceTests) ... ok
2026-10-03T13:24:11.2755853Z test_final_launch_verification_seals_both_query_time_boundaries_and_timezone (test_replay_boundary_comparison_v7.IndependentSupplementProvenanceTests) ... ok
2026-10-03T13:24:11.2875671Z test_foreign_source_checkout_cannot_replace_exact_nested_evaluation_source (test_replay_boundary_comparison_v7.IndependentSupplementProvenanceTests) ... ok
2026-10-03T13:24:11.3793391Z test_metadata_types_guard_aliases_and_timezone_are_strict_without_live_checks (test_replay_boundary_comparison_v7.IndependentSupplementProvenanceTests) ... ok
2026-10-03T13:24:11.4119003Z test_missing_naive_invalid_future_or_query_expired_final_verification_is_rejected (test_replay_boundary_comparison_v7.IndependentSupplementProvenanceTests) ... ok
2026-10-03T13:24:11.4176873Z test_nested_source_symlink_cannot_escape_to_foreign_checkout (test_replay_boundary_comparison_v7.IndependentSupplementProvenanceTests) ... ok
2026-10-03T13:24:11.5260653Z test_nested_task_still_rejects_both_directions_of_preserved_evidence_overlap (test_replay_boundary_comparison_v7.IndependentSupplementProvenanceTests) ... ok
2026-10-03T13:24:11.6026245Z test_new_attempt_plan_resource_and_preflight_cannot_be_bypassed (test_replay_boundary_comparison_v7.IndependentSupplementProvenanceTests) ... ok
2026-10-03T13:24:11.6073549Z test_optional_cli_and_locked_provenance_cannot_bypass_ordinary_binding (test_replay_boundary_comparison_v7.IndependentSupplementProvenanceTests) ... ok
2026-10-03T13:24:11.6354699Z test_original_receipt_request_bytes_and_output_tampering_are_rejected (test_replay_boundary_comparison_v7.IndependentSupplementProvenanceTests) ... ok
2026-10-03T13:24:11.6762444Z test_original_restoration_requires_full_true_checks_and_all_owned_exits (test_replay_boundary_comparison_v7.IndependentSupplementProvenanceTests) ... ok
2026-10-03T13:24:11.7089986Z test_resource_lock_raw_hash_completion_and_committed_declaration_are_required (test_replay_boundary_comparison_v7.IndependentSupplementProvenanceTests) ... ok
2026-10-03T13:24:11.7958367Z test_reviewed_controller_command_cwd_and_persisted_launch_freshness (test_replay_boundary_comparison_v7.IndependentSupplementProvenanceTests) ... ok
2026-10-03T13:24:12.0492117Z test_all_eight_portable_slices_and_actual_observed_denominators (test_replay_boundary_comparison_v7.IndependentWholeComparisonTests) ... ok
2026-10-03T13:24:12.2097067Z test_family_coverage_31_vs_32_all_abstain_and_single_accepted_error (test_replay_boundary_comparison_v7.IndependentWholeComparisonTests) ... ok
2026-10-03T13:24:12.3179887Z test_observed_conservative_errors_cannot_bypass_safety_checks (test_replay_boundary_comparison_v7.IndependentWholeComparisonTests) ... ok
2026-10-03T13:24:12.3186922Z test_paired_transitions_conserve_rows_and_report_every_regression (test_replay_boundary_comparison_v7.IndependentWholeComparisonTests) ... ok
2026-10-03T13:24:12.3196807Z test_alignment_detects_content_sequence_logits_and_memory (test_replay_frontier_comparison_v8.ReplayTests) ... ok
2026-10-03T13:24:12.3201846Z test_calibration_fit_has_known_optimum_and_split_guard (test_replay_frontier_comparison_v8.ReplayTests) ... ok
2026-10-03T13:24:12.3227413Z test_checkpoint_base_and_adapter_contract (test_replay_frontier_comparison_v8.ReplayTests) ... ok
2026-10-03T13:24:12.4025133Z test_completed_training_and_unicode_calibration_provenance (test_replay_frontier_comparison_v8.ReplayTests) ... ok
2026-10-03T13:24:12.5363511Z test_completed_training_rejects_claimed_error_and_nonmonotonic_steps (test_replay_frontier_comparison_v8.ReplayTests) ... ok
2026-10-03T13:24:12.5418878Z test_failed_exclusive_replay_remains_consumed (test_replay_frontier_comparison_v8.ReplayTests) ... ok
2026-10-03T13:24:12.5421698Z test_inclusive_predicate_and_ties (test_replay_frontier_comparison_v8.ReplayTests) ... ok
2026-10-03T13:24:12.5429067Z test_inventory_rejects_symlink_fifo_and_unexpected_sources (test_replay_frontier_comparison_v8.ReplayTests) ... ok
2026-10-03T13:24:12.5431885Z test_known_brier_nll_ece_and_empty (test_replay_frontier_comparison_v8.ReplayTests) ... ok
2026-10-03T13:24:12.5842169Z test_no_model_or_comparator_import_in_independent_replay (test_replay_frontier_comparison_v8.ReplayTests) ... ok
2026-10-03T13:24:12.5847724Z test_paired_regressions_fixes_and_threshold_changes (test_replay_frontier_comparison_v8.ReplayTests) ... ok
2026-10-03T13:24:12.5862730Z test_plan_rejects_changed_safety_temperature_runtime_and_timing (test_replay_frontier_comparison_v8.ReplayTests) ... ok
2026-10-03T13:24:12.6366174Z test_source_freeze_rejects_dirty_tree_and_scrubs_git_environment (test_replay_frontier_comparison_v8.ReplayTests) ... ok
2026-10-03T13:24:12.6368654Z test_strict_json_nonfinite_and_duplicate_keys (test_replay_frontier_comparison_v8.ReplayTests) ... ok
2026-10-03T13:24:12.6375609Z test_timing_keeps_cold_outlier_and_nearest_rank (test_replay_frontier_comparison_v8.ReplayTests) ... ok
2026-10-03T13:24:12.6405753Z test_consumed_s1_identity_cannot_be_reused_for_new_supplement (test_run_boundary_comparison_supplement_v7.ComparisonSupplementTests) ... ok
2026-10-03T13:24:12.6445462Z test_declaration_and_origin_identity_cannot_be_silently_changed (test_run_boundary_comparison_supplement_v7.ComparisonSupplementTests) ... ok
2026-10-03T13:24:12.6535650Z test_direct_comparator_cannot_skip_preflight_package_or_restoration_guard (test_run_boundary_comparison_supplement_v7.ComparisonSupplementTests) ... ok
2026-10-03T13:24:12.6572051Z test_exclusive_fsynced_lock_cannot_be_overwritten (test_run_boundary_comparison_supplement_v7.ComparisonSupplementTests) ... ok
2026-10-03T13:24:12.6696674Z test_gpu_queries_cannot_expire_resource_or_hide_lost_controller (test_run_boundary_comparison_supplement_v7.ComparisonSupplementTests) ... ok
2026-10-03T13:24:12.6904736Z test_incomplete_restoration_and_live_process_rejected_even_if_rehashed (test_run_boundary_comparison_supplement_v7.ComparisonSupplementTests) ... ok
2026-10-03T13:24:12.7029181Z test_input_hardware_runtime_and_output_overrides_refused (test_run_boundary_comparison_supplement_v7.ComparisonSupplementTests) ... ok
2026-10-03T13:24:12.7121695Z test_launch_requires_current_process_new_session_lock_and_live_resource (test_run_boundary_comparison_supplement_v7.ComparisonSupplementTests) ... ok
2026-10-03T13:24:12.7336847Z test_new_task_disjoint_from_original_task_dataset_and_checkpoint (test_run_boundary_comparison_supplement_v7.ComparisonSupplementTests) ... ok
2026-10-03T13:24:12.7468966Z test_origin_bytes_or_extra_predictions_fail (test_run_boundary_comparison_supplement_v7.ComparisonSupplementTests) ... ok
2026-10-03T13:24:12.7513441Z test_origin_preserved_and_cpu_provenance_complete (test_run_boundary_comparison_supplement_v7.ComparisonSupplementTests) ... ok
2026-10-03T13:24:12.7589287Z test_resource_failure_cannot_be_bypassed (test_run_boundary_comparison_supplement_v7.ComparisonSupplementTests) ... ok
2026-10-03T13:24:12.7617662Z test_restoration_guard_cannot_alias_controller_or_driver (test_run_boundary_comparison_supplement_v7.ComparisonSupplementTests) ... ok
2026-10-03T13:24:12.7683538Z test_source_requires_exact_canonical_nested_layout (test_run_boundary_comparison_supplement_v7.ComparisonSupplementTests) ... ok
2026-10-03T13:24:12.7726383Z test_source_symlink_and_resolved_external_target_rejected (test_run_boundary_comparison_supplement_v7.ComparisonSupplementTests) ... ok
2026-10-03T13:24:12.7731343Z test_attempt_receipt_cannot_be_overwritten (test_run_boundary_training_v7.PathAndAttemptTests) ... ok
2026-10-03T13:24:12.8897228Z test_complete_steps_and_finite_fields_required_without_resume_snapshot (test_run_boundary_training_v7.PathAndAttemptTests) ... ok
2026-10-03T13:24:12.8911954Z test_duplicate_driver_refusal_does_not_relabel_prior_attempt_as_failure (test_run_boundary_training_v7.PathAndAttemptTests) ... ok
2026-10-03T13:24:12.8945842Z test_refuse_existing_output_nested_input_parent_and_placeholder (test_run_boundary_training_v7.PathAndAttemptTests) ... ok
2026-10-03T13:24:12.8966604Z test_translation_changes_only_three_paths_and_preserves_frozen_plan (test_run_boundary_training_v7.PathAndAttemptTests) ... ok
2026-10-03T13:24:12.9005431Z test_stale_proof_guard_birth_compute_process_and_busy_gpu_are_refused (test_run_boundary_training_v7.ResourceProofTests) ... ok
2026-10-03T13:24:12.9008436Z test_data_runtime_stage_and_base_tampering_refused_before_model (test_run_boundary_training_v7.StagingTests) ... skipped 'Frozen local mixture is not shipped in portable CI'
2026-10-03T13:24:12.9011124Z test_edited_or_live_trainer_refused_before_data_checkpoint_and_runtime_staging (test_run_boundary_training_v7.StagingTests) ... skipped 'Frozen local mixture is not shipped in portable CI'
2026-10-03T13:24:12.9013323Z test_old_attempt_cannot_reenter_preflight (test_run_boundary_training_v7.StagingTests) ... skipped 'Frozen local mixture is not shipped in portable CI'
2026-10-03T13:24:12.9015463Z test_real_frozen_data_preflight_without_gpu_acquisition (test_run_boundary_training_v7.StagingTests) ... skipped 'Frozen local mixture is not shipped in portable CI'
2026-10-03T13:24:12.9137494Z test_changed_dirty_or_wrong_source_checkout_is_rejected (test_run_frontier_native_v8.NativeDeclarationTests) ... ok
2026-10-03T13:24:12.9184268Z test_execute_refuses_before_declared_paths_or_optional_imports (test_run_frontier_native_v8.NativeDeclarationTests) ... ok
2026-10-03T13:24:12.9248351Z test_hash_inventory_and_published_installation_references_are_bound (test_run_frontier_native_v8.NativeDeclarationTests) ... ok
2026-10-03T13:24:12.9320312Z test_ready_flags_extra_keys_and_changed_gradient_policy_cannot_unlock (test_run_frontier_native_v8.NativeDeclarationTests) ... ok
2026-10-03T13:24:12.9374109Z test_symlink_escape_and_nonrelative_inventory_are_rejected (test_run_frontier_native_v8.NativeDeclarationTests) ... ok
2026-10-03T13:24:12.9462772Z test_verified_source_retains_unarmed_and_unobserved_result (test_run_frontier_native_v8.NativeDeclarationTests) ... ok
2026-10-03T13:24:13.0294513Z test_attempt_is_consumed_even_when_preflight_fails (test_run_frontier_training_v8.DriverFixtures) ... ok
2026-10-03T13:24:13.3788622Z test_changed_calibration_labels_initial_identity_reload_or_phase_rejected (test_run_frontier_training_v8.DriverFixtures) ... ok
2026-10-03T13:24:13.8902122Z test_changed_data_checkpoint_and_base_rejected (test_run_frontier_training_v8.DriverFixtures) ... ok
2026-10-03T13:24:13.9515343Z test_changed_plan_or_freeze_bytes_rejected (test_run_frontier_training_v8.DriverFixtures) ... ok
2026-10-03T13:24:14.1827519Z test_complete_read_only_preflight_and_exact_deferred_command (test_run_frontier_training_v8.DriverFixtures) ... ok
2026-10-03T13:24:14.2628361Z test_dirty_source_and_different_commit_rejected (test_run_frontier_training_v8.DriverFixtures) ... ok
2026-10-03T13:24:14.4938815Z test_git_environment_cannot_redirect_source (test_run_frontier_training_v8.DriverFixtures) ... ok
2026-10-03T13:24:14.8111159Z test_hf_link_must_remain_inside_declared_cache (test_run_frontier_training_v8.DriverFixtures) ... ok
2026-10-03T13:24:15.0825144Z test_incomplete_final_checkpoint_and_special_journal_rejected (test_run_frontier_training_v8.DriverFixtures) ... ok
2026-10-03T13:24:15.3672425Z test_incomplete_nonfinite_or_nonmonotonic_optimizer_steps_rejected (test_run_frontier_training_v8.DriverFixtures) ... ok
2026-10-03T13:24:15.4266617Z test_old_attempt_protected_node_placeholder_overlap_and_existing_outputs_refused (test_run_frontier_training_v8.DriverFixtures) ... ok
2026-10-03T13:24:15.4696242Z ##[error]The operation was canceled.
2026-10-03T13:24:15.4863900Z Post job cleanup.
2026-10-03T13:24:15.5897629Z [command]/usr/bin/git version
2026-10-03T13:24:15.5983755Z git version 2.55.0
2026-10-03T13:24:15.5992753Z Temporarily overriding HOME='/home/runner/work/_temp/a2e6cde2-4982-4143-bfd3-5a106ec1ffe8' before making global git config changes
2026-10-03T13:24:15.5996007Z Adding repository directory to the temporary git global config as a safe directory
2026-10-03T13:24:15.6009283Z [command]/usr/bin/git config --global --add safe.directory /home/runner/work/Open-Jev/Open-Jev
2026-10-03T13:24:15.6048251Z [command]/usr/bin/git config --local --name-only --get-regexp core\.sshCommand
2026-10-03T13:24:15.6092740Z [command]/usr/bin/git submodule foreach --recursive sh -c "git config --local --name-only --get-regexp 'core\.sshCommand' && git config --local --unset-all 'core.sshCommand' || :"
2026-10-03T13:24:15.6405385Z [command]/usr/bin/git config --local --name-only --get-regexp http\.https\:\/\/github\.com\/\.extraheader
2026-10-03T13:24:15.6462609Z http.https://github.com/.extraheader
2026-10-03T13:24:15.6464875Z [command]/usr/bin/git config --local --unset-all http.https://github.com/.extraheader
2026-10-03T13:24:15.6526953Z [command]/usr/bin/git submodule foreach --recursive sh -c "git config --local --name-only --get-regexp 'http\.https\:\/\/github\.com\/\.extraheader' && git config --local --unset-all 'http.https://github.com/.extraheader' || :"
2026-10-03T13:24:15.6878688Z [command]/usr/bin/git config --local --name-only --get-regexp ^includeIf\.gitdir:
2026-10-03T13:24:15.6916186Z [command]/usr/bin/git submodule foreach --recursive git config --local --show-origin --name-only --get-regexp remote.origin.url
2026-10-03T13:24:15.7425038Z Cleaning up orphan processes
2026-10-03T13:24:15.7723707Z Terminate orphan process: pid (2305) (python)
2026-10-03T13:24:15.7826226Z ##[warning]Node.js 20 is deprecated. The following actions target Node.js 20 but are being forced to run on Node.js 24: actions/checkout@v4, actions/setup-python@v5. For more information see: https://github.blog/changelog/2025-09-19-deprecation-of-node-20-on-github-actions-runners/
