2026-10-03T13:04:34.1845680Z Current runner version: '2.337.0'
2026-10-03T13:04:34.1869854Z ##[group]Runner Image Provisioner
2026-10-03T13:04:34.1870773Z Hosted Compute Agent
2026-10-03T13:04:34.1871468Z Version: 20260901.588
2026-10-03T13:04:34.1872404Z Commit: f88ec8081b781fac6c440065ac7ff9e710ce3d0b
2026-10-03T13:04:34.1873154Z Build Date: 2026-09-01T19:56:44Z
2026-10-03T13:04:34.1873912Z Worker ID: {f4e3022f-fdb3-4a50-9cca-209a069d92a0}
2026-10-03T13:04:34.1874638Z Azure Region: westus
2026-10-03T13:04:34.1875219Z ##[endgroup]
2026-10-03T13:04:34.1876972Z ##[group]Operating System
2026-10-03T13:04:34.1877660Z Ubuntu
2026-10-03T13:04:34.1878258Z 24.04.5
2026-10-03T13:04:34.1878772Z LTS
2026-10-03T13:04:34.1879269Z ##[endgroup]
2026-10-03T13:04:34.1879911Z ##[group]Runner Image
2026-10-03T13:04:34.1880510Z Image: ubuntu-24.04
2026-10-03T13:04:34.1881102Z Version: 20260927.320.1
2026-10-03T13:04:34.1882607Z Included Software: https://github.com/actions/runner-images/blob/ubuntu24/20260927.320/images/ubuntu/Ubuntu2404-Readme.md
2026-10-03T13:04:34.1884348Z Image Release: https://github.com/actions/runner-images/releases/tag/ubuntu24%2F20260927.320
2026-10-03T13:04:34.1885318Z ##[endgroup]
2026-10-03T13:04:34.1886975Z ##[group]GITHUB_TOKEN Permissions
2026-10-03T13:04:34.1889141Z Contents: read
2026-10-03T13:04:34.1889959Z Metadata: read
2026-10-03T13:04:34.1890553Z Packages: read
2026-10-03T13:04:34.1891123Z ##[endgroup]
2026-10-03T13:04:34.1893755Z Secret source: Actions
2026-10-03T13:04:34.1894695Z Cache mode: write
2026-10-03T13:04:34.1895506Z Prepare workflow directory
2026-10-03T13:04:34.2233296Z Prepare all required actions
2026-10-03T13:04:34.2283560Z Getting action download info
2026-10-03T13:04:34.5940221Z Download action repository 'actions/checkout@v4' (SHA:11d5960a326750d5838078e36cf38b85af677262)
2026-10-03T13:04:34.6923773Z Download action repository 'actions/setup-python@v5' (SHA:a26af69be951a213d495a4c3e4e4022e16d87065)
2026-10-03T13:04:34.8710601Z Complete job name: portable (3.10)
2026-10-03T13:04:34.9478548Z ##[group]Run actions/checkout@v4
2026-10-03T13:04:34.9479524Z with:
2026-10-03T13:04:34.9479985Z   repository: Zefan-Cai/Open-Jev
2026-10-03T13:04:34.9483710Z   token: ***
2026-10-03T13:04:34.9484152Z   ssh-strict: true
2026-10-03T13:04:34.9484586Z   ssh-user: git
2026-10-03T13:04:34.9485033Z   persist-credentials: true
2026-10-03T13:04:34.9485515Z   clean: true
2026-10-03T13:04:34.9485959Z   sparse-checkout-cone-mode: true
2026-10-03T13:04:34.9486560Z   fetch-depth: 1
2026-10-03T13:04:34.9486996Z   fetch-tags: false
2026-10-03T13:04:34.9487447Z   show-progress: true
2026-10-03T13:04:34.9487890Z   lfs: false
2026-10-03T13:04:34.9488321Z   submodules: false
2026-10-03T13:04:34.9488775Z   set-safe-directory: true
2026-10-03T13:04:34.9489276Z   allow-unsafe-pr-checkout: false
2026-10-03T13:04:34.9490383Z ##[endgroup]
2026-10-03T13:04:35.0485343Z Syncing repository: Zefan-Cai/Open-Jev
2026-10-03T13:04:35.0488004Z ##[group]Getting Git version info
2026-10-03T13:04:35.0489220Z Working directory is '/home/runner/work/Open-Jev/Open-Jev'
2026-10-03T13:04:35.0491040Z [command]/usr/bin/git version
2026-10-03T13:04:35.0552197Z git version 2.55.0
2026-10-03T13:04:35.0575277Z ##[endgroup]
2026-10-03T13:04:35.0589635Z Temporarily overriding HOME='/home/runner/work/_temp/35493466-9d84-4608-8ab7-2aee401b23ff' before making global git config changes
2026-10-03T13:04:35.0592307Z Adding repository directory to the temporary git global config as a safe directory
2026-10-03T13:04:35.0596203Z [command]/usr/bin/git config --global --add safe.directory /home/runner/work/Open-Jev/Open-Jev
2026-10-03T13:04:35.0661227Z Deleting the contents of '/home/runner/work/Open-Jev/Open-Jev'
2026-10-03T13:04:35.0667068Z ##[group]Initializing the repository
2026-10-03T13:04:35.0672574Z [command]/usr/bin/git init /home/runner/work/Open-Jev/Open-Jev
2026-10-03T13:04:35.0789919Z hint: Using 'master' as the name for the initial branch. This default branch name
2026-10-03T13:04:35.0792098Z hint: will change to "main" in Git 3.0. To configure the initial branch name
2026-10-03T13:04:35.0794205Z hint: to use in all of your new repositories, which will suppress this warning,
2026-10-03T13:04:35.0795382Z hint: call:
2026-10-03T13:04:35.0797287Z hint:
2026-10-03T13:04:35.0798294Z hint: 	git config --global init.defaultBranch <name>
2026-10-03T13:04:35.0799450Z hint:
2026-10-03T13:04:35.0800517Z hint: Names commonly chosen instead of 'master' are 'main', 'trunk' and
2026-10-03T13:04:35.0802487Z hint: 'development'. The just-created branch can be renamed via this command:
2026-10-03T13:04:35.0803797Z hint:
2026-10-03T13:04:35.0804512Z hint: 	git branch -m <name>
2026-10-03T13:04:35.0805315Z hint:
2026-10-03T13:04:35.0807454Z hint: Disable this message with "git config set advice.defaultBranchName false"
2026-10-03T13:04:35.0809702Z Initialized empty Git repository in /home/runner/work/Open-Jev/Open-Jev/.git/
2026-10-03T13:04:35.0812705Z [command]/usr/bin/git remote add origin https://github.com/Zefan-Cai/Open-Jev
2026-10-03T13:04:35.0863322Z ##[endgroup]
2026-10-03T13:04:35.0864683Z ##[group]Disabling automatic garbage collection
2026-10-03T13:04:35.0868381Z [command]/usr/bin/git config --local gc.auto 0
2026-10-03T13:04:35.0902934Z ##[endgroup]
2026-10-03T13:04:35.0904299Z ##[group]Setting up auth
2026-10-03T13:04:35.0910444Z [command]/usr/bin/git config --local --name-only --get-regexp core\.sshCommand
2026-10-03T13:04:35.0945572Z [command]/usr/bin/git submodule foreach --recursive sh -c "git config --local --name-only --get-regexp 'core\.sshCommand' && git config --local --unset-all 'core.sshCommand' || :"
2026-10-03T13:04:35.1328858Z [command]/usr/bin/git config --local --name-only --get-regexp http\.https\:\/\/github\.com\/\.extraheader
2026-10-03T13:04:35.1369784Z [command]/usr/bin/git submodule foreach --recursive sh -c "git config --local --name-only --get-regexp 'http\.https\:\/\/github\.com\/\.extraheader' && git config --local --unset-all 'http.https://github.com/.extraheader' || :"
2026-10-03T13:04:35.1613870Z [command]/usr/bin/git config --local --name-only --get-regexp ^includeIf\.gitdir:
2026-10-03T13:04:35.1650200Z [command]/usr/bin/git submodule foreach --recursive git config --local --show-origin --name-only --get-regexp remote.origin.url
2026-10-03T13:04:35.1874464Z [command]/usr/bin/git config --local http.https://github.com/.extraheader AUTHORIZATION: basic ***
2026-10-03T13:04:35.1916232Z ##[endgroup]
2026-10-03T13:04:35.1917082Z ##[group]Fetching the repository
2026-10-03T13:04:35.1926329Z [command]/usr/bin/git -c protocol.version=2 fetch --no-tags --prune --no-recurse-submodules --depth=1 origin +4b82f353d6278cc75033f4deefd2b3f98eaa8390:refs/remotes/origin/codex/open-jev-v8-resource-episode-20261003
2026-10-03T13:04:36.6883693Z From https://github.com/Zefan-Cai/Open-Jev
2026-10-03T13:04:36.6886995Z  * [new ref]         4b82f353d6278cc75033f4deefd2b3f98eaa8390 -> origin/codex/open-jev-v8-resource-episode-20261003
2026-10-03T13:04:36.6894875Z ##[endgroup]
2026-10-03T13:04:36.6896606Z ##[group]Determining the checkout info
2026-10-03T13:04:36.6898499Z ##[endgroup]
2026-10-03T13:04:36.6900649Z [command]/usr/bin/git sparse-checkout disable
2026-10-03T13:04:36.6958902Z [command]/usr/bin/git config --local --unset-all extensions.worktreeConfig
2026-10-03T13:04:36.6994391Z ##[group]Checking out the ref
2026-10-03T13:04:36.7001369Z [command]/usr/bin/git checkout --progress --force -B codex/open-jev-v8-resource-episode-20261003 refs/remotes/origin/codex/open-jev-v8-resource-episode-20261003
2026-10-03T13:04:37.1114141Z Switched to a new branch 'codex/open-jev-v8-resource-episode-20261003'
2026-10-03T13:04:37.1115717Z branch 'codex/open-jev-v8-resource-episode-20261003' set up to track 'origin/codex/open-jev-v8-resource-episode-20261003'.
2026-10-03T13:04:37.1150402Z ##[endgroup]
2026-10-03T13:04:37.1234948Z [command]/usr/bin/git log -1 --format=%H
2026-10-03T13:04:37.1271390Z 4b82f353d6278cc75033f4deefd2b3f98eaa8390
2026-10-03T13:04:37.1605280Z ##[group]Run actions/setup-python@v5
2026-10-03T13:04:37.1605672Z with:
2026-10-03T13:04:37.1605918Z   python-version: 3.10
2026-10-03T13:04:37.1606389Z   check-latest: false
2026-10-03T13:04:37.1608824Z   token: ***
2026-10-03T13:04:37.1609094Z   update-environment: true
2026-10-03T13:04:37.1609381Z   allow-prereleases: false
2026-10-03T13:04:37.1609660Z   freethreaded: false
2026-10-03T13:04:37.1609911Z ##[endgroup]
2026-10-03T13:04:37.2978903Z ##[group]Installed versions
2026-10-03T13:04:37.3069825Z (node:2271) [DEP0040] DeprecationWarning: The `punycode` module is deprecated. Please use a userland alternative instead.
2026-10-03T13:04:37.3071393Z (Use `node --trace-deprecation ...` to show where the warning was created)
2026-10-03T13:04:37.3072767Z Successfully set up CPython (3.10.21)
2026-10-03T13:04:37.3073947Z ##[endgroup]
2026-10-03T13:04:37.3259566Z ##[group]Run python -m pip install build
2026-10-03T13:04:37.3260069Z [36;1mpython -m pip install build[0m
2026-10-03T13:04:37.3726494Z shell: /usr/bin/bash -e {0}
2026-10-03T13:04:37.3726979Z env:
2026-10-03T13:04:37.3727409Z   pythonLocation: /opt/hostedtoolcache/Python/3.10.21/x64
2026-10-03T13:04:37.3728096Z   PKG_CONFIG_PATH: /opt/hostedtoolcache/Python/3.10.21/x64/lib/pkgconfig
2026-10-03T13:04:37.3728731Z   Python_ROOT_DIR: /opt/hostedtoolcache/Python/3.10.21/x64
2026-10-03T13:04:37.3729311Z   Python2_ROOT_DIR: /opt/hostedtoolcache/Python/3.10.21/x64
2026-10-03T13:04:37.3729902Z   Python3_ROOT_DIR: /opt/hostedtoolcache/Python/3.10.21/x64
2026-10-03T13:04:37.3801878Z   LD_LIBRARY_PATH: /opt/hostedtoolcache/Python/3.10.21/x64/lib
2026-10-03T13:04:37.3802358Z ##[endgroup]
2026-10-03T13:04:40.3345371Z Collecting build
2026-10-03T13:04:40.3850710Z   Downloading build-1.6.1-py3-none-any.whl.metadata (5.6 kB)
2026-10-03T13:04:40.4029516Z Collecting packaging>=24.0 (from build)
2026-10-03T13:04:40.4057966Z   Downloading packaging-26.3-py3-none-any.whl.metadata (3.5 kB)
2026-10-03T13:04:40.4164201Z Collecting pyproject_hooks (from build)
2026-10-03T13:04:40.4194884Z   Downloading pyproject_hooks-1.3.3-py3-none-any.whl.metadata (1.3 kB)
2026-10-03T13:04:40.4552570Z Collecting tomli>=1.1.0 (from build)
2026-10-03T13:04:40.4581925Z   Downloading tomli-2.4.1-py3-none-any.whl.metadata (10 kB)
2026-10-03T13:04:40.4644490Z Downloading build-1.6.1-py3-none-any.whl (31 kB)
2026-10-03T13:04:40.4726520Z Downloading packaging-26.3-py3-none-any.whl (129 kB)
2026-10-03T13:04:40.4831431Z Downloading tomli-2.4.1-py3-none-any.whl (14 kB)
2026-10-03T13:04:40.4880159Z Downloading pyproject_hooks-1.3.3-py3-none-any.whl (10 kB)
2026-10-03T13:04:40.6412349Z Installing collected packages: tomli, pyproject_hooks, packaging, build
2026-10-03T13:04:40.7515636Z 
2026-10-03T13:04:40.7529593Z Successfully installed build-1.6.1 packaging-26.3 pyproject_hooks-1.3.3 tomli-2.4.1
2026-10-03T13:04:40.7985207Z ##[group]Run python -m unittest discover -s tests -v
2026-10-03T13:04:40.7985644Z [36;1mpython -m unittest discover -s tests -v[0m
2026-10-03T13:04:40.8053887Z shell: /usr/bin/bash -e {0}
2026-10-03T13:04:40.8054151Z env:
2026-10-03T13:04:40.8054426Z   pythonLocation: /opt/hostedtoolcache/Python/3.10.21/x64
2026-10-03T13:04:40.8054901Z   PKG_CONFIG_PATH: /opt/hostedtoolcache/Python/3.10.21/x64/lib/pkgconfig
2026-10-03T13:04:40.8055354Z   Python_ROOT_DIR: /opt/hostedtoolcache/Python/3.10.21/x64
2026-10-03T13:04:40.8055741Z   Python2_ROOT_DIR: /opt/hostedtoolcache/Python/3.10.21/x64
2026-10-03T13:04:40.8056149Z   Python3_ROOT_DIR: /opt/hostedtoolcache/Python/3.10.21/x64
2026-10-03T13:04:40.8056537Z   LD_LIBRARY_PATH: /opt/hostedtoolcache/Python/3.10.21/x64/lib
2026-10-03T13:04:40.8056877Z ##[endgroup]
2026-10-03T13:04:42.6553641Z test_case_family_split_and_all_candidate_coverage_are_checked (test_amount_extraction_control.AmountCorpusAuditTest) ... ok
2026-10-03T13:04:42.6588204Z test_generator_refuses_existing_dataset (test_amount_extraction_control.AmountCorpusAuditTest) ... ok
2026-10-03T13:04:42.7755035Z test_hidden_labels_and_metadata_do_not_enter_candidate_prompts (test_amount_extraction_control.AmountCorpusAuditTest) ... ok
2026-10-03T13:04:42.9477837Z test_joint_selection_reference_and_target_mutation_is_rejected (test_amount_extraction_control.AmountCorpusAuditTest) ... ok
2026-10-03T13:04:43.3473412Z test_original_dataset_counts_recall_and_all_candidate_attributes (test_amount_extraction_control.AmountCorpusAuditTest) ... ok
2026-10-03T13:04:43.7609034Z test_output_exclusive_creation_preserves_concurrent_file (test_amount_extraction_control.AmountCorpusAuditTest) ... ok
2026-10-03T13:04:43.7742250Z test_output_rejects_dataset_paths_aliases_existing_files_and_symlinks (test_amount_extraction_control.AmountCorpusAuditTest) ... ok
2026-10-03T13:04:43.7903065Z test_source_hash_binding_and_unsealed_bytes_fail (test_amount_extraction_control.AmountCorpusAuditTest) ... ok
2026-10-03T13:04:44.1270766Z test_undefined_is_credit_cannot_gain_a_false_supervised_target (test_amount_extraction_control.AmountCorpusAuditTest) ... ok
2026-10-03T13:04:44.4454728Z test_visible_flow_mutation_and_wrong_normalization_are_independently_detected (test_amount_extraction_control.AmountCorpusAuditTest) ... ok
2026-10-03T13:04:44.4477747Z test_absent_unsupported_and_unrecalled_populated_fields_remain_distinct (test_amount_extraction_control.AmountRuntimeTest) ... ok
2026-10-03T13:04:44.4508625Z test_ascii_numeric_grammar_rejects_mixed_unicode_malformed_grouping_and_signs (test_amount_extraction_control.AmountRuntimeTest) ... ok
2026-10-03T13:04:44.4550827Z test_candidate_limit_no_candidates_and_actual_candidate_binding (test_amount_extraction_control.AmountRuntimeTest) ... ok
2026-10-03T13:04:44.4559062Z test_candidates_are_query_blind_and_preserve_original_character_offsets (test_amount_extraction_control.AmountRuntimeTest) ... ok
2026-10-03T13:04:44.4572000Z test_exact_long_decimal_credit_and_zero_ignore_decimal_context (test_amount_extraction_control.AmountRuntimeTest) ... ok
2026-10-03T13:04:44.4600864Z test_independent_candidate_scanner_matches_prefix_suffix_and_boundary_cases (test_amount_extraction_control.AmountRuntimeTest) ... ok
2026-10-03T13:04:44.4603312Z test_locale_headers_are_required_unique_and_consistent (test_amount_extraction_control.AmountRuntimeTest) ... ok
2026-10-03T13:04:44.4617233Z test_partial_candidates_cannot_be_rescued_by_counterfeit_predictions (test_amount_extraction_control.AmountRuntimeTest) ... ok
2026-10-03T13:04:44.4624702Z test_same_value_different_offsets_and_duplicate_target_roles (test_amount_extraction_control.AmountRuntimeTest) ... ok
2026-10-03T13:04:44.4653698Z test_unsigned_signed_conflicting_and_unknown_directions (test_amount_extraction_control.AmountRuntimeTest) ... ok
2026-10-03T13:04:44.4693057Z test_visible_currency_markers_declarations_and_unsupported_currency (test_amount_extraction_control.AmountRuntimeTest) ... ok
2026-10-03T13:04:44.4736034Z test_changed_artifact_manifest_and_producer_fail_before_dispatch (test_amount_service.AmountDriverFixtures) ... ok
2026-10-03T13:04:44.4840001Z test_driver_preserves_actual_wire_and_labels_fixture_evidence (test_amount_service.AmountDriverFixtures) ... ok
2026-10-03T13:04:44.4908457Z test_failed_default_http_path_never_marks_model_quality_evidence (test_amount_service.AmountDriverFixtures) ... ok
2026-10-03T13:04:44.4976869Z test_interruption_during_b_retains_a_and_all_fixed_denominators (test_amount_service.AmountDriverFixtures) ... ok
2026-10-03T13:04:44.4982973Z test_invalid_identity_split_and_transport_flags_fail_before_dispatch (test_amount_service.AmountDriverFixtures) ... ok
2026-10-03T13:04:44.5022237Z test_loader_never_decodes_nonheldout_or_typed_targets (test_amount_service.AmountDriverFixtures) ... ok
2026-10-03T13:04:44.5052001Z test_outputs_cannot_overwrite_data_or_follow_output_symlink (test_amount_service.AmountDriverFixtures) ... ok
2026-10-03T13:04:44.5145456Z test_postrun_artifact_change_invalidates_evidence (test_amount_service.AmountDriverFixtures) ... ok
2026-10-03T13:04:44.5168011Z test_absent_and_ambiguous_refusals_have_no_unique_target_denominator (test_amount_service.AmountPipelineFixtures) ... ok
2026-10-03T13:04:44.5211651Z test_b_http_schema_and_identity_failure_preserve_a (test_amount_service.AmountPipelineFixtures) ... ok
2026-10-03T13:04:44.5234866Z test_b_uses_actual_wrong_role_even_when_presence_is_false (test_amount_service.AmountPipelineFixtures) ... ok
2026-10-03T13:04:44.5260369Z test_equal_amount_at_other_offset_is_not_extraction_success (test_amount_service.AmountPipelineFixtures) ... ok
2026-10-03T13:04:44.5272880Z test_forced_single_none_still_requires_a_valid_response (test_amount_service.AmountPipelineFixtures) ... ok
2026-10-03T13:04:44.5290913Z test_metadata_locks_before_invalid_a_answers (test_amount_service.AmountPipelineFixtures) ... ok
2026-10-03T13:04:44.5302731Z test_miss_none_is_span_correct_but_never_extracted (test_amount_service.AmountPipelineFixtures) ... ok
2026-10-03T13:04:44.5322162Z test_partial_selection_cannot_be_repaired_by_predicted_known (test_amount_service.AmountPipelineFixtures) ... ok
2026-10-03T13:04:44.5345170Z test_predicted_known_cannot_make_unknown_reference_normalizable (test_amount_service.AmountPipelineFixtures) ... ok
2026-10-03T13:04:44.5364741Z test_presence_false_keeps_value_score_but_fails_complete_output (test_amount_service.AmountPipelineFixtures) ... ok
2026-10-03T13:04:44.5384346Z test_reference_currency_review_keeps_known_credit_denominator (test_amount_service.AmountPipelineFixtures) ... ok
2026-10-03T13:04:44.5431971Z test_reference_known_credit_scored_even_when_predicted_unknown (test_amount_service.AmountPipelineFixtures) ... ok
2026-10-03T13:04:44.5551458Z test_supported_currencies_signs_and_long_decimal_remain_exact (test_amount_service.AmountPipelineFixtures) ... ok
2026-10-03T13:04:44.5635488Z test_undefined_credit_still_requires_protocol_valid_probability (test_amount_service.AmountPipelineFixtures) ... ok
2026-10-03T13:04:44.5709014Z test_undefined_credit_valid_probabilities_do_not_change_defined_score (test_amount_service.AmountPipelineFixtures) ... ok
2026-10-03T13:04:44.5778772Z test_wrong_b_heads_collapsing_to_review_do_not_succeed (test_amount_service.AmountPipelineFixtures) ... ok
2026-10-03T13:04:44.5781657Z test_all_primitives_have_exact_typed_outputs (test_api.TypedAPITest) ... ok
2026-10-03T13:04:44.6061623Z test_api_cold_import_has_no_torch_dependency (test_api.TypedAPITest) ... ok
2026-10-03T13:04:44.6067468Z test_cardinality_and_primitive_validation (test_api.TypedAPITest) ... ok
2026-10-03T13:04:44.6069112Z test_input_mutation_does_not_modify_compiled_state (test_api.TypedAPITest) ... ok
2026-10-03T13:04:44.6072275Z test_invalid_model_probabilities_are_never_formatted_as_answers (test_api.TypedAPITest) ... ok
2026-10-03T13:04:44.6074146Z test_noul_accepts_optional_true_and_false_criteria (test_api.TypedAPITest) ... ok
2026-10-03T13:04:44.6077594Z test_question_ids_labels_targets_and_siblings_are_isolated (test_api.TypedAPITest) ... ok
2026-10-03T13:04:44.6078857Z test_score_sees_own_description_without_neighbor_or_number (test_api.TypedAPITest) ... ok
2026-10-03T13:04:44.6080395Z test_structured_descriptions_and_null_choice_descriptions (test_api.TypedAPITest) ... ok
2026-10-03T13:04:44.7121387Z test_cli_writes_fresh_receipt_and_sparse_stdout (test_audit_boundary_controls_v7.IndependentDirectoryTests) ... ok
2026-10-03T13:04:44.7614310Z test_complete_hand_authored_groups_and_structural_limits (test_audit_boundary_controls_v7.IndependentDirectoryTests) ... ok
2026-10-03T13:04:44.8557147Z test_condition_target_and_incomplete_group_rejected (test_audit_boundary_controls_v7.IndependentDirectoryTests) ... ok
2026-10-03T13:04:45.1806606Z test_directory_receipt_hashes_and_changed_bytes (test_audit_boundary_controls_v7.IndependentDirectoryTests) ... ok
2026-10-03T13:04:45.2328010Z test_kind_truth_coupled_structure_rejected (test_audit_boundary_controls_v7.IndependentDirectoryTests) ... ok
2026-10-03T13:04:45.2988426Z test_rehashed_wrong_rule_still_fails_independent_replay (test_audit_boundary_controls_v7.IndependentDirectoryTests) ... ok
2026-10-03T13:04:45.2994112Z test_gregorian_offset_manual_epoch_fixtures (test_audit_boundary_controls_v7.IndependentGoldTests) ... ok
2026-10-03T13:04:45.2995825Z test_integer_ledger_cancellation_negative_and_one_cent_without_float (test_audit_boundary_controls_v7.IndependentGoldTests) ... ok
2026-10-03T13:04:45.2999629Z test_joint_latest_valid_scope_and_minimum_capacity (test_audit_boundary_controls_v7.IndependentGoldTests) ... ok
2026-10-03T13:04:45.3001148Z test_policy_withdrawal_and_absence_precede_fraud_no_fallback (test_audit_boundary_controls_v7.IndependentGoldTests) ... ok
2026-10-03T13:04:45.3002826Z test_revocation_precedes_missing_consent (test_audit_boundary_controls_v7.IndependentGoldTests) ... ok
2026-10-03T13:04:45.3013123Z test_temporal_closed_endpoints_and_exception_precedence (test_audit_boundary_controls_v7.IndependentGoldTests) ... ok
2026-10-03T13:04:45.3023350Z test_visible_question_and_contract_mutations_rejected (test_audit_boundary_controls_v7.IndependentGoldTests) ... ok
2026-10-03T13:04:45.3024731Z test_exact_integer_and_boolean_types (test_audit_frontier_controls_v8.PrimitiveOracleTests) ... ok
2026-10-03T13:04:45.3026078Z test_money_format_is_exact_for_negative_and_large_cents (test_audit_frontier_controls_v8.PrimitiveOracleTests) ... ok
2026-10-03T13:04:45.3027588Z test_time_uses_absolute_instants_across_offsets_and_leap_day (test_audit_frontier_controls_v8.PrimitiveOracleTests) ... ok
2026-10-03T13:04:45.3029127Z test_account_closed_paused_unknown_active_priority_and_latest_status (test_audit_frontier_controls_v8.StateOracleTests) ... ok
2026-10-03T13:04:45.3030625Z test_canonical_balance_candidates_and_visible_proposition (test_audit_frontier_controls_v8.StateOracleTests) ... ok
2026-10-03T13:04:45.3032397Z test_composed_signed_ledgers_and_no_boolean_or_neutral_operands (test_audit_frontier_controls_v8.StateOracleTests) ... ok
2026-10-03T13:04:45.3033883Z test_department_fraud_before_missing_or_withdrawn_policy (test_audit_frontier_controls_v8.StateOracleTests) ... ok
2026-10-03T13:04:45.3035447Z test_department_normalization_preserves_unequal_components_under_reversal (test_audit_frontier_controls_v8.StateOracleTests) ... ok
2026-10-03T13:04:45.3037059Z test_foreign_reference_equality_is_preserved_even_when_gold_ignores_it (test_audit_frontier_controls_v8.StateOracleTests) ... ok
2026-10-03T13:04:45.3038670Z test_full_matcher_accepts_consistent_renaming_and_rejects_identity_merge (test_audit_frontier_controls_v8.StateOracleTests) ... ok
2026-10-03T13:04:45.3042758Z test_full_typed_presentation_matcher_preserves_all_ids_and_values (test_audit_frontier_controls_v8.StateOracleTests) ... ok
2026-10-03T13:04:45.3046385Z test_joint_exact_capacity_scope_and_revoke_before_missing_or_amount (test_audit_frontier_controls_v8.StateOracleTests) ... ok
2026-10-03T13:04:45.3049269Z test_joint_regrant_and_tied_authority (test_audit_frontier_controls_v8.StateOracleTests) ... ok
2026-10-03T13:04:45.3062010Z test_old_directory_and_symlink_are_rejected_before_any_row_read (test_audit_frontier_controls_v8.StateOracleTests) ... ok
2026-10-03T13:04:45.3065392Z test_policy_identity_normalization_ignores_mapping_key_order (test_audit_frontier_controls_v8.StateOracleTests) ... ok
2026-10-03T13:04:45.3077825Z test_provisional_split_hash_rejected_before_row_json_parse (test_audit_frontier_controls_v8.StateOracleTests) ... ok
2026-10-03T13:04:45.3082703Z test_refund_canonical_first_last_annotations_survive_verified_reversal (test_audit_frontier_controls_v8.StateOracleTests) ... ok
2026-10-03T13:04:45.3084839Z test_refund_recall_before_document_ineligibility_and_total_capacity (test_audit_frontier_controls_v8.StateOracleTests) ... ok
2026-10-03T13:04:45.3088365Z test_temporal_advance_and_duplicate_applicable_sequences (test_audit_frontier_controls_v8.StateOracleTests) ... ok
2026-10-03T13:04:45.3091387Z test_temporal_corrected_anchor_inclusive_endpoints_exception_and_invalid_records (test_audit_frontier_controls_v8.StateOracleTests) ... ok
2026-10-03T13:04:45.3095055Z test_topic_scope_exactness_and_duplicate_valid_revision (test_audit_frontier_controls_v8.StateOracleTests) ... ok
2026-10-03T13:04:45.3098598Z test_topics_resolve_all_authority_before_fraud_and_ignore_invalid_high_revision (test_audit_frontier_controls_v8.StateOracleTests) ... ok
2026-10-03T13:04:45.3101518Z test_visible_policy_and_proposition_gold_ignore_metadata_conditions (test_audit_frontier_controls_v8.StateOracleTests) ... ok
2026-10-03T13:04:45.3128542Z test_every_git_variable_scrubbed_and_exact_commit_used (test_audit_frontier_training_v8.CommittedSourceTests) ... ok
2026-10-03T13:04:45.4339944Z test_wrong_repository_root_or_source_bytes_rejected (test_audit_frontier_training_v8.CommittedSourceTests) ... ok
2026-10-03T13:04:45.4836304Z test_full_numeric_menu_origin_changes_block_but_shared_atom_alone_does_not (test_audit_frontier_training_v8.InputIsolationTests) ... ok
2026-10-03T13:04:45.4851297Z test_inherited_typed_query_clone_blocks_and_exports_no_old_body (test_audit_frontier_training_v8.InputIsolationTests) ... ok
2026-10-03T13:04:45.4857265Z test_noul_query_outcome_and_negation_cannot_be_ignored (test_audit_frontier_training_v8.InputIsolationTests) ... ok
2026-10-03T13:04:45.4863021Z test_option_rotation_and_invisible_metadata_do_not_disguise_compiled_copy (test_audit_frontier_training_v8.InputIsolationTests) ... ok
2026-10-03T13:04:45.4891544Z test_parent_closure_excludes_unmatched_siblings_without_label_selection (test_audit_frontier_training_v8.InputIsolationTests) ... ok
2026-10-03T13:04:45.4897783Z test_parent_identifier_cannot_cross_splits_with_different_facts (test_audit_frontier_training_v8.InputIsolationTests) ... ok
2026-10-03T13:04:45.4987238Z test_preserved_full_receipt_to_exact_declared_derivative_passes (test_audit_frontier_training_v8.InputIsolationTests) ... ok
2026-10-03T13:04:45.4996268Z test_reserved_to_reserved_collision_is_checked (test_audit_frontier_training_v8.InputIsolationTests) ... ok
2026-10-03T13:04:45.5004150Z test_subject_edges_are_preserved_independently (test_audit_frontier_training_v8.InputIsolationTests) ... ok
2026-10-03T13:04:45.5022882Z test_unreviewed_question_does_not_claim_proven_semantic_clone (test_audit_frontier_training_v8.InputIsolationTests) ... ok
2026-10-03T13:04:45.5053850Z test_actual_bytes_and_order_pass (test_audit_frontier_training_v8.StageIsolationTests) ... ok
2026-10-03T13:04:45.5055547Z test_blocked_preflight_fails_before_directory_read (test_audit_frontier_training_v8.StageIsolationTests) ... ok
2026-10-03T13:04:45.6227527Z test_changed_input_receipt_binding_rejected (test_audit_frontier_training_v8.StageIsolationTests) ... ok
2026-10-03T13:04:45.8773098Z test_declared_blocks_counts_and_membership_cannot_be_forged (test_audit_frontier_training_v8.StageIsolationTests) ... ok
2026-10-03T13:04:45.8825798Z test_missing_retained_or_changed_bytes_rejected (test_audit_frontier_training_v8.StageIsolationTests) ... ok
2026-10-03T13:04:45.8902417Z test_promotion_model_calls_or_executable_argv_is_rejected (test_audit_frontier_training_v8.StageIsolationTests) ... ok
2026-10-03T13:04:45.8967037Z test_reordered_or_mutated_row_is_rejected_even_if_manifest_self_consistent (test_audit_frontier_training_v8.StageIsolationTests) ... ok
2026-10-03T13:04:45.9056401Z test_unexpected_nonjsonl_jsonl_symlink_and_fifo_rejected_before_read (test_audit_frontier_training_v8.StageIsolationTests) ... ok
2026-10-03T13:04:45.9066317Z test_bad_probabilities_and_derived_fields_are_schema_failures (test_benchmark_generation.GenerationBenchmarkTest) ... ok
2026-10-03T13:04:45.9092527Z test_cli_rejects_unknown_contract_and_existing_outputs_before_model_loading (test_benchmark_generation.GenerationBenchmarkTest) ... ok
2026-10-03T13:04:45.9097480Z test_complete_typed_response_and_json_validate (test_benchmark_generation.GenerationBenchmarkTest) ... ok
2026-10-03T13:04:45.9101692Z test_contracts_are_explicit_and_never_inferred_from_output (test_benchmark_generation.GenerationBenchmarkTest) ... ok
2026-10-03T13:04:45.9105352Z test_generation_prompt_contains_same_state_all_questions_and_full_output (test_benchmark_generation.GenerationBenchmarkTest) ... ok
2026-10-03T13:04:45.9111164Z test_missing_questions_candidates_and_fields_are_coverage_failures (test_benchmark_generation.GenerationBenchmarkTest) ... ok
2026-10-03T13:04:45.9113407Z test_no_ratio_when_even_one_output_is_invalid (test_benchmark_generation.GenerationBenchmarkTest) ... ok
2026-10-03T13:04:45.9116986Z test_parse_failure_is_not_repaired (test_benchmark_generation.GenerationBenchmarkTest) ... ok
2026-10-03T13:04:45.9120736Z test_probability_json_rejects_fences_duplicate_keys_and_nonfinite_literals (test_benchmark_generation.GenerationBenchmarkTest) ... ok
2026-10-03T13:04:45.9127033Z test_probability_mapping_requires_exact_question_and_candidate_coverage (test_benchmark_generation.GenerationBenchmarkTest) ... ok
2026-10-03T13:04:45.9132400Z test_probability_mapping_uses_identical_typed_formatter_without_mutation (test_benchmark_generation.GenerationBenchmarkTest) ... ok
2026-10-03T13:04:45.9136705Z test_probability_prompt_retains_request_and_omits_derived_output_fields (test_benchmark_generation.GenerationBenchmarkTest) ... ok
2026-10-03T13:04:45.9144283Z test_probability_simplex_is_strict_and_invalid_numbers_are_not_repaired (test_benchmark_generation.GenerationBenchmarkTest) ... ok
2026-10-03T13:04:45.9158607Z test_timed_probability_trials_retain_raw_text_on_success_and_failure (test_benchmark_generation.GenerationBenchmarkTest) ... ok
2026-10-03T13:04:46.2043406Z test_complete_schema_split_counts_independent_replay_and_determinism (test_boundary_controls_v7.BoundaryControlsV7Tests) ... ok
2026-10-03T13:04:46.2280709Z test_condition_kind_truth_correct_position_and_action_coverage (test_boundary_controls_v7.BoundaryControlsV7Tests) ... ok
2026-10-03T13:04:46.7037930Z test_corrupt_target_proposal_incomplete_group_and_same_split_duplicate (test_boundary_controls_v7.BoundaryControlsV7Tests) ... ok
2026-10-03T13:04:47.0769600Z test_frozen_output_hashes_and_hidden_metadata_are_absent_from_prompts (test_boundary_controls_v7.BoundaryControlsV7Tests) ... ok
2026-10-03T13:04:47.0779161Z test_independent_replay_rejects_malformed_authority_facts (test_boundary_controls_v7.BoundaryControlsV7Tests) ... ok
2026-10-03T13:04:47.0787111Z test_joint_scope_sequence_revocation_missing_and_one_cent_mutations (test_boundary_controls_v7.BoundaryControlsV7Tests) ... ok
2026-10-03T13:04:47.0791951Z test_latest_authority_missing_withdrawal_and_fraud_priority_mutations (test_boundary_controls_v7.BoundaryControlsV7Tests) ... ok
2026-10-03T13:04:47.0876924Z test_numeric_signed_zero_cancelled_integer_money_and_nonmedian_gold (test_boundary_controls_v7.BoundaryControlsV7Tests) ... ok
2026-10-03T13:04:47.7945646Z test_separate_audit_rejects_changed_rules_conditions_and_labels (test_boundary_controls_v7.BoundaryControlsV7Tests) ... ok
2026-10-03T13:04:47.8006938Z test_structural_alternatives_cross_kind_and_noul_truth (test_boundary_controls_v7.BoundaryControlsV7Tests) ... ok
2026-10-03T13:04:47.8052783Z test_temporal_inclusive_offsets_exception_and_equivalent_negative (test_boundary_controls_v7.BoundaryControlsV7Tests) ... ok
2026-10-03T13:04:47.8054860Z test_exact_frozen_train_and_only_train_row_file_read (test_boundary_train_coverage.TrainCoverageTests) ... skipped 'Frozen Train artifact is not part of a clean checkout'
2026-10-03T13:04:47.8065707Z test_exact_state_margins_and_authority_blocked_exclusion (test_boundary_train_coverage.TrainCoverageTests) ... ok
2026-10-03T13:04:47.8072354Z test_missing_choice_action_and_no_input_mutation (test_boundary_train_coverage.TrainCoverageTests) ... ok
2026-10-03T13:04:47.8075628Z test_non_train_rows_rejected (test_boundary_train_coverage.TrainCoverageTests) ... ok
2026-10-03T13:04:47.8085418Z test_symlink_to_heldout_filename_rejected_before_read (test_boundary_train_coverage.TrainCoverageTests) ... ok
2026-10-03T13:04:47.8097477Z test_unsafe_heldout_filename_rejected_before_read (test_boundary_train_coverage.TrainCoverageTests) ... ok
2026-10-03T13:04:47.8102750Z test_wrong_hash_rejected_before_json_parsing (test_boundary_train_coverage.TrainCoverageTests) ... ok
2026-10-03T13:04:48.6404389Z test_disclosed_done_wait_blocked_precedence (test_browser_data.BrowserDataTest) ... ok
2026-10-03T13:04:49.6379017Z test_disk_roundtrip_preserves_runtime_indices_and_refuses_overwrite (test_browser_data.BrowserDataTest) ... ok
2026-10-03T13:04:49.6408240Z test_exact_scope_ignores_completed_or_busy_distractors (test_browser_data.BrowserDataTest) ... ok
2026-10-03T13:04:49.6934054Z test_forced_active_heads_are_counted_and_never_invent_candidates (test_browser_data.BrowserDataTest) ... ok
2026-10-03T13:04:50.1700428Z test_group_and_ood_isolation_and_determinism (test_browser_data.BrowserDataTest) ... ok
2026-10-03T13:04:50.2430017Z test_id_and_order_permutation_preserves_semantic_proposal (test_browser_data.BrowserDataTest) ... ok
2026-10-03T13:04:50.2450888Z test_injection_cannot_change_any_active_answer (test_browser_data.BrowserDataTest) ... ok
2026-10-03T13:04:50.2554765Z test_metadata_cannot_leak_into_model_prompts (test_browser_data.BrowserDataTest) ... ok
2026-10-03T13:04:50.2579838Z test_rejects_changed_runtime_questions_and_saved_answers (test_browser_data.BrowserDataTest) ... ok
2026-10-03T13:04:50.6480544Z test_rows_are_exact_runtime_inputs_with_only_active_labels (test_browser_data.BrowserDataTest) ... ok
2026-10-03T13:04:50.7021917Z test_same_snapshot_value_counterfactuals_require_the_goal (test_browser_data.BrowserDataTest) ... ok
2026-10-03T13:04:50.7050896Z test_unavailable_or_nonunique_values_are_blocked (test_browser_data.BrowserDataTest) ... ok
2026-10-03T13:04:50.8705030Z test_active_heads_are_scored_even_for_wrong_operation_and_forced_heads_are_separate (test_browser_service_eval.BrowserServiceEvaluationTests) ... ok
2026-10-03T13:04:50.8813236Z test_confidence_is_required_and_consistent_even_on_inactive_heads (test_browser_service_eval.BrowserServiceEvaluationTests) ... ok
2026-10-03T13:04:51.4402424Z test_identity_drift_and_missing_checkpoint_are_failures (test_browser_service_eval.BrowserServiceEvaluationTests) ... ok
2026-10-03T13:04:51.9913167Z test_real_http_failures_remain_in_denominators_and_wire_bytes_are_retained (test_browser_service_eval.BrowserServiceEvaluationTests) ... ok
2026-10-03T13:04:52.0397876Z test_selection_is_label_independent_grouped_balanced_and_order_invariant (test_browser_service_eval.BrowserServiceEvaluationTests) ... ok
2026-10-03T13:04:52.0399613Z test_largest_fanout_is_not_necessarily_longest_sequence (test_candidate_length_audit.CandidateLengthStatsTests) ... ok
2026-10-03T13:04:52.0401175Z test_limits_count_rows_and_sequences_with_strict_exceeds_semantics (test_candidate_length_audit.CandidateLengthStatsTests) ... ok
2026-10-03T13:04:52.1010830Z test_cosmetic_reproduction_does_not_describe_broken_functionality (test_case_customer.CustomerCaseTests) ... ok
2026-10-03T13:04:52.1015533Z test_hidden_worlds_with_identical_observations_have_identical_targets (test_case_customer.CustomerCaseTests) ... ok
2026-10-03T13:04:52.1017353Z test_latent_marginal_is_defined_not_a_guessed_confidence (test_case_customer.CustomerCaseTests) ... ok
2026-10-03T13:04:52.1423587Z test_ood_full_utterances_and_templates_are_reserved (test_case_customer.CustomerCaseTests) ... ok
2026-10-03T13:04:52.2348743Z test_saved_workflow_choice_order_roundtrip (test_case_customer.CustomerCaseTests) ... ok
2026-10-03T13:04:52.2350090Z test_source_question_forms_and_independent_score_descriptions (test_case_customer.CustomerCaseTests) ... ok
2026-10-03T13:04:52.3618146Z test_workflows_compile_to_the_training_inputs_and_targets (test_case_customer.CustomerCaseTests) ... ok
2026-10-03T13:04:52.3619427Z test_bearing_coordinate_convention_and_wrap (test_case_doom.DoomDecisionTests) ... ok
2026-10-03T13:04:52.3654667Z test_episode_splits_and_ood_seed_ranges (test_case_doom.DoomDecisionTests) ... ok
2026-10-03T13:04:52.3655737Z test_movement_momentum_and_action_button_order (test_case_doom.DoomDecisionTests) ... ok
2026-10-03T13:04:52.3656562Z test_shot_grade_boundaries_and_attack (test_case_doom.DoomDecisionTests) ... ok
2026-10-03T13:04:52.3662622Z test_three_tasks_share_episode_group_and_keep_labels_out_of_input (test_case_doom.DoomDecisionTests) ... ok
2026-10-03T13:04:52.3664172Z test_real_rollout_replay_and_tamper_detection (test_case_doom.DoomEngineTests) ... skipped 'optional vizdoom environment unavailable'
2026-10-03T13:04:52.3665898Z test_small_engine_dataset_validates_and_replays_id_and_ood (test_case_doom.DoomEngineTests) ... skipped 'optional vizdoom environment unavailable'
2026-10-03T13:04:52.3667825Z test_arithmetic_uses_exact_integer_floor_and_remainder (test_case_reasoning.ReasoningControlTest) ... ok
2026-10-03T13:04:52.3669340Z test_code_interpreter_matches_hand_calculated_branches (test_case_reasoning.ReasoningControlTest) ... ok
2026-10-03T13:04:52.3670777Z test_directed_reachability_handles_cycles_and_disconnected_nodes (test_case_reasoning.ReasoningControlTest) ... ok
2026-10-03T13:04:52.3673488Z test_evidence_filters_aliases_retractions_and_tied_conflicts (test_case_reasoning.ReasoningControlTest) ... ok
2026-10-03T13:04:52.3674351Z test_filter_sort_and_missing_rank (test_case_reasoning.ReasoningControlTest) ... ok
2026-10-03T13:04:52.4278619Z test_generated_records_have_domain_coverage_and_grouped_splits (test_case_reasoning.ReasoningControlTest) ... ok
2026-10-03T13:04:52.4279663Z test_logic_truth_tables (test_case_reasoning.ReasoningControlTest) ... ok
2026-10-03T13:04:52.4285183Z test_oracles_labels_and_ids_do_not_leak_into_candidate_prompts (test_case_reasoning.ReasoningControlTest) ... ok
2026-10-03T13:04:52.4286603Z test_temporal_order_compares_instants_not_local_dates (test_case_reasoning.ReasoningControlTest) ... ok
2026-10-03T13:04:52.4289784Z test_all_unreachable_candidates_are_filtered_without_gold_insertion (test_case_wikiracing.WikiCaseTest) ... ok
2026-10-03T13:04:52.4291113Z test_browser_back_replays_navigation_stack (test_case_wikiracing.WikiCaseTest) ... ok
2026-10-03T13:04:52.4296274Z test_candidates_do_not_change_with_hidden_distances_or_human_trace (test_case_wikiracing.WikiCaseTest) ... ok
2026-10-03T13:04:52.4297435Z test_invalid_limits_are_rejected (test_case_wikiracing.WikiCaseTest) ... ok
2026-10-03T13:04:52.4300500Z test_path_separators_are_split_before_title_decoding (test_case_wikiracing.WikiCaseTest) ... ok
2026-10-03T13:04:52.4304012Z test_policy_ties_are_uniform_over_best_candidates (test_case_wikiracing.WikiCaseTest) ... ok
2026-10-03T13:04:52.4305081Z test_reverse_bfs_is_directed_and_leaves_unreachable_absent (test_case_wikiracing.WikiCaseTest) ... ok
2026-10-03T13:04:52.4640233Z test_target_isolation_determinism_and_workflow_paths (test_case_wikiracing.WikiCaseTest) ... ok
2026-10-03T13:04:52.4643119Z test_unreachable_option_is_zero_and_distance_stays_metadata (test_case_wikiracing.WikiCaseTest) ... ok
2026-10-03T13:04:52.5555516Z test_calibration_split_count_ids_temperature_and_targets_are_bound (test_checkpoint_package.CheckpointPackageTests) ... ok
2026-10-03T13:04:52.6497884Z test_completed_single_2b_9b_and_ddp_27b_package_without_source_data (test_checkpoint_package.CheckpointPackageTests) ... ok
2026-10-03T13:04:52.6789613Z test_data_relocation_keeps_hashes_and_changes_are_rejected (test_checkpoint_package.CheckpointPackageTests) ... ok
2026-10-03T13:04:52.6791364Z test_duplicate_json_keys_are_rejected (test_checkpoint_package.CheckpointPackageTests) ... ok
2026-10-03T13:04:52.7343015Z test_incomplete_resume_only_and_noncontiguous_training_are_rejected (test_checkpoint_package.CheckpointPackageTests) ... ok
2026-10-03T13:04:52.7760801Z test_missing_extra_symlinked_and_ambiguous_checkpoint_files_are_rejected (test_checkpoint_package.CheckpointPackageTests) ... ok
2026-10-03T13:04:52.8827642Z test_model_revision_adapter_and_ddp_identity_are_bound (test_checkpoint_package.CheckpointPackageTests) ... ok
2026-10-03T13:04:52.9107443Z test_output_no_overwrite_and_source_race_leaves_no_published_partial (test_checkpoint_package.CheckpointPackageTests) ... ok
2026-10-03T13:04:52.9662800Z test_pinned_upstream_license_and_metric_scope_are_required (test_checkpoint_package.CheckpointPackageTests) ... ok
2026-10-03T13:04:53.0378192Z test_reload_requires_finite_equal_shape_real_saved_evidence (test_checkpoint_package.CheckpointPackageTests) ... ok
2026-10-03T13:04:53.1302303Z test_stale_metrics_calibration_and_prediction_grouping_are_rejected (test_checkpoint_package.CheckpointPackageTests) ... ok
2026-10-03T13:04:53.3809547Z test_absent_quote_cannot_acquire_confidence_or_a_semantic_record (test_citation_control.CitationCorpusAuditTest) ... ok
2026-10-03T13:04:53.4649215Z test_auxiliary_spec_is_not_the_semantic_oracle (test_citation_control.CitationCorpusAuditTest) ... ok
2026-10-03T13:04:53.4669643Z test_build_refuses_to_overwrite_existing_corpus (test_citation_control.CitationCorpusAuditTest) ... ok
2026-10-03T13:04:53.5015626Z test_entire_source_document_and_claims_remain_in_one_split (test_citation_control.CitationCorpusAuditTest) ... ok
2026-10-03T13:04:53.5423048Z test_final_rendered_fact_change_is_detected_despite_unchanged_auxiliary_spec (test_citation_control.CitationCorpusAuditTest) ... ok
2026-10-03T13:04:53.5773940Z test_gate_offsets_and_typography_modes_are_checked (test_citation_control.CitationCorpusAuditTest) ... ok
2026-10-03T13:04:53.5870866Z test_labels_ids_provenance_and_specs_are_absent_from_model_inputs (test_citation_control.CitationCorpusAuditTest) ... ok
2026-10-03T13:04:53.6268040Z test_matching_wrong_reference_and_target_are_rejected (test_citation_control.CitationCorpusAuditTest) ... ok
2026-10-03T13:04:53.7819833Z test_original_corpus_audits_and_generation_is_deterministic (test_citation_control.CitationCorpusAuditTest) ... ok
2026-10-03T13:04:53.9516904Z test_report_can_only_create_a_new_file_and_uses_exclusive_open (test_citation_control.CitationCorpusAuditTest) ... ok
2026-10-03T13:04:53.9578297Z test_report_cannot_write_inside_input_data_or_through_directory_alias (test_citation_control.CitationCorpusAuditTest) ... ok
2026-10-03T13:04:53.9619689Z test_report_refuses_existing_files_and_normal_or_dangling_symlinks (test_citation_control.CitationCorpusAuditTest) ... ok
2026-10-03T13:04:53.9650103Z test_unsealed_bytes_fail_before_semantic_audit (test_citation_control.CitationCorpusAuditTest) ... ok
2026-10-03T13:04:53.9659657Z test_delivery_negation_and_irrelevant_numbers (test_citation_control.CitationSemanticsTest) ... ok
2026-10-03T13:04:53.9667944Z test_inclusive_amount_and_leap_date_boundaries_in_both_grammars (test_citation_control.CitationSemanticsTest) ... ok
2026-10-03T13:04:53.9669703Z test_quote_gate_only_normalizes_typography_and_whitespace (test_citation_control.CitationSemanticsTest) ... ok
2026-10-03T13:04:53.9681410Z test_unknown_completions_and_dominating_known_failure (test_citation_control.CitationSemanticsTest) ... ok
2026-10-03T13:04:53.9684612Z test_unsupported_rules_ambiguous_registers_and_claims_fail_closed (test_citation_control.CitationSemanticsTest) ... ok
2026-10-03T13:04:53.9709430Z test_browser_does_not_offer_arbitrary_text_generation (test_community.CommunityTest) ... ok
2026-10-03T13:04:53.9731401Z test_browser_rejects_missing_and_duplicate_observations (test_community.CommunityTest) ... ok
2026-10-03T13:04:53.9757102Z test_browser_rejects_stale_revision_before_postprocessing (test_community.CommunityTest) ... ok
2026-10-03T13:04:53.9780868Z test_browser_resolves_only_supplied_text_and_observed_target (test_community.CommunityTest) ... ok
2026-10-03T13:04:53.9807288Z test_browser_select_options_and_click_ids_remain_observed (test_community.CommunityTest) ... ok
2026-10-03T13:04:53.9827949Z test_builders_reject_empty_observations (test_community.CommunityTest) ... ok
2026-10-03T13:04:53.9851820Z test_drone_requires_verified_climb_clearance_and_never_motor_commands (test_community.CommunityTest) ... ok
2026-10-03T13:04:53.9887994Z test_every_example_compiles_and_declared_field_scales_are_exact (test_community.CommunityTest) ... ok
2026-10-03T13:04:53.9911826Z test_heist_uses_one_guards_local_observation_and_allows_no_target (test_community.CommunityTest) ... ok
2026-10-03T13:04:53.9938969Z test_malformed_responses_cannot_become_proposals (test_community.CommunityTest) ... ok
2026-10-03T13:04:53.9963856Z test_pokemon_faint_forecast_is_conditioned_on_selected_move (test_community.CommunityTest) ... ok
2026-10-03T13:04:53.9986196Z test_runescape_keeps_catalog_and_poll_intervals_closed (test_community.CommunityTest) ... ok
2026-10-03T13:04:54.3428965Z test_candidate_permutation_and_metadata_do_not_determine_the_label (test_community_diversity_v2.CommunityDiversityV2Test) ... ok
2026-10-03T13:04:54.5440712Z test_eighty_authored_families_and_all_schema_kinds (test_community_diversity_v2.CommunityDiversityV2Test) ... ok
2026-10-03T13:04:55.9780366Z test_family_and_source_instance_are_disjoint (test_community_diversity_v2.CommunityDiversityV2Test) ... ok
2026-10-03T13:04:57.5995232Z test_generation_has_no_input_file_reads_and_is_reproducible (test_community_diversity_v2.CommunityDiversityV2Test) ... ok
2026-10-03T13:04:57.6596884Z test_minimal_counterfactuals_change_winner_and_only_one_visible_fact (test_community_diversity_v2.CommunityDiversityV2Test) ... ok
2026-10-03T13:04:57.7481273Z test_target_tampering_and_visible_policy_tampering_fail (test_community_diversity_v2.CommunityDiversityV2Test) ... ok
2026-10-03T13:04:57.7483172Z test_three_valued_negation_exception_and_arithmetic (test_community_diversity_v2.CommunityDiversityV2Test) ... ok
2026-10-03T13:04:57.7485078Z test_boolean_truth_tables_and_unknown_comparisons (test_community_diversity_v2_audit.IndependentVisibleRulesTest) ... ok
2026-10-03T13:04:57.7494595Z test_independent_end_to_end_choice_probe_and_target_corruption (test_community_diversity_v2_audit.IndependentVisibleRulesTest) ... ok
2026-10-03T13:04:57.7497174Z test_nested_arithmetic_sets_and_quoted_literals (test_community_diversity_v2_audit.IndependentVisibleRulesTest) ... ok
2026-10-03T13:04:57.7499662Z test_benchmark_labels_are_excluded_and_candidate_order_ignored (test_community_hard_mix.HardMixtureTests) ... ok
2026-10-03T13:04:57.7501356Z test_empty_benchmark_cannot_pass_screen (test_community_hard_mix.HardMixtureTests) ... ok
2026-10-03T13:04:57.7536509Z test_mixture_allows_empty_output_but_never_overwrites_existing_data (test_community_hard_mix.HardMixtureTests) ... ok
2026-10-03T13:04:57.7610039Z test_mixture_checks_both_manifest_schemas_and_caps_across_replay_folders (test_community_hard_mix.HardMixtureTests) ... ok
2026-10-03T13:04:57.7637973Z test_mixture_rejects_stale_or_missing_source_hashes (test_community_hard_mix.HardMixtureTests) ... ok
2026-10-03T13:04:57.7688683Z test_quarantine_removes_whole_training_group (test_community_hard_mix.HardMixtureTests) ... ok
2026-10-03T13:04:57.7691226Z test_replay_spreads_across_groups_and_never_duplicates (test_community_hard_mix.HardMixtureTests) ... ok
2026-10-03T13:04:57.7693442Z test_request_index_reads_only_visible_fields (test_community_hard_mix.HardMixtureTests) ... ok
2026-10-03T13:04:57.7728113Z test_screen_never_exports_benchmark_text_or_uses_gold (test_community_hard_mix.HardMixtureTests) ... ok
2026-10-03T13:04:57.7744920Z test_candidate_microbatches_preserve_all_logits_without_gold (test_community_pair.CommunityPairTest) ... ok
2026-10-03T13:04:57.7818996Z test_completed_checkpoint_identity_and_changed_content (test_community_pair.CommunityPairTest) ... ok
2026-10-03T13:04:57.7887766Z test_cpu_panel_validation_precedes_gpu_environment_check (test_community_pair.CommunityPairTest) ... ok
2026-10-03T13:04:57.7914754Z test_errors_and_soft_targets_keep_complete_denominators (test_community_pair.CommunityPairTest) ... ok
2026-10-03T13:04:57.8013762Z test_frozen_panel_and_all_five_source_hashes_are_checked (test_community_pair.CommunityPairTest) ... ok
2026-10-03T13:04:57.8065895Z test_group_and_input_leakage_rejected_even_under_new_ids (test_community_pair.CommunityPairTest) ... ok
2026-10-03T13:04:57.8095691Z test_group_macro_equal_weights_keep_errors_missing_and_soft_only_groups (test_community_pair.CommunityPairTest) ... ok
2026-10-03T13:04:57.8112752Z test_identical_checkpoint_content_is_a_valid_negative_result (test_community_pair.CommunityPairTest) ... ok
2026-10-03T13:04:57.8208360Z test_incomplete_wrong_revision_reload_and_calibration_fail_closed (test_community_pair.CommunityPairTest) ... ok
2026-10-03T13:04:57.8226462Z test_nonfinite_logits_and_deadline_record_no_fake_probabilities (test_community_pair.CommunityPairTest) ... ok
2026-10-03T13:04:57.8262896Z test_noul_imbalance_and_failures_have_class_conditional_denominators (test_community_pair.CommunityPairTest) ... ok
2026-10-03T13:04:57.8326277Z test_panel_is_reproducible_group_round_robin_with_honest_counts (test_community_pair.CommunityPairTest) ... ok
2026-10-03T13:04:57.8411578Z test_three_new_versions_and_multiple_sources_are_bound (test_community_pair.CommunityPairTest) ... ok
2026-10-03T13:04:57.8822124Z test_catalog_specific_shared_labels_keep_one_global_split_and_explicit_catalog (test_community_routing_v3.RoutingV3Tests) ... ok
2026-10-03T13:04:57.9853609Z test_choice_target_and_abstain_positions_and_noul_labels_are_balanced (test_community_routing_v3.RoutingV3Tests) ... ok
2026-10-03T13:04:58.0370064Z test_full_catalog_protocol_uses_only_official_test_and_is_not_training_rows (test_community_routing_v3.RoutingV3Tests) ... ok
2026-10-03T13:04:58.0380898Z test_global_official_holdouts_are_reserved_before_duplicate_and_conflict_filtering (test_community_routing_v3.RoutingV3Tests) ... ok
2026-10-03T13:04:58.1011179Z test_gold_present_omitted_and_noul_contracts_are_exact_and_bounded (test_community_routing_v3.RoutingV3Tests) ... ok
2026-10-03T13:04:58.1528203Z test_order_independence_and_duplicate_conflicts (test_community_routing_v3.RoutingV3Tests) ... ok
2026-10-03T13:04:58.1542951Z test_pinned_source_mutation_and_existing_output_fail_without_overwrite (test_community_routing_v3.RoutingV3Tests) ... ok
2026-10-03T13:04:58.1971300Z test_approval_manual_counterevidence_absence_and_conflict (test_community_workflow_v3.WorkflowV3Tests) ... ok
2026-10-03T13:04:58.4266418Z test_builder_preserves_existing_outputs_and_reproduces_hashes (test_community_workflow_v3.WorkflowV3Tests) ... ok
2026-10-03T13:04:58.4269987Z test_claimed_authorization_and_negated_requests_do_not_execute (test_community_workflow_v3.WorkflowV3Tests) ... ok
2026-10-03T13:04:58.4271368Z test_cms_is_multilabel_and_not_tag_name_matching (test_community_workflow_v3.WorkflowV3Tests) ... ok
2026-10-03T13:04:58.4273016Z test_cms_quotes_archives_hypotheses_withdrawal_and_contradiction (test_community_workflow_v3.WorkflowV3Tests) ... ok
2026-10-03T13:04:58.5244165Z test_cosmetic_duplicate_scenarios_are_rejected (test_community_workflow_v3.WorkflowV3Tests) ... ok
2026-10-03T13:05:00.0703120Z test_eighteen_semantic_scenarios_survive_prefix_and_order_normalization (test_community_workflow_v3.WorkflowV3Tests) ... ok
2026-10-03T13:05:00.0708711Z test_exception_has_a_visible_scope_and_cannot_waive_everything (test_community_workflow_v3.WorkflowV3Tests) ... ok
2026-10-03T13:05:00.1118840Z test_generation_is_deterministic_and_reads_no_examples (test_community_workflow_v3.WorkflowV3Tests) ... ok
2026-10-03T13:05:00.2368645Z test_schema_prose_only_counts_and_whole_family_splits (test_community_workflow_v3.WorkflowV3Tests) ... ok
2026-10-03T13:05:00.2370255Z test_secondary_tag_unknown_and_conflict_are_distinct_evidence (test_community_workflow_v3.WorkflowV3Tests) ... ok
2026-10-03T13:05:00.3008327Z test_target_corruption_and_prose_contract_tampering_fail (test_community_workflow_v3.WorkflowV3Tests) ... ok
2026-10-03T13:05:00.5530253Z test_visible_input_alone_reconstructs_targets_and_tracks_candidate_order (test_community_workflow_v3.WorkflowV3Tests) ... ok
2026-10-03T13:05:00.9826391Z test_all_abstain_31_and_32_accepted_and_single_accepted_error (test_compare_boundary_training_v7.BoundaryComparisonMetricsTests) ... ok
2026-10-03T13:05:00.9867384Z test_committed_source_allows_new_driver_but_refuses_frozen_changes (test_compare_boundary_training_v7.BoundaryComparisonMetricsTests) ... ok
2026-10-03T13:05:01.3068586Z test_exception_scope_fraud_and_capacity_unsafe_actions_are_caught (test_compare_boundary_training_v7.BoundaryComparisonMetricsTests) ... ok
2026-10-03T13:05:02.1663491Z test_four_cells_fixed_calibrated_gate_and_all_paired_regressions (test_compare_boundary_training_v7.BoundaryComparisonMetricsTests) ... ok
2026-10-03T13:05:02.1671196Z test_gpu_uuid_requires_complete_physical_identifier (test_compare_boundary_training_v7.BoundaryComparisonMetricsTests) ... ok
2026-10-03T13:05:02.1676424Z test_inclusive_thresholds_and_nearest_floats (test_compare_boundary_training_v7.BoundaryComparisonMetricsTests) ... ok
2026-10-03T13:05:02.3112231Z test_missing_slices_or_family_and_partial_predictions_are_rejected (test_compare_boundary_training_v7.BoundaryComparisonMetricsTests) ... ok
2026-10-03T13:05:02.4740420Z test_old_state_derived_safety_denominators_and_failures (test_compare_boundary_training_v7.BoundaryComparisonMetricsTests) ... ok
2026-10-03T13:05:02.4763574Z test_state_derived_roles_and_scope_field_cross_groups (test_compare_boundary_training_v7.BoundaryComparisonMetricsTests) ... ok
2026-10-03T13:05:05.8623930Z test_calibration_reorder_test_fit_and_partial_evidence_rejected (test_compare_boundary_training_v7.BoundaryComparisonPreflightTests) ... ok
2026-10-03T13:05:07.4063590Z test_complete_artifact_stub_all_14_retained_and_904_rows (test_compare_boundary_training_v7.BoundaryComparisonPreflightTests) ... ok
2026-10-03T13:05:10.1449140Z test_execution_request_stage_and_base_content_tampering_rejected (test_compare_boundary_training_v7.BoundaryComparisonPreflightTests) ... ok
2026-10-03T13:05:12.2580178Z test_initialization_and_gradient_proof_tampering_or_false_status_rejected (test_compare_boundary_training_v7.BoundaryComparisonPreflightTests) ... ok
2026-10-03T13:05:19.1335976Z test_non_uuid_runtime_changes_fail_before_adapted_predictions (test_compare_boundary_training_v7.BoundaryComparisonPreflightTests) ... ok
2026-10-03T13:05:22.7100282Z test_partial_nonfinite_unordered_journal_and_wrong_run_identity_rejected (test_compare_boundary_training_v7.BoundaryComparisonPreflightTests) ... ok
2026-10-03T13:05:24.1120954Z test_raw_plan_main_retained_and_checkpoint_tampering_rejected (test_compare_boundary_training_v7.BoundaryComparisonPreflightTests) ... ok
2026-10-03T13:05:24.9883519Z test_retained_missing_reorder_and_provenance_rejected_independently (test_compare_boundary_training_v7.BoundaryComparisonPreflightTests) ... ok
2026-10-03T13:05:35.2280356Z test_runtime_requires_bf16_base_fp32_head_and_single_assigned_uuid (test_compare_boundary_training_v7.BoundaryComparisonPreflightTests) ... ok
2026-10-03T13:05:37.9473874Z test_sequential_raw_logits_and_failed_quality_gate_without_gpu (test_compare_boundary_training_v7.BoundaryComparisonPreflightTests) ... ok
2026-10-03T13:05:40.7460404Z test_settings_resume_missing_completion_and_output_overlap_rejected (test_compare_boundary_training_v7.BoundaryComparisonPreflightTests) ... ok
2026-10-03T13:05:42.4689454Z test_bundle_all_calibration_precedes_heldout_with_four_loads (test_compare_frontier_training_v8.FrontierArithmeticTests) ... ok
2026-10-03T13:05:42.4702105Z test_cli_execute_fails_before_any_input_read (test_compare_frontier_training_v8.FrontierArithmeticTests) ... ok
2026-10-03T13:05:42.6523723Z test_core_rejects_changed_runtime_and_denominators (test_compare_frontier_training_v8.FrontierArithmeticTests) ... ok
2026-10-03T13:05:42.6525368Z test_inclusive_thresholds_and_floor (test_compare_frontier_training_v8.FrontierArithmeticTests) ... ok
2026-10-03T13:05:42.6579419Z test_missing_runtime_fields_and_checkpoint_binding_fail_before_journal (test_compare_frontier_training_v8.FrontierArithmeticTests) ... ok
2026-10-03T13:05:42.8600753Z test_noul_errors_coverage_and_observed_denominators (test_compare_frontier_training_v8.FrontierArithmeticTests) ... ok
2026-10-03T13:05:42.8605465Z test_paired_threshold_changes_and_all_timing_outliers (test_compare_frontier_training_v8.FrontierArithmeticTests) ... ok
2026-10-03T13:05:42.8617200Z test_prediction_bindings_reject_each_mutation (test_compare_frontier_training_v8.FrontierArithmeticTests) ... ok
2026-10-03T13:05:42.8789778Z test_preflight_recomputes_completion_without_parsing_heldout (test_compare_frontier_training_v8.FrontierArithmeticTests) ... ok
2026-10-03T13:05:42.9723749Z test_preflight_rejects_changed_sources_data_completion_runtime_and_overlap (test_compare_frontier_training_v8.FrontierArithmeticTests) ... ok
2026-10-03T13:05:43.6420667Z test_safety_all_six_permissive_actions_and_numeric_reporting (test_compare_frontier_training_v8.FrontierArithmeticTests) ... ok
2026-10-03T13:05:43.6425178Z test_four_temperature_cells_preserve_argmax_and_change_probability_metrics (test_compare_policy_training_v6.ComparisonMetricsTests) ... ok
2026-10-03T13:05:43.6453381Z test_frozen_source_and_committed_evaluation_bytes (test_compare_policy_training_v6.ComparisonMetricsTests) ... ok
2026-10-03T13:05:43.6694682Z test_injection_options_align_by_text_and_consistent_wrong_is_separate (test_compare_policy_training_v6.ComparisonMetricsTests) ... ok
2026-10-03T13:05:43.6700946Z test_noul_inclusive_thresholds_nextafter_and_zero_accepted (test_compare_policy_training_v6.ComparisonMetricsTests) ... ok
2026-10-03T13:05:43.6707656Z test_prediction_binding_and_paired_transitions (test_compare_policy_training_v6.ComparisonMetricsTests) ... ok
2026-10-03T13:05:43.7312617Z test_semantic_temporal_and_joint_authority_subgroups (test_compare_policy_training_v6.ComparisonMetricsTests) ... ok
2026-10-03T13:05:43.8108792Z test_calibration_order_temperature_and_split_cannot_be_changed (test_compare_policy_training_v6.ComparisonPreflightTests) ... ok
2026-10-03T13:05:43.8612230Z test_first_cuda_synchronize_failure_is_journaled (test_compare_policy_training_v6.ComparisonPreflightTests) ... ok
2026-10-03T13:05:43.9112726Z test_nonfinite_inference_writes_failed_record_and_raises (test_compare_policy_training_v6.ComparisonPreflightTests) ... ok
2026-10-03T13:05:43.9626883Z test_plan_and_data_byte_tampering_rejected (test_compare_policy_training_v6.ComparisonPreflightTests) ... ok
2026-10-03T13:05:44.0155694Z test_regression_order_and_output_containment_rejected (test_compare_policy_training_v6.ComparisonPreflightTests) ... ok
2026-10-03T13:05:44.3806748Z test_sequential_model_lifecycle_lock_and_four_cell_output_without_gpu (test_compare_policy_training_v6.ComparisonPreflightTests) ... ok
2026-10-03T13:05:44.4537683Z test_source_settings_completion_and_reload_error_rejected (test_compare_policy_training_v6.ComparisonPreflightTests) ... ok
2026-10-03T13:05:44.5183457Z test_swapped_final_weights_or_modified_completion_receipt_rejected (test_compare_policy_training_v6.ComparisonPreflightTests) ... ok
2026-10-03T13:05:44.5772732Z test_valid_preflight_locks_complete_receipt_and_all_six_sets (test_compare_policy_training_v6.ComparisonPreflightTests) ... ok
2026-10-03T13:05:44.5775093Z test_allow_offload_never_allows_unloaded_parameters (test_consumer_gpu_loading.ConsumerGpuLoadingTest) ... skipped 'requires torch, transformers and peft'
2026-10-03T13:05:44.5777562Z test_backbone_dtype_defaults_to_released_bfloat16_and_is_selectable (test_consumer_gpu_loading.ConsumerGpuLoadingTest) ... skipped 'requires torch, transformers and peft'
2026-10-03T13:05:44.5780442Z test_cpu_embedding_is_reused_by_uncached_and_cached_scoring (test_consumer_gpu_loading.ConsumerGpuLoadingTest) ... skipped 'requires torch, transformers and peft'
2026-10-03T13:05:44.5782496Z test_explicit_transformer_cpu_offload_is_rejected (test_consumer_gpu_loading.ConsumerGpuLoadingTest) ... skipped 'requires torch, transformers and peft'
2026-10-03T13:05:44.5784059Z test_hub_id_meta_head_uses_pinned_shard_and_original_subtraction_dtype (test_consumer_gpu_loading.ConsumerGpuLoadingTest) ... skipped 'requires torch, transformers and peft'
2026-10-03T13:05:44.5785444Z test_load_revalidates_adapter_parameters (test_consumer_gpu_loading.ConsumerGpuLoadingTest) ... skipped 'requires torch, transformers and peft'
2026-10-03T13:05:44.5786652Z test_local_snapshot_resolution (test_consumer_gpu_loading.ConsumerGpuLoadingTest) ... skipped 'requires torch, transformers and peft'
2026-10-03T13:05:44.5787992Z test_provenance_records_loaded_rather_than_requested_backbone_dtypes (test_consumer_gpu_loading.ConsumerGpuLoadingTest) ... skipped 'requires torch, transformers and peft'
2026-10-03T13:05:44.5789456Z test_quantized_loading_is_refused_on_apple_mps_before_loading (test_consumer_gpu_loading.ConsumerGpuLoadingTest) ... skipped 'requires torch, transformers and peft'
2026-10-03T13:05:44.5790855Z test_similar_embedding_module_name_does_not_bypass_guard (test_consumer_gpu_loading.ConsumerGpuLoadingTest) ... skipped 'requires torch, transformers and peft'
2026-10-03T13:05:44.5792538Z test_unknown_backbone_dtype_is_rejected_before_loading (test_consumer_gpu_loading.ConsumerGpuLoadingTest) ... skipped 'requires torch, transformers and peft'
2026-10-03T13:05:44.5793820Z test_unsharded_snapshot_resolution (test_consumer_gpu_loading.ConsumerGpuLoadingTest) ... skipped 'requires torch, transformers and peft'
2026-10-03T13:05:44.5813614Z test_changed_manifest_artifact_and_source_are_rejected (test_contact_service.ContactDriverFixtures) ... ok
2026-10-03T13:05:44.5818479Z test_expected_identity_and_split_flags_fail_before_any_transport (test_contact_service.ContactDriverFixtures) ... ok
2026-10-03T13:05:44.5905319Z test_failed_default_http_path_never_marks_model_quality_evidence (test_contact_service.ContactDriverFixtures) ... ok
2026-10-03T13:05:44.5966123Z test_fixture_driver_preserves_original_requests_and_raw_responses (test_contact_service.ContactDriverFixtures) ... ok
2026-10-03T13:05:44.6016450Z test_interruption_retains_unattempted_documents_in_denominators (test_contact_service.ContactDriverFixtures) ... ok
2026-10-03T13:05:44.6044976Z test_loader_hashes_training_bytes_without_parsing_targets (test_contact_service.ContactDriverFixtures) ... ok
2026-10-03T13:05:44.6068098Z test_outputs_cannot_overwrite_inputs_or_follow_output_symlink (test_contact_service.ContactDriverFixtures) ... ok
2026-10-03T13:05:44.6081994Z test_absent_and_ambiguous_refusals_do_not_enter_unique_target_metric (test_contact_service.ContactPipelineFixtures) ... ok
2026-10-03T13:05:44.6084198Z test_b_failure_retains_a_score_and_b_fixed_denominator (test_contact_service.ContactPipelineFixtures) ... skipped 'requires optional .[phone] extra'
2026-10-03T13:05:44.6090750Z test_choice_tie_preserves_actual_service_choice (test_contact_service.ContactPipelineFixtures) ... ok
2026-10-03T13:05:44.6098783Z test_email_wrong_role_copy_is_not_requested_target_success (test_contact_service.ContactPipelineFixtures) ... ok
2026-10-03T13:05:44.6106958Z test_equal_email_at_other_offset_still_fails (test_contact_service.ContactPipelineFixtures) ... ok
2026-10-03T13:05:44.6116445Z test_forced_no_candidate_still_requires_valid_response (test_contact_service.ContactPipelineFixtures) ... ok
2026-10-03T13:05:44.6121765Z test_http_error_preserves_wire_bytes_and_all_case_denominators (test_contact_service.ContactPipelineFixtures) ... ok
2026-10-03T13:05:44.6123841Z test_identity_change_between_a_b_and_across_corpora_is_rejected (test_contact_service.ContactPipelineFixtures) ... skipped 'requires optional .[phone] extra'
2026-10-03T13:05:44.6150488Z test_json_probability_candidate_and_sequence_errors_cannot_succeed (test_contact_service.ContactPipelineFixtures) ... ok
2026-10-03T13:05:44.6161624Z test_metadata_identity_locks_even_when_first_answers_are_invalid (test_contact_service.ContactPipelineFixtures) ... ok
2026-10-03T13:05:44.6168691Z test_miss_none_is_span_correct_but_extraction_failure (test_contact_service.ContactPipelineFixtures) ... ok
2026-10-03T13:05:44.6170416Z test_partial_actual_candidate_gets_b_without_gold_repair (test_contact_service.ContactPipelineFixtures) ... skipped 'requires optional .[phone] extra'
2026-10-03T13:05:44.6172652Z test_phone_b_uses_actual_wrong_role_even_when_presence_is_false (test_contact_service.ContactPipelineFixtures) ... skipped 'requires optional .[phone] extra'
2026-10-03T13:05:44.6181186Z test_phone_none_with_presence_true_does_not_send_b (test_contact_service.ContactPipelineFixtures) ... ok
2026-10-03T13:05:44.6183048Z test_possible_but_invalid_gb_can_succeed_with_exact_e164 (test_contact_service.ContactPipelineFixtures) ... skipped 'requires optional .[phone] extra'
2026-10-03T13:05:44.6185079Z test_unknown_region_none_output_is_not_extraction_success (test_contact_service.ContactPipelineFixtures) ... skipped 'requires optional .[phone] extra'
2026-10-03T13:05:44.6848442Z test_build_and_report_never_overwrite_existing_inputs (test_context_retention_data.RetentionDataTests) ... ok
2026-10-03T13:05:44.7692250Z test_generated_ood_has_unseen_shared_dependency_structure (test_context_retention_data.RetentionDataTests) ... ok
2026-10-03T13:05:44.8997575Z test_hidden_spec_and_same_length_output_contents_do_not_determine_labels (test_context_retention_data.RetentionDataTests) ... ok
2026-10-03T13:05:44.9806659Z test_inputs_exclude_metadata_targets_and_full_outputs (test_context_retention_data.RetentionDataTests) ... ok
2026-10-03T13:05:45.1633819Z test_matching_wrong_reference_and_target_cannot_pass (test_context_retention_data.RetentionDataTests) ... ok
2026-10-03T13:05:45.2955991Z test_mutated_visible_goal_is_checked_without_consulting_spec (test_context_retention_data.RetentionDataTests) ... ok
2026-10-03T13:05:45.4168391Z test_pinned_and_unpaired_gates_never_acquire_probabilities (test_context_retention_data.RetentionDataTests) ... ok
2026-10-03T13:05:45.4897597Z test_policy_tampering_and_extra_rule_are_rejected (test_context_retention_data.RetentionDataTests) ... ok
2026-10-03T13:05:45.7071320Z test_small_corpus_is_deterministic_and_independently_verified (test_context_retention_data.RetentionDataTests) ... ok
2026-10-03T13:05:45.8316224Z test_source_result_pairing_and_omission_are_checked (test_context_retention_data.RetentionDataTests) ... ok
2026-10-03T13:05:45.9009599Z test_unsealed_data_mutation_fails_before_semantic_checks (test_context_retention_data.RetentionDataTests) ... ok
2026-10-03T13:05:45.9017734Z test_group_spanning_source_train_and_test_is_rejected (test_data.ImportDataTests) ... ok
2026-10-03T13:05:45.9032348Z test_noul_maps_labels_and_preserves_official_test (test_data.ImportDataTests) ... ok
2026-10-03T13:05:45.9136890Z test_source_train_never_becomes_test_and_duplicates_share_group (test_data.ImportDataTests) ... ok
2026-10-03T13:05:45.9141943Z test_unknown_label_is_not_silently_remapped (test_data.ImportDataTests) ... ok
2026-10-03T13:05:45.9336310Z test_build_roundtrip (test_data.SyntheticDataTests) ... ok
2026-10-03T13:05:45.9708927Z test_deterministic_and_every_target_matches_explicit_oracle (test_data.SyntheticDataTests) ... ok
2026-10-03T13:05:45.9800435Z test_directory_validation_ignores_auxiliary_workflow_jsonl (test_data.SyntheticDataTests) ... ok
2026-10-03T13:05:45.9805421Z test_duplicate_input_cannot_evade_detection_by_shuffling (test_data.SyntheticDataTests) ... ok
2026-10-03T13:05:45.9806351Z test_evidence_absence_is_unknown (test_data.SyntheticDataTests) ... ok
2026-10-03T13:05:45.9807089Z test_policy_boundaries_and_rule_precedence (test_data.SyntheticDataTests) ... ok
2026-10-03T13:05:45.9809127Z test_rejects_bad_probabilities_and_provenance (test_data.SyntheticDataTests) ... ok
2026-10-03T13:05:45.9810610Z test_routing_priorities_and_threshold (test_data.SyntheticDataTests) ... ok
2026-10-03T13:05:45.9813719Z test_same_context_with_changed_candidates_cannot_cross_splits (test_data.SyntheticDataTests) ... ok
2026-10-03T13:05:45.9817682Z test_same_split_allows_changed_candidates_and_question_variants (test_data.SyntheticDataTests) ... ok
2026-10-03T13:05:45.9823898Z test_split_directory_rejects_row_in_wrong_split_file (test_data.SyntheticDataTests) ... ok
2026-10-03T13:05:46.0201507Z test_split_grouping_and_ood_isolation (test_data.SyntheticDataTests) ... ok
2026-10-03T13:05:46.0519731Z test_full_pass_has_no_padding_skips_or_reordering (test_distributed_training.DistributedContractTests) ... ok
2026-10-03T13:05:46.0521122Z test_reload_rejects_nonfinite_length_mismatch_and_large_error (test_distributed_training.DistributedContractTests) ... ok
2026-10-03T13:05:46.0522840Z test_resource_policy_requires_exact_host_and_physical_uuids (test_distributed_training.DistributedContractTests) ... ok
2026-10-03T13:05:46.0548343Z test_resume_rejects_changed_data_order_schedule_runtime_topology_and_code (test_distributed_training.DistributedContractTests) ... ok
2026-10-03T13:05:46.0568464Z test_snapshot_checksums_and_optimizer_cursor_are_checked_before_tensors (test_distributed_training.DistributedContractTests) ... ok
2026-10-03T13:05:46.0570628Z test_cpu_final_evaluation_fits_calibration_and_preserves_original_baselines (test_distributed_training.DistributedNumericalTests) ... skipped 'requires optional torch runtime'
2026-10-03T13:05:46.0573355Z test_four_rank_dropout_python_torch_rng_and_optimizer_resume (test_distributed_training.DistributedNumericalTests) ... skipped 'requires optional torch runtime'
2026-10-03T13:05:46.0575519Z test_four_rank_global_batch_matches_serial_parameters_optimizer_and_losses (test_distributed_training.DistributedNumericalTests) ... skipped 'requires optional torch runtime'
2026-10-03T13:05:46.0577712Z test_restore_rejects_missing_optimizer_moment_and_reordered_parameter_groups (test_distributed_training.DistributedNumericalTests) ... skipped 'requires optional torch runtime'
2026-10-03T13:05:46.0680423Z test_defaults_cache_opt_in_and_command_override (test_docker_deployment.DockerEntrypointTest) ... ok
2026-10-03T13:05:46.0719229Z test_empty_manifest_is_rejected (test_docker_deployment.DockerFetchTest) ... ok
2026-10-03T13:05:46.0753506Z test_missing_manifest_is_rejected (test_docker_deployment.DockerFetchTest) ... ok
2026-10-03T13:05:46.0792210Z test_tampered_package_is_rejected (test_docker_deployment.DockerFetchTest) ... ok
2026-10-03T13:05:46.0831415Z test_valid_package_records_verified_files (test_docker_deployment.DockerFetchTest) ... ok
2026-10-03T13:05:46.0865820Z test_wrong_base_revision_is_rejected (test_docker_deployment.DockerFetchTest) ... ok
2026-10-03T13:05:46.0867270Z test_all_frozen_training_rows_match_runtime_prompts (test_doom_control.DoomControlTest) ... skipped 'frozen local Doom corpus is unavailable'
2026-10-03T13:05:46.0918624Z test_attack_threshold_and_alignment_never_override_model_action (test_doom_control.DoomControlTest) ... ok
2026-10-03T13:05:46.6051464Z test_audited_http_suite_records_typed_errors_without_fallback (test_doom_control.DoomControlTest) ... ok
2026-10-03T13:05:46.6080217Z test_http_typed_loop_keeps_raw_heads_and_never_calls_teacher (test_doom_control.DoomControlTest) ... ok
2026-10-03T13:05:46.6147919Z test_legacy_mode_is_default_and_typed_cli_replay_is_explicit (test_doom_control.DoomControlTest) ... ok
2026-10-03T13:05:46.6196361Z test_malformed_heads_probabilities_confidence_and_legend_fail (test_doom_control.DoomControlTest) ... ok
2026-10-03T13:05:46.6197904Z test_real_typed_engine_rollout_and_replay (test_doom_control.DoomControlTest) ... skipped 'optional local ViZDoom is unavailable'
2026-10-03T13:05:46.6203070Z test_service_identity_counts_noul_as_one_sequence (test_doom_control.DoomControlTest) ... ok
2026-10-03T13:05:46.6207189Z test_training_and_runtime_candidate_prompts_are_identical (test_doom_control.DoomControlTest) ... ok
2026-10-03T13:05:47.8570605Z test_all_actions_kinds_and_parent_ood_splits_are_present (test_drone_data.DroneDataTest) ... ok
2026-10-03T13:05:47.8598960Z test_corrupt_questions_answers_or_derivation_are_rejected (test_drone_data.DroneDataTest) ... ok
2026-10-03T13:05:48.5158530Z test_disk_roundtrip_and_overwrite_protection (test_drone_data.DroneDataTest) ... ok
2026-10-03T13:05:48.9720652Z test_exact_runtime_prompts_targets_and_typed_proposals (test_drone_data.DroneDataTest) ... ok
2026-10-03T13:05:49.0119016Z test_ids_order_and_metadata_do_not_decide_references (test_drone_data.DroneDataTest) ... ok
2026-10-03T13:05:49.0151537Z test_same_sensor_facts_different_side_goals (test_drone_data.DroneDataTest) ... ok
2026-10-03T13:05:49.0344921Z test_single_candidate_omission_and_no_inactive_heads (test_drone_data.DroneDataTest) ... ok
2026-10-03T13:05:49.0361517Z test_climb_requires_permission_verified_clearance_and_geometry (test_drone_data.DroneRuleTest) ... ok
2026-10-03T13:05:49.0376231Z test_gap_width_tie_goal_and_all_barriers (test_drone_data.DroneRuleTest) ... ok
2026-10-03T13:05:49.0386268Z test_goal_changes_reacquisition_but_not_evidence_or_risk (test_drone_data.DroneRuleTest) ... ok
2026-10-03T13:05:49.0406781Z test_missing_disclosure_or_invalid_measurements_do_not_get_labels (test_drone_data.DroneRuleTest) ... ok
2026-10-03T13:05:49.0423988Z test_relative_motion_and_off_course_obstacles (test_drone_data.DroneRuleTest) ... ok
2026-10-03T13:05:49.0450398Z test_stopping_distance_ttc_and_clearance_boundaries (test_drone_data.DroneRuleTest) ... ok
2026-10-03T13:05:49.0477404Z test_target_loss_needs_independent_unoccluded_evidence (test_drone_data.DroneRuleTest) ... ok
2026-10-03T13:05:49.1841119Z test_exact_requests_teacher_and_derivation_are_required (test_drone_service_eval.DroneServiceEvaluationTests) ... ok
2026-10-03T13:05:49.1862124Z test_forced_maneuver_is_separate_and_all_failures_stay_in_denominators (test_drone_service_eval.DroneServiceEvaluationTests) ... ok
2026-10-03T13:05:49.2417473Z test_interrupted_run_preserves_all_denominators_and_frozen_requests (test_drone_service_eval.DroneServiceEvaluationTests) ... ok
2026-10-03T13:05:49.2435949Z test_modal_ties_scalar_error_and_noul_threshold (test_drone_service_eval.DroneServiceEvaluationTests) ... ok
2026-10-03T13:05:49.2461119Z test_noul_has_one_scoring_sequence_and_artifact_identity_is_exact (test_drone_service_eval.DroneServiceEvaluationTests) ... ok
2026-10-03T13:05:49.3359439Z test_offline_transport_failures_identity_and_wire_evidence (test_drone_service_eval.DroneServiceEvaluationTests) ... ok
2026-10-03T13:05:49.3964858Z test_selection_is_label_independent_order_invariant_and_grouped (test_drone_service_eval.DroneServiceEvaluationTests) ... ok
2026-10-03T13:05:49.4064757Z test_strict_all_head_contracts_reject_malformed_fields (test_drone_service_eval.DroneServiceEvaluationTests) ... ok
2026-10-03T13:05:49.4070674Z test_independent_suite_is_deterministic_and_compiles_mixed_types (test_efficiency_metrics.EfficiencyMetricsTest) ... ok
2026-10-03T13:05:49.4072749Z test_interpolated_percentiles_and_throughput (test_efficiency_metrics.EfficiencyMetricsTest) ... ok
2026-10-03T13:05:49.9112814Z test_loopback_http_audits_real_transport_and_separates_scope (test_efficiency_metrics.EfficiencyMetricsTest) ... ok
2026-10-03T13:05:49.9117033Z test_missing_reordered_and_nonfinite_probabilities_fail (test_efficiency_metrics.EfficiencyMetricsTest) ... ok
2026-10-03T13:05:49.9118169Z test_noul_equal_boundary_uses_true_at_half (test_efficiency_metrics.EfficiencyMetricsTest) ... ok
2026-10-03T13:05:49.9120282Z test_official_noul_thresholds_point_two_and_point_eight_are_audited (test_efficiency_metrics.EfficiencyMetricsTest) ... ok
2026-10-03T13:05:49.9122405Z test_small_error_without_crossing_passes (test_efficiency_metrics.EfficiencyMetricsTest) ... ok
2026-10-03T13:05:49.9124161Z test_tiny_coverage_boundary_flip_is_reported (test_efficiency_metrics.EfficiencyMetricsTest) ... ok
2026-10-03T13:05:49.9126002Z test_tiny_probability_error_still_fails_decision_boundary (test_efficiency_metrics.EfficiencyMetricsTest) ... ok
2026-10-03T13:05:49.9127315Z test_usage_mismatch_fails_parity (test_efficiency_metrics.EfficiencyMetricsTest) ... ok
2026-10-03T13:05:49.9602548Z test_build_does_not_overwrite_existing_corpus (test_email_selection_control.EmailCorpusAuditTest) ... ok
2026-10-03T13:05:49.9809585Z test_candidate_copy_cannot_silently_lowercase_addresses (test_email_selection_control.EmailCorpusAuditTest) ... ok
2026-10-03T13:05:50.0927248Z test_groups_and_contact_identity_are_isolated (test_email_selection_control.EmailCorpusAuditTest) ... ok
2026-10-03T13:05:50.1207307Z test_hidden_reference_and_ids_do_not_enter_prompts (test_email_selection_control.EmailCorpusAuditTest) ... ok
2026-10-03T13:05:50.1438199Z test_joint_reference_and_target_mutation_rejected (test_email_selection_control.EmailCorpusAuditTest) ... ok
2026-10-03T13:05:50.2406295Z test_original_counts_recall_omissions_and_deterministic_generation (test_email_selection_control.EmailCorpusAuditTest) ... ok
2026-10-03T13:05:50.3160174Z test_output_exclusive_creation_preserves_concurrent_file (test_email_selection_control.EmailCorpusAuditTest) ... ok
2026-10-03T13:05:50.3224204Z test_output_rejects_input_paths_aliases_existing_files_and_symlinks (test_email_selection_control.EmailCorpusAuditTest) ... ok
2026-10-03T13:05:50.3262817Z test_source_hash_binding_and_unsealed_bytes_are_checked (test_email_selection_control.EmailCorpusAuditTest) ... ok
2026-10-03T13:05:50.3511048Z test_visible_current_status_mutation_is_rejected_without_trusting_reference (test_email_selection_control.EmailCorpusAuditTest) ... ok
2026-10-03T13:05:50.3519429Z test_card_offsets_and_unicode_prefix_use_original_characters (test_email_selection_control.EmailRuntimeTest) ... ok
2026-10-03T13:05:50.3526251Z test_copy_preserves_case_and_can_copy_wrong_role_or_superseded_contacts (test_email_selection_control.EmailRuntimeTest) ... ok
2026-10-03T13:05:50.3534785Z test_current_superseded_order_and_query_blind_candidates (test_email_selection_control.EmailRuntimeTest) ... ok
2026-10-03T13:05:50.3539302Z test_duplicate_current_addresses_are_ambiguous_but_other_roles_are_not (test_email_selection_control.EmailRuntimeTest) ... ok
2026-10-03T13:05:50.3544281Z test_new_original_example_recompiles_and_keeps_copy_separate (test_email_selection_control.EmailRuntimeTest) ... ok
2026-10-03T13:05:50.3588879Z test_no_candidates_maximum_candidates_and_corrupted_cache (test_email_selection_control.EmailRuntimeTest) ... ok
2026-10-03T13:05:50.3596214Z test_quoted_unicode_local_and_unicode_domain_remain_present_but_unrecalled (test_email_selection_control.EmailRuntimeTest) ... ok
2026-10-03T13:05:50.3602455Z test_superseded_only_missing_and_unrecorded_do_not_establish_current_presence (test_email_selection_control.EmailRuntimeTest) ... ok
2026-10-03T13:05:50.3610120Z test_unknown_recognized_status_rejected_in_both_layouts (test_email_selection_control.EmailRuntimeTest) ... ok
2026-10-03T13:05:50.5642833Z test_aliases_cannot_leak_between_families (test_entity_alignment_control.EntityCorpusAuditTest) ... ok
2026-10-03T13:05:50.5908857Z test_auxiliary_labels_and_ids_are_not_model_inputs (test_entity_alignment_control.EntityCorpusAuditTest) ... ok
2026-10-03T13:05:50.5935533Z test_build_refuses_to_overwrite_existing_data (test_entity_alignment_control.EntityCorpusAuditTest) ... ok
2026-10-03T13:05:50.7023233Z test_family_spec_is_auxiliary_and_not_an_oracle (test_entity_alignment_control.EntityCorpusAuditTest) ... ok
2026-10-03T13:05:50.8775829Z test_identifiers_cannot_leak_between_families (test_entity_alignment_control.EntityCorpusAuditTest) ... ok
2026-10-03T13:05:50.9703973Z test_joint_wrong_reference_and_target_mutation_is_rejected (test_entity_alignment_control.EntityCorpusAuditTest) ... ok
2026-10-03T13:05:51.1807759Z test_original_dataset_audits_and_generation_is_deterministic (test_entity_alignment_control.EntityCorpusAuditTest) ... ok
2026-10-03T13:05:51.1877582Z test_output_cannot_target_input_manifest_jsonl_or_directory_symlink (test_entity_alignment_control.EntityCorpusAuditTest) ... ok
2026-10-03T13:05:51.4713023Z test_output_exclusive_creation_preserves_a_concurrently_arriving_file (test_entity_alignment_control.EntityCorpusAuditTest) ... ok
2026-10-03T13:05:51.4760599Z test_output_refuses_existing_files_and_normal_or_dangling_symlinks (test_entity_alignment_control.EntityCorpusAuditTest) ... ok
2026-10-03T13:05:51.5614220Z test_pairs_and_all_heads_remain_in_the_family_split (test_entity_alignment_control.EntityCorpusAuditTest) ... ok
2026-10-03T13:05:51.5698648Z test_runtime_source_hash_binding_and_unsealed_bytes_are_checked (test_entity_alignment_control.EntityCorpusAuditTest) ... ok
2026-10-03T13:05:51.6631089Z test_visible_input_change_is_detected_with_unchanged_family_spec (test_entity_alignment_control.EntityCorpusAuditTest) ... ok
2026-10-03T13:05:51.6680570Z test_all_fields_agreement_conflict_and_missing_under_both_wordings (test_entity_alignment_control.EntityVisibleSemanticsTest) ... ok
2026-10-03T13:05:51.6687352Z test_equal_unlisted_text_does_not_establish_agreement (test_entity_alignment_control.EntityVisibleSemanticsTest) ... ok
2026-10-03T13:05:51.6699753Z test_exact_units_long_decimals_and_visible_custom_factors (test_entity_alignment_control.EntityVisibleSemanticsTest) ... ok
2026-10-03T13:05:51.6710457Z test_forged_capacity_evidence_unsupported_policy_and_ambiguous_alias_fail (test_entity_alignment_control.EntityVisibleSemanticsTest) ... ok
2026-10-03T13:05:51.6726816Z test_identifier_precedence_and_different_namespaces (test_entity_alignment_control.EntityVisibleSemanticsTest) ... ok
2026-10-03T13:05:51.6742023Z test_identifiers_trim_outer_whitespace_but_preserve_case_and_internal_text (test_entity_alignment_control.EntityVisibleSemanticsTest) ... ok
2026-10-03T13:05:51.6771209Z test_invalid_capacity_is_unknown_instead_of_equal_or_conflicting (test_entity_alignment_control.EntityVisibleSemanticsTest) ... ok
2026-10-03T13:05:51.6789176Z test_mixed_unicode_digits_are_unknown_capacity_even_with_matching_identifiers (test_entity_alignment_control.EntityVisibleSemanticsTest) ... ok
2026-10-03T13:05:51.6793846Z test_new_original_example_recompiles_to_four_heads (test_entity_alignment_control.EntityVisibleSemanticsTest) ... ok
2026-10-03T13:05:51.6804312Z test_same_identifier_permits_same_with_missing_fields (test_entity_alignment_control.EntityVisibleSemanticsTest) ... ok
2026-10-03T13:05:51.6806207Z test_all_300_published_request_hashes_and_reference_statistics_reproduce (test_eval_frontier.FrontierFrozenSourceTests) ... skipped 'requires external pinned JF100 checkout'
2026-10-03T13:05:51.6838080Z test_audit_requires_all_trials_correct_rotated_gold_and_request_identity (test_eval_frontier.FrontierProtocolTests) ... ok
2026-10-03T13:05:51.6851260Z test_checksum_or_source_commit_change_is_rejected_before_loading_items (test_eval_frontier.FrontierProtocolTests) ... ok
2026-10-03T13:05:51.6855570Z test_native_choice_rotation_preserves_meaning_and_remaps_gold (test_eval_frontier.FrontierProtocolTests) ... ok
2026-10-03T13:05:51.6857663Z test_native_probability_validation_catches_invalid_answers_without_retry (test_eval_frontier.FrontierProtocolTests) ... ok
2026-10-03T13:05:51.6859496Z test_request_builder_never_reads_gold_rationale_or_other_hidden_metadata (test_eval_frontier.FrontierProtocolTests) ... ok
2026-10-03T13:05:51.6862008Z test_request_hash_matches_upstream_json_normalization (test_eval_frontier.FrontierProtocolTests) ... ok
2026-10-03T13:05:51.6932649Z test_statistics_keep_template_pairs_and_score_service_failures_zero (test_eval_frontier.FrontierProtocolTests) ... ok
2026-10-03T13:05:51.6980545Z test_audit_checks_bytes_and_counts_for_each_manifest_layout (test_eval_separation.EvaluationSeparationTests) ... ok
2026-10-03T13:05:51.6982353Z test_exact_match_ignores_option_rotation_and_standard_list_labels (test_eval_separation.EvaluationSeparationTests) ... ok
2026-10-03T13:05:51.6985392Z test_manifest_layouts_preserve_identical_frozen_hashes_and_counts (test_eval_separation.EvaluationSeparationTests) ... ok
2026-10-03T13:05:51.6990168Z test_manifest_rejects_missing_and_contradictory_definitions (test_eval_separation.EvaluationSeparationTests) ... ok
2026-10-03T13:05:51.6993584Z test_matcher_uses_only_visible_fields_and_catches_embedded_state (test_eval_separation.EvaluationSeparationTests) ... ok
2026-10-03T13:05:51.6995139Z test_semantic_or_partial_option_prefixes_are_not_stripped (test_eval_separation.EvaluationSeparationTests) ... ok
2026-10-03T13:05:51.6996723Z test_short_state_is_excluded_only_from_substrings_and_boundaries_hold (test_eval_separation.EvaluationSeparationTests) ... ok
2026-10-03T13:05:51.6998313Z test_structured_state_keys_normalize_without_erasing_values_or_case (test_eval_separation.EvaluationSeparationTests) ... ok
2026-10-03T13:05:51.7017271Z test_absent_evidence_writes_failed_report_and_preserves_existing_output (test_expansion_data_audit.Entrypoints) ... ok
2026-10-03T13:05:51.7034740Z test_archive_traversal_and_duplicate_members_rejected (test_expansion_data_audit.Entrypoints) ... ok
2026-10-03T13:05:51.7038020Z test_fixed_contract_matches_preflight_metadata (test_expansion_data_audit.Entrypoints) ... ok
2026-10-03T13:05:51.7040274Z test_full_size_assignment_counts_without_reading_dataset_rows (test_expansion_data_audit.Entrypoints) ... ok
2026-10-03T13:05:51.7048117Z test_modified_pinned_producer_archive_is_rejected (test_expansion_data_audit.Entrypoints) ... ok
2026-10-03T13:05:51.7055303Z test_not_ready_capture_does_not_copy_or_create_output (test_expansion_data_audit.Entrypoints) ... ok
2026-10-03T13:05:51.7944281Z test_pinned_producer_schemas_and_source_bytes (test_expansion_data_audit.Entrypoints) ... ok
2026-10-03T13:05:51.7968876Z test_probe_missing_final_artifacts_returns_not_ready_without_subprocess (test_expansion_data_audit.Entrypoints) ... ok
2026-10-03T13:05:51.8271438Z test_changed_calibration_rejected_after_rehash (test_expansion_data_audit.SyntheticEvidence) ... ok
2026-10-03T13:05:51.8649072Z test_complete_synthetic_capture (test_expansion_data_audit.SyntheticEvidence) ... ok
2026-10-03T13:05:51.9495931Z test_failed_duplicate_wrong_probability_or_missing_prediction_rejected (test_expansion_data_audit.SyntheticEvidence) ... ok
2026-10-03T13:05:51.9667384Z test_global_partition_continues_across_split_boundary (test_expansion_data_audit.SyntheticEvidence) ... ok
2026-10-03T13:05:51.9956749Z test_package_payload_mismatch_even_with_updated_manifest (test_expansion_data_audit.SyntheticEvidence) ... ok
2026-10-03T13:05:52.0790208Z test_partial_training_or_wrong_revision_rejected_after_rehash (test_expansion_data_audit.SyntheticEvidence) ... ok
2026-10-03T13:05:52.1037869Z test_source_bytes_or_before_after_change_rejected (test_expansion_data_audit.SyntheticEvidence) ... ok
2026-10-03T13:05:52.1423939Z test_summary_metric_mutation_rejected_after_rehash (test_expansion_data_audit.SyntheticEvidence) ... ok
2026-10-03T13:05:52.1696010Z test_symlinked_package_payload_rejected (test_expansion_data_audit.SyntheticEvidence) ... ok
2026-10-03T13:05:52.2189322Z test_wrong_profile_or_controller_cleanup_rejected (test_expansion_data_audit.SyntheticEvidence) ... ok
2026-10-03T13:05:52.2190841Z test_all_profile_widths_and_residual_are_close (test_fast_backend.CudaTailTest) ... skipped 'requires CUDA and Triton'
2026-10-03T13:05:52.2192472Z test_out_of_range_cuda_indices_cannot_read_memory (test_fast_backend.CudaTailTest) ... skipped 'requires CUDA and Triton'
2026-10-03T13:05:52.2193961Z test_copied_source_projections_are_released_and_output_alias_survives (test_fast_backend.OwnershipAndReferenceTest) ... skipped 'requires torch'
2026-10-03T13:05:52.2195559Z test_invalid_indices_and_residual_shape_fail (test_fast_backend.OwnershipAndReferenceTest) ... skipped 'requires torch'
2026-10-03T13:05:52.2196759Z test_reference_matches_full_dense_qwen_norm_then_head (test_fast_backend.OwnershipAndReferenceTest) ... skipped 'requires torch'
2026-10-03T13:05:52.2197863Z test_reference_zero_rows_and_multiplier_convention (test_fast_backend.OwnershipAndReferenceTest) ... skipped 'requires torch'
2026-10-03T13:05:52.2198852Z test_all_three_profiles_are_explicit_for_tail (test_fast_backend.ProfileTest) ... ok
2026-10-03T13:05:52.2199480Z test_config_and_layer_layout_mismatches_fail (test_fast_backend.ProfileTest) ... ok
2026-10-03T13:05:52.2201384Z test_license_and_pinned_source_are_retained (test_fast_backend.ProfileTest) ... ok
2026-10-03T13:05:52.2208112Z test_packed_rows_shares_root_and_question_prefixes (test_fast_backend.ProfileTest) ... ok
2026-10-03T13:05:52.2209031Z test_unrecognized_model_and_backend_do_not_fallback (test_fast_backend.ProfileTest) ... ok
2026-10-03T13:05:52.2211055Z test_unvalidated_smaller_tree_profiles_fail_explicitly (test_fast_backend.ProfileTest) ... ok
2026-10-03T13:05:52.2226775Z test_bad_reload_or_calibration_provenance_rejected (test_four_gpu_handoff.HandoffTests) ... ok
2026-10-03T13:05:52.2256227Z test_changed_frozen_inputs_after_wait_prevent_retirement (test_four_gpu_handoff.HandoffTests) ... ok
2026-10-03T13:05:52.2297552Z test_evaluation_failure_prevents_training (test_four_gpu_handoff.HandoffTests) ... ok
2026-10-03T13:05:52.2303537Z test_foreign_gpu_process_blocks_retirement (test_four_gpu_handoff.HandoffTests) ... ok
2026-10-03T13:05:52.2313077Z test_last_optimizer_step_is_not_completion (test_four_gpu_handoff.HandoffTests) ... ok
2026-10-03T13:05:52.2318563Z test_pid_reuse_never_permits_signal (test_four_gpu_handoff.HandoffTests) ... ok
2026-10-03T13:05:52.6075285Z test_real_termination_reaps_owned_child (test_four_gpu_handoff.HandoffTests) ... ok
2026-10-03T13:05:52.6093181Z test_recording_failure_reaps_already_started_child (test_four_gpu_handoff.HandoffTests) ... ok
2026-10-03T13:05:52.6094617Z test_signals_enter_cleanup_path (test_four_gpu_handoff.HandoffTests) ... ok
2026-10-03T13:05:52.6102869Z test_snapshot_failure_precedes_pidfd_and_signal (test_four_gpu_handoff.HandoffTests) ... ok
2026-10-03T13:05:52.6109824Z test_wrong_model_or_noop_phase_commands_are_rejected (test_four_gpu_handoff.HandoffTests) ... ok
2026-10-03T13:05:52.6115040Z test_zero_exit_does_not_replace_completed_eval_manifest (test_four_gpu_handoff.HandoffTests) ... ok
2026-10-03T13:05:52.6463784Z test_freeze_refuses_overwrite_and_aggregate_preserves_development_scope (test_frontier_controls_v4.FrontierControlsV4Test) ... ok
2026-10-03T13:05:52.6873800Z test_frozen_groups_and_executable_oracle (test_frontier_controls_v4.FrontierControlsV4Test) ... ok
2026-10-03T13:05:52.6874924Z test_identity_and_latest_direct_authorization (test_frontier_controls_v4.FrontierControlsV4Test) ... ok
2026-10-03T13:05:52.7048739Z test_oracle_rejects_corrupted_target (test_frontier_controls_v4.FrontierControlsV4Test) ... ok
2026-10-03T13:05:53.2396294Z test_declared_disposition_schedule_is_equal_for_every_scaffold (test_frontier_controls_v8.FrontierV8Tests) ... ok
2026-10-03T13:05:54.0765684Z test_deterministic_counts_and_schema (test_frontier_controls_v8.FrontierV8Tests) ... ok
2026-10-03T13:05:54.0886675Z test_every_essential_component_can_change_an_outcome (test_frontier_controls_v8.FrontierV8Tests) ... ok
2026-10-03T13:05:54.0893328Z test_existing_output_rejected_without_mutation (test_frontier_controls_v8.FrontierV8Tests) ... ok
2026-10-03T13:05:54.1296692Z test_four_presentations_no_truth_layout_shortcut (test_frontier_controls_v8.FrontierV8Tests) ... ok
2026-10-03T13:05:54.8912248Z test_generation_reads_no_data_or_models_and_opaque_ids (test_frontier_controls_v8.FrontierV8Tests) ... ok
2026-10-03T13:05:54.8958438Z test_no_neutral_ledger_padding_and_positions_balanced (test_frontier_controls_v8.FrontierV8Tests) ... ok
2026-10-03T13:05:54.8962585Z test_account_membership_permutation_and_irrelevant_events (test_frontier_isolation_v8.FrontierIsolationTests) ... ok
2026-10-03T13:05:54.8982882Z test_actual_parent_cannot_cross_splits_and_unknown_noul_is_not_guessed (test_frontier_isolation_v8.FrontierIsolationTests) ... ok
2026-10-03T13:05:54.8983803Z test_clock_representation_normalizes_absolute_instants (test_frontier_isolation_v8.FrontierIsolationTests) ... ok
2026-10-03T13:05:54.8984598Z test_compiled_rotations_and_metadata_cannot_disguise_input (test_frontier_isolation_v8.FrontierIsolationTests) ... ok
2026-10-03T13:05:54.9003691Z test_dynamic_topic_mapping_renaming_and_permutation_preserve_edges (test_frontier_isolation_v8.FrontierIsolationTests) ... ok
2026-10-03T13:05:54.9005286Z test_full_menu_numeric_and_time_origin_clones_are_blocked (test_frontier_isolation_v8.FrontierIsolationTests) ... ok
2026-10-03T13:05:54.9006733Z test_ignored_corrections_cannot_supply_temporal_width (test_frontier_isolation_v8.FrontierIsolationTests) ... ok
2026-10-03T13:05:54.9010645Z test_multi_entry_neutral_padding_is_blocked_but_whole_zero_balance_is_valid (test_frontier_isolation_v8.FrontierIsolationTests) ... ok
2026-10-03T13:05:54.9015139Z test_observed_overlap_exposes_only_opaque_fingerprints (test_frontier_isolation_v8.FrontierIsolationTests) ... ok
2026-10-03T13:05:54.9024950Z test_repeated_rotations_and_noop_padding_do_not_make_new_parent (test_frontier_isolation_v8.FrontierIsolationTests) ... ok
2026-10-03T13:05:54.9030968Z test_required_role_line_and_item_permutations_keep_causal_membership (test_frontier_isolation_v8.FrontierIsolationTests) ... ok
2026-10-03T13:05:54.9038669Z test_shared_numeric_atom_with_different_parent_menu_is_disclosed (test_frontier_isolation_v8.FrontierIsolationTests) ... ok
2026-10-03T13:05:54.9051903Z test_wording_identity_record_order_and_visible_noul_are_normalized (test_frontier_isolation_v8.FrontierIsolationTests) ... ok
2026-10-03T13:05:54.9056112Z test_zero_operands_and_cancellation_pairs_cannot_inflate_v8_width (test_frontier_isolation_v8.FrontierIsolationTests) ... ok
2026-10-03T13:05:59.8701235Z test_exclusive_replay_receipt_with_explicitly_mocked_provenance (test_frontier_v8_comparison_replay_integration.ComparatorReplayIntegrationTests) ... ok
2026-10-03T13:06:03.2559332Z test_independent_replay_matches_all_metrics_gates_pairs_and_efficiency (test_frontier_v8_comparison_replay_integration.ComparatorReplayIntegrationTests) ... ok
2026-10-03T13:06:13.1682357Z test_replay_rejects_rehashed_events_runtime_and_scientific_summary (test_frontier_v8_comparison_replay_integration.ComparatorReplayIntegrationTests) ... ok
2026-10-03T13:06:13.2497341Z test_replay_rejects_unbound_journal_sha_and_prediction_order (test_frontier_v8_comparison_replay_integration.ComparatorReplayIntegrationTests) ... ok
2026-10-03T13:06:13.7505306Z test_cached_scientific_dependencies_from_another_root_reject (test_frontier_v8_native_model.NativeModelTests) ... ok
2026-10-03T13:06:13.8540225Z test_checkpoint_fullhash_tampering_precedes_dependencies (test_frontier_v8_native_model.NativeModelTests) ... ok
2026-10-03T13:06:13.9617684Z test_dtype_quantization_env_is_scrubbed_and_restored (test_frontier_v8_native_model.NativeModelTests) ... ok
2026-10-03T13:06:14.0712719Z test_exact_runtime_row_scope_original_flags_and_cleanup (test_frontier_v8_native_model.NativeModelTests) ... ok
2026-10-03T13:06:14.4729406Z test_four_contexts_are_fresh_and_no_extra_forward (test_frontier_v8_native_model.NativeModelTests) ... ok
2026-10-03T13:06:14.5544533Z test_import_is_lazy_and_owner_failure_precedes_dependencies (test_frontier_v8_native_model.NativeModelTests) ... ok
2026-10-03T13:06:14.5697715Z test_incomplete_training_or_changed_settings_do_not_report_success (test_frontier_v8_native_model.NativeModelTests) ... ok
2026-10-03T13:06:15.3473725Z test_none_trainable_gradient_is_reported_without_imputation (test_frontier_v8_native_model.NativeModelTests) ... ok
2026-10-03T13:06:15.3788375Z test_nonfinite_zero_group_or_base_grad_fails_before_original_step_and_restores (test_frontier_v8_native_model.NativeModelTests) ... ok
2026-10-03T13:06:16.2450507Z test_observer_does_not_keep_model_alive_across_original_checkpoint_reload (test_frontier_v8_native_model.NativeModelTests) ... ok
2026-10-03T13:06:16.3486264Z test_owner_loss_before_row_and_exception_cleanup (test_frontier_v8_native_model.NativeModelTests) ... ok
2026-10-03T13:06:16.7368801Z test_physical_uuid_or_multiple_visible_devices_fail_before_load (test_frontier_v8_native_model.NativeModelTests) ... ok
2026-10-03T13:06:16.8260174Z test_saved_trainable_dtype_cannot_round_into_exact_identity (test_frontier_v8_native_model.NativeModelTests) ... ok
2026-10-03T13:06:17.0024885Z test_source_and_import_location_fail_closed (test_frontier_v8_native_model.NativeModelTests) ... ok
2026-10-03T13:06:17.4814327Z test_tensor_value_missing_key_dtype_and_merged_adapter_reject (test_frontier_v8_native_model.NativeModelTests) ... ok
2026-10-03T13:06:18.2622569Z test_training_original_adamw_first_accumulated_step_zero_bias_and_restoration (test_frontier_v8_native_model.NativeModelTests) ... ok
2026-10-03T13:06:18.2624787Z test_ancestry_excludes_unrelated_even_same_session_and_nonce (test_frontier_v8_owned_process.OwnedProcessFixtureTests) ... ok
2026-10-03T13:06:18.2655198Z test_atomic_link_publishes_complete_flushed_json_only (test_frontier_v8_owned_process.OwnedProcessFixtureTests) ... ok
2026-10-03T13:06:18.2659309Z test_birth_uid_and_initial_session_mismatch_fail_closed (test_frontier_v8_owned_process.OwnedProcessFixtureTests) ... ok
2026-10-03T13:06:18.2681343Z test_boot_and_truncated_stat_are_rejected (test_frontier_v8_owned_process.OwnedProcessFixtureTests) ... ok
2026-10-03T13:06:18.2695100Z test_child_born_during_cleanup_is_included_and_pidfds_prove_exit (test_frontier_v8_owned_process.OwnedProcessFixtureTests) ... ok
2026-10-03T13:06:18.2904225Z test_cleanup_never_claims_success_with_live_pidfd (test_frontier_v8_owned_process.OwnedProcessFixtureTests) ... ok
2026-10-03T13:06:18.2916550Z test_cpu_environment_discards_inherited_loader_credentials_and_devices (test_frontier_v8_owned_process.OwnedProcessFixtureTests) ... ok
2026-10-03T13:06:18.2954704Z test_dead_controller_never_starts_worker (test_frontier_v8_owned_process.OwnedProcessFixtureTests) ... ok
2026-10-03T13:06:18.2965403Z test_exclusive_json_preserves_existing_final_bytes (test_frontier_v8_owned_process.OwnedProcessFixtureTests) ... ok
2026-10-03T13:06:18.2983761Z test_existing_attempt_and_symlink_parent_are_refused (test_frontier_v8_owned_process.OwnedProcessFixtureTests) ... ok
2026-10-03T13:06:18.3029092Z test_guard_signal_during_worker_popen_cleans_registered_child (test_frontier_v8_owned_process.OwnedProcessFixtureTests) ... ok
2026-10-03T13:06:18.3082295Z test_independent_watchdog_binds_controller_loss_and_quiesces_worker (test_frontier_v8_owned_process.OwnedProcessFixtureTests) ... ok
2026-10-03T13:06:18.3090532Z test_interrupted_json_write_never_exposes_final_receipt (test_frontier_v8_owned_process.OwnedProcessFixtureTests) ... ok
2026-10-03T13:06:18.3103427Z test_invalid_bounds_shell_or_reused_directory_do_not_spawn (test_frontier_v8_owned_process.OwnedProcessFixtureTests) ... ok
2026-10-03T13:06:18.3142227Z test_missing_guard_receipt_cannot_claim_process_proof (test_frontier_v8_owned_process.OwnedProcessFixtureTests) ... ok
2026-10-03T13:06:18.3143894Z test_nonce_mismatch_does_not_confer_success_or_capture_unrelated (test_frontier_v8_owned_process.OwnedProcessFixtureTests) ... ok
2026-10-03T13:06:18.3145600Z test_orphan_adopted_by_subreaper_remains_owned (test_frontier_v8_owned_process.OwnedProcessFixtureTests) ... ok
2026-10-03T13:06:18.3153795Z test_pidfd_exit_is_observed_before_final_empty_child_proof (test_frontier_v8_owned_process.OwnedProcessFixtureTests) ... ok
2026-10-03T13:06:18.3184905Z test_pidfd_open_sandwich_refuses_reuse_boot_or_uid_change (test_frontier_v8_owned_process.OwnedProcessFixtureTests) ... ok
2026-10-03T13:06:18.3194079Z test_pidfd_signals_have_no_numeric_pid_fallback (test_frontier_v8_owned_process.OwnedProcessFixtureTests) ... ok
2026-10-03T13:06:18.3215665Z test_proc_stat_parentheses_and_uid_are_bound (test_frontier_v8_owned_process.OwnedProcessFixtureTests) ... ok
2026-10-03T13:06:18.3218078Z test_reused_pid_is_refused_before_signal (test_frontier_v8_owned_process.OwnedProcessFixtureTests) ... ok
2026-10-03T13:06:18.3262472Z test_signal_during_guard_popen_defers_cancel_and_never_arms_worker (test_frontier_v8_owned_process.OwnedProcessFixtureTests) ... ok
2026-10-03T13:06:18.3268724Z test_unavailable_kernel_creates_no_attempt_or_process (test_frontier_v8_owned_process.OwnedProcessFixtureTests) ... ok
2026-10-03T13:06:18.4618530Z test_live_controller_sigkill_leaves_independent_quiescence_receipt (test_frontier_v8_owned_process.OwnedProcessLinuxTests) ... ok
2026-10-03T13:06:18.7482077Z test_live_cpu_timeout (test_frontier_v8_owned_process.OwnedProcessLinuxTests) ... ok
2026-10-03T13:06:18.8326264Z test_live_cpu_worker_completion (test_frontier_v8_owned_process.OwnedProcessLinuxTests) ... ok
2026-10-03T13:06:19.0284187Z test_live_forked_escaped_session_is_contained (test_frontier_v8_owned_process.OwnedProcessLinuxTests) ... ok
2026-10-03T13:06:19.0306727Z test_directory_replaced_with_identical_named_bytes_is_refused (test_frontier_v8_resource_capture.ResourceCaptureTests) ... ok
2026-10-03T13:06:19.0323513Z test_directory_scan_error_is_not_silently_treated_as_empty (test_frontier_v8_resource_capture.ResourceCaptureTests) ... ok
2026-10-03T13:06:19.0335091Z test_excluded_node_and_stale_or_invalid_acquisition_refused (test_frontier_v8_resource_capture.ResourceCaptureTests) ... ok
2026-10-03T13:06:19.0355260Z test_execute_rejects_before_request_read (test_frontier_v8_resource_capture.ResourceCaptureTests) ... ok
2026-10-03T13:06:19.0384883Z test_low_util_compute_process_is_occupied (test_frontier_v8_resource_capture.ResourceCaptureTests) ... ok
2026-10-03T13:06:19.0396140Z test_missing_protected_card_or_duplicate_uuid_refused (test_frontier_v8_resource_capture.ResourceCaptureTests) ... ok
2026-10-03T13:06:19.0415132Z test_new_file_during_tree_hash_refused (test_frontier_v8_resource_capture.ResourceCaptureTests) ... ok
2026-10-03T13:06:19.0433916Z test_overlapping_roots_and_duplicate_paths_refused (test_frontier_v8_resource_capture.ResourceCaptureTests) ... ok
2026-10-03T13:06:19.0450333Z test_process_birth_race_refused (test_frontier_v8_resource_capture.ResourceCaptureTests) ... ok
2026-10-03T13:06:19.0462675Z test_progress_must_be_explicit_integer_not_boolean (test_frontier_v8_resource_capture.ResourceCaptureTests) ... ok
2026-10-03T13:06:19.0499434Z test_protected_state_change_refused (test_frontier_v8_resource_capture.ResourceCaptureTests) ... ok
2026-10-03T13:06:19.0518299Z test_second_observation_busy_is_not_free (test_frontier_v8_resource_capture.ResourceCaptureTests) ... ok
2026-10-03T13:06:19.0531932Z test_special_file_and_symlink_inventory_rejected (test_frontier_v8_resource_capture.ResourceCaptureTests) ... ok
2026-10-03T13:06:19.0566827Z test_tree_inventory_and_required_bytes_reread (test_frontier_v8_resource_capture.ResourceCaptureTests) ... ok
2026-10-03T13:06:19.0581884Z test_unknown_compute_pid_cannot_be_silently_ignored (test_frontier_v8_resource_capture.ResourceCaptureTests) ... ok
2026-10-03T13:06:19.0600696Z test_vacancy_requires_both_samples_but_grants_no_authority (test_frontier_v8_resource_capture.ResourceCaptureTests) ... ok
2026-10-03T13:06:19.5786919Z test_borrowed_catchable_interrupt_restores_same_process_tree (test_frontier_v8_resource_episode.ResourceEpisodeLinuxTests) ... ok
2026-10-03T13:06:20.0364554Z test_borrowed_controller_sigkill_restores_same_process_tree (test_frontier_v8_resource_episode.ResourceEpisodeLinuxTests) ... ok
2026-10-03T13:06:20.4058723Z test_borrowed_failed_gate_nonzero_resumes_all_originals (test_frontier_v8_resource_episode.ResourceEpisodeLinuxTests) ... ok
2026-10-03T13:06:20.7285276Z test_borrowed_hash_failure_keeps_reservations_after_resume (test_frontier_v8_resource_episode.ResourceEpisodeLinuxTests) ... ok
2026-10-03T13:06:20.8463923Z test_borrowed_original_nonce_mismatch_is_refused_before_launch (test_frontier_v8_resource_episode.ResourceEpisodeLinuxTests) ... ok
2026-10-03T13:06:21.3589834Z test_borrowed_originals_resume_same_birth_and_progress_without_restart (test_frontier_v8_resource_episode.ResourceEpisodeLinuxTests) ... ok
2026-10-03T13:06:21.6704988Z test_borrowed_ownership_loss_resumes_but_keeps_unproven_lease (test_frontier_v8_resource_episode.ResourceEpisodeLinuxTests) ... ok
2026-10-03T13:06:22.4419615Z test_borrowed_timeout_resumes_all_originals (test_frontier_v8_resource_episode.ResourceEpisodeLinuxTests) ... ok
2026-10-03T13:06:22.6689342Z test_controller_loss_guard_cleans_worker_and_writes_independent_receipt (test_frontier_v8_resource_episode.ResourceEpisodeLinuxTests) ... ok
2026-10-03T13:06:23.0785644Z test_escaped_new_descendant_is_cleaned_and_unrelated_fixture_survives (test_frontier_v8_resource_episode.ResourceEpisodeLinuxTests) ... ok
2026-10-03T13:06:23.0797653Z test_independent_spec_validation_happens_before_launch (test_frontier_v8_resource_episode.ResourceEpisodeLinuxTests) ... ok
2026-10-03T13:06:23.2461999Z test_lost_gpu_identity_never_releases_reservation (test_frontier_v8_resource_episode.ResourceEpisodeLinuxTests) ... ok
2026-10-03T13:06:23.4726893Z test_timeout_kills_only_new_tree_and_releases_after_independent_audit (test_frontier_v8_resource_episode.ResourceEpisodeLinuxTests) ... ok
2026-10-03T13:06:23.6403396Z test_worker_failure_preserves_failure_and_restoration_evidence (test_frontier_v8_resource_episode.ResourceEpisodeLinuxTests) ... ok
2026-10-03T13:06:23.8671599Z test_worker_receives_real_owner_and_success_releases_lease (test_frontier_v8_resource_episode.ResourceEpisodeLinuxTests) ... ok
2026-10-03T13:06:23.8677508Z test_borrowed_scope_reserves_all_original_gpus (test_frontier_v8_resource_episode.ResourceEpisodeUnitTests) ... ok
2026-10-03T13:06:23.8828671Z test_delayed_restoration_evidence_publication_cannot_release_lease (test_frontier_v8_resource_episode.ResourceEpisodeUnitTests) ... ok
2026-10-03T13:06:23.8840890Z test_fake_manifest_without_inherited_owner_is_not_authority (test_frontier_v8_resource_episode.ResourceEpisodeUnitTests) ... ok
2026-10-03T13:06:23.8847461Z test_free_gpu_requires_idle_memory_measurement (test_frontier_v8_resource_episode.ResourceEpisodeUnitTests) ... ok
2026-10-03T13:06:23.8851706Z test_gpu0_and_gpu1_are_never_selected (test_frontier_v8_resource_episode.ResourceEpisodeUnitTests) ... ok
2026-10-03T13:06:23.8875821Z test_inode_replacement_and_unlocked_lease_are_detected (test_frontier_v8_resource_episode.ResourceEpisodeUnitTests) ... ok
2026-10-03T13:06:23.8887128Z test_live_gpu_reader_rejects_inventory_change_between_reads (test_frontier_v8_resource_episode.ResourceEpisodeUnitTests) ... ok
2026-10-03T13:06:23.8897471Z test_live_gpu_reader_uses_absolute_bounded_shell_free_queries (test_frontier_v8_resource_episode.ResourceEpisodeUnitTests) ... ok
2026-10-03T13:06:23.8907400Z test_live_probe_allows_protected_activity_but_requires_both_selected_idle_samples (test_frontier_v8_resource_episode.ResourceEpisodeUnitTests) ... ok
2026-10-03T13:06:23.8911638Z test_low_utilization_cannot_hide_compute (test_frontier_v8_resource_episode.ResourceEpisodeUnitTests) ... ok
2026-10-03T13:06:23.8939074Z test_originals_only_stop_cont_same_process_even_after_controller_loss (test_frontier_v8_resource_episode.ResourceEpisodeUnitTests) ... ok
2026-10-03T13:06:23.9004201Z test_originals_refuse_foreign_ancestry_nonce_and_birth (test_frontier_v8_resource_episode.ResourceEpisodeUnitTests) ... ok
2026-10-03T13:06:23.9007998Z test_owner_bindings_are_recursively_immutable (test_frontier_v8_resource_episode.ResourceEpisodeUnitTests) ... ok
2026-10-03T13:06:23.9096301Z test_owner_live_relationship_and_fresh_probe_are_rechecked (test_frontier_v8_resource_episode.ResourceEpisodeUnitTests) ... ok
2026-10-03T13:06:23.9105271Z test_production_cli_is_closed (test_frontier_v8_resource_episode.ResourceEpisodeUnitTests) ... ok
2026-10-03T13:06:23.9109100Z test_raw_gpu_inventory_refuses_duplicates_and_unknown_compute (test_frontier_v8_resource_episode.ResourceEpisodeUnitTests) ... ok
2026-10-03T13:06:23.9139848Z test_release_deadline_failure_keeps_every_marker (test_frontier_v8_resource_episode.ResourceEpisodeUnitTests) ... ok
2026-10-03T13:06:23.9197408Z test_same_inode_marker_rewrite_cannot_preserve_reservation_identity (test_frontier_v8_resource_episode.ResourceEpisodeUnitTests) ... ok
2026-10-03T13:06:23.9229250Z test_source_closure_requires_all_three_exact_regular_sources (test_frontier_v8_resource_episode.ResourceEpisodeUnitTests) ... ok
2026-10-03T13:06:23.9254807Z test_unproven_lease_survives_descriptor_close (test_frontier_v8_resource_episode.ResourceEpisodeUnitTests) ... ok
2026-10-03T13:06:23.9257738Z test_work_and_restoration_bounds_are_distinct (test_frontier_v8_resource_episode.ResourceEpisodeUnitTests) ... ok
2026-10-03T13:06:23.9310360Z test_baseline_missing_rank_and_nonloopback_endpoint_fail (test_frontier_v8_restoration_audit.RestorationAuditTests) ... ok
2026-10-03T13:06:23.9352252Z test_default_GPU_backend_uses_absolute_binary_and_scrubbed_environment (test_frontier_v8_restoration_audit.RestorationAuditTests) ... ok
2026-10-03T13:06:23.9550334Z test_dynamic_memory_utilization_does_not_change_protected_identity (test_frontier_v8_restoration_audit.RestorationAuditTests) ... ok
2026-10-03T13:06:23.9667491Z test_extra_unlisted_optimizer_leaf_fails_complete_inventory (test_frontier_v8_restoration_audit.RestorationAuditTests) ... ok
2026-10-03T13:06:23.9860684Z test_fresh_raw_CSV_query_is_independently_parsed (test_frontier_v8_restoration_audit.RestorationAuditTests) ... ok
2026-10-03T13:06:23.9986766Z test_http_503_response_is_actual_availability_failure (test_frontier_v8_restoration_audit.RestorationAuditTests) ... ok
2026-10-03T13:06:24.0116859Z test_known_owned_birth_cannot_escape_via_reparenting_and_setsid (test_frontier_v8_restoration_audit.RestorationAuditTests) ... ok
2026-10-03T13:06:24.0165665Z test_leaf_mutation_after_final_fd_stat_fails (test_frontier_v8_restoration_audit.RestorationAuditTests) ... ok
2026-10-03T13:06:24.0367636Z test_monotonic_time_reversal_invalidates_saved_observation (test_frontier_v8_restoration_audit.RestorationAuditTests) ... ok
2026-10-03T13:06:24.0419075Z test_no_borrow_can_hash_stage_inputs_without_queue_claim (test_frontier_v8_restoration_audit.RestorationAuditTests) ... ok
2026-10-03T13:06:24.0543009Z test_noninteger_progress_fails (test_frontier_v8_restoration_audit.RestorationAuditTests) ... ok
2026-10-03T13:06:24.0665225Z test_original_pid_reuse_fails (test_frontier_v8_restoration_audit.RestorationAuditTests) ... ok
2026-10-03T13:06:24.0905572Z test_original_reparent_after_bound_parent_exit_preserves_same_birth (test_frontier_v8_restoration_audit.RestorationAuditTests) ... ok
2026-10-03T13:06:24.1158086Z test_original_reparent_after_bound_parent_zombie_with_empty_cmdline (test_frontier_v8_restoration_audit.RestorationAuditTests) ... ok
2026-10-03T13:06:24.1356216Z test_original_reparent_requires_proof_bound_parent_exited (test_frontier_v8_restoration_audit.RestorationAuditTests) ... ok
2026-10-03T13:06:24.1546266Z test_original_stopped_and_missing_fail (test_frontier_v8_restoration_audit.RestorationAuditTests) ... ok
2026-10-03T13:06:24.1743989Z test_original_uid_and_boot_mismatch_fail (test_frontier_v8_restoration_audit.RestorationAuditTests) ... ok
2026-10-03T13:06:24.1790006Z test_oversized_deadline_and_claimed_optimizer_boundary_rejected_before_reads (test_frontier_v8_restoration_audit.RestorationAuditTests) ... ok
2026-10-03T13:06:24.2012693Z test_owned_worker_alive_and_unlisted_same_group_descendant_fail (test_frontier_v8_restoration_audit.RestorationAuditTests) ... ok
2026-10-03T13:06:24.2056575Z test_production_cli_refuses_before_any_paths_or_reads (test_frontier_v8_restoration_audit.RestorationAuditTests) ... ok
2026-10-03T13:06:24.2339865Z test_protected_compute_birth_and_command_independently_observed (test_frontier_v8_restoration_audit.RestorationAuditTests) ... ok
2026-10-03T13:06:24.2541974Z test_protected_gpu_metadata_and_process_changes_fail (test_frontier_v8_restoration_audit.RestorationAuditTests) ... ok
2026-10-03T13:06:24.2745607Z test_raw_fulltree_same_process_http_and_progress_pass_without_authority (test_frontier_v8_restoration_audit.RestorationAuditTests) ... ok
2026-10-03T13:06:24.2862911Z test_redirect_cannot_follow_external_host (test_frontier_v8_restoration_audit.RestorationAuditTests) ... ok
2026-10-03T13:06:24.3072345Z test_saved_verifier_reparses_raw_not_observer_success_boolean (test_frontier_v8_restoration_audit.RestorationAuditTests) ... ok
2026-10-03T13:06:24.3337023Z test_static_progress_reaches_monotonic_deadline_without_pass (test_frontier_v8_restoration_audit.RestorationAuditTests) ... ok
2026-10-03T13:06:24.3388240Z test_symlink_in_immutable_tree_fails (test_frontier_v8_restoration_audit.RestorationAuditTests) ... ok
2026-10-03T13:06:24.3440668Z test_tree_traversal_permission_error_cannot_silently_prune (test_frontier_v8_restoration_audit.RestorationAuditTests) ... ok
2026-10-03T13:06:24.3633135Z test_wall_clock_jumps_have_no_recovery_control_effect (test_frontier_v8_restoration_audit.RestorationAuditTests) ... ok
2026-10-03T13:06:24.3750449Z test_wrong_fullhash_same_size_fails (test_frontier_v8_restoration_audit.RestorationAuditTests) ... ok
2026-10-03T13:06:24.8756772Z test_actual_entries_refuse_before_files_paths_or_import_factories (test_frontier_v8_scientific_child.ScientificChildTests) ... ok
2026-10-03T13:06:24.8775262Z test_additional_metadata_or_comparison_request_inside_task_refused (test_frontier_v8_scientific_child.ScientificChildTests) ... ok
2026-10-03T13:06:26.5781046Z test_complete_fixture_original_four_loads_twenty_two_journals_and_binding (test_frontier_v8_scientific_child.ScientificChildTests) ... ok
2026-10-03T13:06:26.5794460Z test_fixture_attempt_reuse_cannot_overwrite_original_preflight (test_frontier_v8_scientific_child.ScientificChildTests) ... ok
2026-10-03T13:06:26.5803193Z test_invalid_fixed_completion_does_not_write_success_wrapper_or_compare (test_frontier_v8_scientific_child.ScientificChildTests) ... ok
2026-10-03T13:06:26.5812201Z test_json_ready_flags_or_production_gpu_scope_cannot_unlock_fixture (test_frontier_v8_scientific_child.ScientificChildTests) ... ok
2026-10-03T13:06:26.5822374Z test_owner_failure_precedes_all_path_and_source_callbacks (test_frontier_v8_scientific_child.ScientificChildTests) ... ok
2026-10-03T13:06:26.5837043Z test_owner_loss_after_training_stops_before_validation_and_comparison (test_frontier_v8_scientific_child.ScientificChildTests) ... ok
2026-10-03T13:06:26.5846639Z test_source_root_declarations_and_owner_binding_fail_before_prepare (test_frontier_v8_scientific_child.ScientificChildTests) ... ok
2026-10-03T13:06:26.5860826Z test_training_failure_restores_observation_and_never_materializes_comparison (test_frontier_v8_scientific_child.ScientificChildTests) ... ok
2026-10-03T13:06:26.5876436Z test_translated_argv_mismatch_or_current_stage_mismatch_stops_before_training (test_frontier_v8_scientific_child.ScientificChildTests) ... ok
2026-10-03T13:06:26.9000599Z test_control_data_level_split_isolation_and_teacher_future_independence (test_games.GamesTest) ... ok
2026-10-03T13:06:27.4986288Z test_control_data_matches_runtime_labels_and_excludes_provenance (test_games.GamesTest) ... ok
2026-10-03T13:06:27.4988008Z test_doom_real_engine_closed_loop_replay (test_games.GamesTest) ... skipped 'optional vizdoom is not installed'
2026-10-03T13:06:28.0242616Z test_game_service_evaluator_records_paired_http_results_and_failures (test_games.GamesTest) ... ok
2026-10-03T13:06:28.5447743Z test_http_uses_only_visible_state_never_oracle_and_errors_propagate (test_games.GamesTest) ... ok
2026-10-03T13:06:28.5448818Z test_invalid_and_terminal_boards (test_games.GamesTest) ... ok
2026-10-03T13:06:28.5450832Z test_invalid_probability_and_move_responses (test_games.GamesTest) ... ok
2026-10-03T13:06:28.6369239Z test_local_trex_box_physics_and_replay (test_games.GamesTest) ... ok
2026-10-03T13:06:28.6372781Z test_mario_and_trex_external_request_contracts (test_games.GamesTest) ... ok
2026-10-03T13:06:28.6570066Z test_minimax_takes_win_blocks_loss_and_selfplay_draws (test_games.GamesTest) ... ok
2026-10-03T13:06:28.6586878Z test_seeded_replay_and_tamper_detection (test_games.GamesTest) ... ok
2026-10-03T13:06:28.9329133Z test_snake_data_exact_collisions_grouped_and_ood_grid (test_games.GamesTest) ... ok
2026-10-03T13:06:28.9334504Z test_snake_reverse_wall_body_tail_and_growth (test_games.GamesTest) ... ok
2026-10-03T13:06:30.0913268Z test_tictactoe_exhaustive_data_and_symmetry_split_isolation (test_games.GamesTest) ... ok
2026-10-03T13:06:30.2314090Z test_tile_platformer_plays_replays_and_obeys_ground_collision (test_games.GamesTest) ... ok
2026-10-03T13:06:30.2325717Z test_wiki_shortest_path_dead_end_and_budget (test_games.GamesTest) ... ok
2026-10-03T13:06:30.2427480Z test_both_dependency_lock_files_reject_tamper_before_checkpoint (test_independent_evaluation.IndependentEvaluationTests) ... ok
2026-10-03T13:06:30.2487105Z test_bundle_is_pinned_not_evaluated_and_cannot_overwrite (test_independent_evaluation.IndependentEvaluationTests) ... ok
2026-10-03T13:06:30.2721334Z test_install_script_disables_inherited_pip_config_before_first_pip (test_independent_evaluation.IndependentEvaluationTests) ... ok
2026-10-03T13:06:30.2725395Z test_invalid_revision_cannot_write_or_inject_shell_code (test_independent_evaluation.IndependentEvaluationTests) ... ok
2026-10-03T13:06:30.2840955Z test_runtime_only_preflight_needs_no_checkpoint_or_model_import (test_independent_evaluation.IndependentEvaluationTests) ... ok
2026-10-03T13:06:30.2942817Z test_runtime_rejects_broken_dependency_check (test_independent_evaluation.IndependentEvaluationTests) ... ok
2026-10-03T13:06:30.3034467Z test_runtime_rejects_global_or_user_site_environment (test_independent_evaluation.IndependentEvaluationTests) ... ok
2026-10-03T13:06:30.3137398Z test_runtime_rejects_missing_or_external_packages (test_independent_evaluation.IndependentEvaluationTests) ... ok
2026-10-03T13:06:30.3230748Z test_runtime_rejects_package_version_drift_before_checkpoint (test_independent_evaluation.IndependentEvaluationTests) ... ok
2026-10-03T13:06:30.3363716Z test_runtime_rejects_unsupported_interpreter_or_platform (test_independent_evaluation.IndependentEvaluationTests) ... ok
2026-10-03T13:06:30.3479730Z test_verified_fixture_still_does_not_claim_inference_or_sealed_result (test_independent_evaluation.IndependentEvaluationTests) ... ok
2026-10-03T13:06:30.3597355Z test_verifier_rejects_wrong_bytes_without_model_load (test_independent_evaluation.IndependentEvaluationTests) ... ok
2026-10-03T13:06:30.3606301Z test_elapsed_deadline_prevents_starting_another_subprocess (test_install_isolated_runtime_cpu.IsolatedRuntimeInstallerTests) ... ok
2026-10-03T13:06:30.3617555Z test_environment_discards_python_pip_credentials_proxies_and_loader_overrides (test_install_isolated_runtime_cpu.IsolatedRuntimeInstallerTests) ... ok
2026-10-03T13:06:30.3672718Z test_exact_official_torch_hosts_accept_real_index_url_and_reject_suffixes (test_install_isolated_runtime_cpu.IsolatedRuntimeInstallerTests) ... ok
2026-10-03T13:06:30.4280055Z test_failed_version_origin_site_or_wheel_proof_preserves_consumed_failure (test_install_isolated_runtime_cpu.IsolatedRuntimeInstallerTests) ... ok
2026-10-03T13:06:30.4326453Z test_other_existing_env_ancestors_are_refused (test_install_isolated_runtime_cpu.IsolatedRuntimeInstallerTests) ... ok
2026-10-03T13:06:30.4472329Z test_overall_budget_expiry_has_failure_receipt_without_fallback (test_install_isolated_runtime_cpu.IsolatedRuntimeInstallerTests) ... ok
2026-10-03T13:06:30.4534620Z test_platform_source_lock_and_owned_parent_refusal_create_no_attempt (test_install_isolated_runtime_cpu.IsolatedRuntimeInstallerTests) ... ok
2026-10-03T13:06:30.4582979Z test_signal_during_popen_return_is_deferred_until_child_registration (test_install_isolated_runtime_cpu.IsolatedRuntimeInstallerTests) ... ok
2026-10-03T13:06:30.4619387Z test_source_shared_environment_and_existing_outputs_are_refused (test_install_isolated_runtime_cpu.IsolatedRuntimeInstallerTests) ... ok
2026-10-03T13:06:30.4759276Z test_success_records_exact_public_wheels_and_isolated_cpu_metadata (test_install_isolated_runtime_cpu.IsolatedRuntimeInstallerTests) ... ok
2026-10-03T13:06:30.4909695Z test_termination_signals_clean_owned_child_write_failure_and_restore_handlers (test_install_isolated_runtime_cpu.IsolatedRuntimeInstallerTests) ... ok
2026-10-03T13:06:30.4924568Z test_timeout_kills_only_owned_new_session_and_reaps (test_install_isolated_runtime_cpu.IsolatedRuntimeInstallerTests) ... ok
2026-10-03T13:06:30.6758480Z test_body_audit_rejects_label_and_reference_tamper_after_rehash (test_ir_control.IRCorpusTest) ... ok
2026-10-03T13:06:30.8110205Z test_body_audit_rejects_training_target_tamper_after_rehash (test_ir_control.IRCorpusTest) ... ok
2026-10-03T13:06:30.8112225Z test_original_pilot_and_full_manifests_are_separate_and_pilot_stays_held_out (test_ir_control.IRCorpusTest) ... skipped 'Local generated corpora not present'
2026-10-03T13:06:30.9679190Z test_stable_family_assignment_does_not_change_on_expansion (test_ir_control.IRCorpusTest) ... ok
2026-10-03T13:06:30.9685236Z test_external_holdout_cannot_use_training_data_tree (test_ir_control.IRMetricAndHoldoutTest) ... ok
2026-10-03T13:06:30.9702910Z test_external_holdout_rejects_missing_candidates_after_rehash (test_ir_control.IRMetricAndHoldoutTest) ... ok
2026-10-03T13:06:30.9732866Z test_external_holdout_requires_all_hashes_one_hundred_and_evaluation_only (test_ir_control.IRMetricAndHoldoutTest) ... ok
2026-10-03T13:06:30.9734393Z test_trec_linear_gain_missing_query_unjudged_and_duplicates (test_ir_control.IRMetricAndHoldoutTest) ... ok
2026-10-03T13:06:31.0209802Z test_100_document_pointwise_and_listwise_request_counts (test_ir_control.IRRuntimeTest) ... ok
2026-10-03T13:06:31.0279654Z test_all_six_methods_run_actual_callbacks_and_preserve_document_set (test_ir_control.IRRuntimeTest) ... ok
2026-10-03T13:06:31.0291639Z test_body_grades_cover_exact_partial_wrong_profile_withdrawn_and_unrelated (test_ir_control.IRRuntimeTest) ... ok
2026-10-03T13:06:31.0300204Z test_explicit_score_rounding_policy_preserves_strict_probability_mass (test_ir_control.IRRuntimeTest) ... ok
2026-10-03T13:06:31.0348403Z test_heaps_rerank_only_requested_prefix_and_setwise_windows_have_at_most_eleven (test_ir_control.IRRuntimeTest) ... ok
2026-10-03T13:06:31.0349856Z test_malformed_response_is_preserved_and_not_a_zero_relevance_label (test_ir_control.IRRuntimeTest) ... ok
2026-10-03T13:06:31.0353479Z test_nonfinite_and_inconsistent_probabilities_fail (test_ir_control.IRRuntimeTest) ... ok
2026-10-03T13:06:31.0386459Z test_pairwise_uses_both_orders_and_cancels_constant_position_bias (test_ir_control.IRRuntimeTest) ... ok
2026-10-03T13:06:31.0387670Z test_quoted_query_does_not_change_document_subject (test_ir_control.IRRuntimeTest) ... ok
2026-10-03T13:06:31.0391220Z test_exact_inputs_and_valid_response (test_jev_api_latency.JevLatencyTest) ... ok
2026-10-03T13:06:31.0393352Z test_rejection_retains_response_and_redacts_key (test_jev_api_latency.JevLatencyTest) ... ok
2026-10-03T13:06:31.0396684Z test_wrong_model_and_malformed_outputs_fail (test_jev_api_latency.JevLatencyTest) ... ok
2026-10-03T13:06:31.0420937Z test_credentials_are_scoped_restored_and_rejected_in_git (test_jevbench_hosted.HostedBoundsTest) ... ok
2026-10-03T13:06:31.0422474Z test_failure_cost_rejects_missing_and_boolean_usage (test_jevbench_hosted.HostedBoundsTest) ... ok
2026-10-03T13:06:31.0423751Z test_output_cap_and_price_bounds_include_all_4096_tokens (test_jevbench_hosted.HostedBoundsTest) ... ok
2026-10-03T13:06:31.0425452Z test_auth_failure_stops_once_and_retains_billed_failure_usage (test_jevbench_hosted.HostedPinnedTest) ... skipped 'requires pinned JevBench source; no downloads in tests'
2026-10-03T13:06:31.0427590Z test_budget_reserves_before_send_and_unknown_cost_remains_charged (test_jevbench_hosted.HostedPinnedTest) ... skipped 'requires pinned JevBench source; no downloads in tests'
2026-10-03T13:06:31.0429642Z test_exact_gpt_options_and_native_probability_provenance (test_jevbench_hosted.HostedPinnedTest) ... skipped 'requires pinned JevBench source; no downloads in tests'
2026-10-03T13:06:31.0431633Z test_wall_deadline_keeps_unknown_dispatch_and_restores_key (test_jevbench_hosted.HostedPinnedTest) ... skipped 'requires pinned JevBench source; no downloads in tests'
2026-10-03T13:06:31.1808000Z test_durable_collection_and_replay_bind_current_scope_and_counts (test_jevbench_open_development.PublicDevelopmentTest) ... ok
2026-10-03T13:06:31.1812706Z test_noul_inclusive_boundaries_and_abstention_count_wrong (test_jevbench_open_development.PublicDevelopmentTest) ... ok
2026-10-03T13:06:31.1961462Z test_prepared_requests_exclude_gold_and_changed_freeze_fails (test_jevbench_open_development.PublicDevelopmentTest) ... ok
2026-10-03T13:06:31.1967954Z test_score_expected_position_is_not_argmax_accuracy (test_jevbench_open_development.PublicDevelopmentTest) ... ok
2026-10-03T13:06:31.2026087Z test_selection_never_consults_gold_state_or_predictions (test_jevbench_open_development.PublicDevelopmentTest) ... ok
2026-10-03T13:06:31.2039055Z test_bad_hash_or_identity_rejected_before_request_and_output (test_jevbench_openjev.JevBenchOpenJevTest) ... ok
2026-10-03T13:06:31.2119827Z test_context_refusal_counts_failure_then_continues (test_jevbench_openjev.JevBenchOpenJevTest) ... ok
2026-10-03T13:06:31.2175860Z test_duplicate_json_and_nonfinite_responses_fail_without_silent_repair (test_jevbench_openjev.JevBenchOpenJevTest) ... ok
2026-10-03T13:06:31.2243099Z test_identity_drift_fails_and_stops_before_next_dispatch (test_jevbench_openjev.JevBenchOpenJevTest) ... ok
2026-10-03T13:06:31.2274233Z test_interruption_after_dispatch_leaves_an_in_flight_record (test_jevbench_openjev.JevBenchOpenJevTest) ... ok
2026-10-03T13:06:31.2378397Z test_one_attempt_per_task_and_durable_journal (test_jevbench_openjev.JevBenchOpenJevTest) ... ok
2026-10-03T13:06:31.2385399Z test_request_gold_separation_and_original_candidate_order (test_jevbench_openjev.JevBenchOpenJevTest) ... ok
2026-10-03T13:06:31.2467773Z test_rounding_distribution_is_retained_without_normalizing_or_pre_rejecting (test_jevbench_openjev.JevBenchOpenJevTest) ... ok
2026-10-03T13:06:31.2513756Z test_timeout_never_retries_and_keeps_pending_distinct (test_jevbench_openjev.JevBenchOpenJevTest) ... ok
2026-10-03T13:06:31.2515693Z test_boolean_probability_cannot_be_rewritten_as_float_during_replay (test_jevbench_openjev.PinnedJevBenchIntegrationTest) ... skipped 'requires the clean pinned JevBench checkout; no download in tests'
2026-10-03T13:06:31.2517455Z test_completed_report_cannot_hide_a_partial_journal (test_jevbench_openjev.PinnedJevBenchIntegrationTest) ... skipped 'requires the clean pinned JevBench checkout; no download in tests'
2026-10-03T13:06:31.2518929Z test_exact_upstream_rounding_and_tie_rules (test_jevbench_openjev.PinnedJevBenchIntegrationTest) ... skipped 'requires the clean pinned JevBench checkout; no download in tests'
2026-10-03T13:06:31.2520442Z test_pinned_public_counts_and_exact_requests_match_upstream_adapter (test_jevbench_openjev.PinnedJevBenchIntegrationTest) ... skipped 'requires the clean pinned JevBench checkout; no download in tests'
2026-10-03T13:06:31.2522475Z test_public_summary_uses_gold_only_offline_and_accounts_for_pending (test_jevbench_openjev.PinnedJevBenchIntegrationTest) ... skipped 'requires the clean pinned JevBench checkout; no download in tests'
2026-10-03T13:06:31.2540695Z test_collection_guard_reaps_collector_when_owned_server_exits (test_jevbench_suite.JevBenchSuiteTest) ... ok
2026-10-03T13:06:31.2579803Z test_collection_hard_timeout_reaps_exact_child (test_jevbench_suite.JevBenchSuiteTest) ... ok
2026-10-03T13:06:31.2675421Z test_collection_identity_failure_stops_before_second_model (test_jevbench_suite.JevBenchSuiteTest) ... ok
2026-10-03T13:06:31.2761405Z test_collection_timeout_reaps_server_without_starting_next_model (test_jevbench_suite.JevBenchSuiteTest) ... ok
2026-10-03T13:06:31.2799205Z test_existing_output_refused_without_children (test_jevbench_suite.JevBenchSuiteTest) ... ok
2026-10-03T13:06:31.2840622Z test_n1_mode_verifies_host_and_idle_card_before_selecting_uuid (test_jevbench_suite.JevBenchSuiteTest) ... ok
2026-10-03T13:06:31.2930647Z test_only_new_27b_checkpoint_runs_after_training (test_jevbench_suite.JevBenchSuiteTest) ... ok
2026-10-03T13:06:31.3042818Z test_serial_servers_and_gold_read_only_after_both_are_stopped (test_jevbench_suite.JevBenchSuiteTest) ... ok
2026-10-03T13:06:31.3110458Z test_slurm_mapping_is_preserved_and_broad_visibility_rejected (test_jevbench_suite.JevBenchSuiteTest) ... ok
2026-10-03T13:06:31.3206580Z test_startup_failure_reaps_only_first_server_and_never_collects (test_jevbench_suite.JevBenchSuiteTest) ... ok
2026-10-03T13:06:31.3218044Z test_explicit_policy_cannot_bypass_repository_restriction (test_launch_expansion.LauncherResourcePolicyTests) ... ok
2026-10-03T13:06:31.3268449Z test_main_binds_accepted_physical_indices_to_their_gpu_uuids (test_launch_expansion.LauncherResourcePolicyTests) ... ok
2026-10-03T13:06:31.3289514Z test_main_rejects_wrong_host_before_any_subprocess_or_gpu_query (test_launch_expansion.LauncherResourcePolicyTests) ... ok
2026-10-03T13:06:31.3315522Z test_malformed_or_contradictory_policy_fails_closed (test_launch_expansion.LauncherResourcePolicyTests) ... ok
2026-10-03T13:06:31.3322085Z test_matching_n1_hostname_and_training_cards_are_accepted_and_audited (test_launch_expansion.LauncherResourcePolicyTests) ... ok
2026-10-03T13:06:31.3329809Z test_wrong_host_and_prohibited_training_cards_are_rejected (test_launch_expansion.LauncherResourcePolicyTests) ... ok
2026-10-03T13:06:31.9755086Z test_audit_does_not_use_hidden_oracle_or_variant_metadata (test_mailroom_data.MailroomDataTests) ... ok
2026-10-03T13:06:32.4519933Z test_complete_contract_and_independent_audit (test_mailroom_data.MailroomDataTests) ... ok
2026-10-03T13:06:33.2838575Z test_expansion_preserves_every_old_case_row_and_heldout_family (test_mailroom_data.MailroomDataTests) ... ok
2026-10-03T13:06:33.6926452Z test_final_text_header_and_question_mutations_fail_closed (test_mailroom_data.MailroomDataTests) ... ok
2026-10-03T13:06:34.0343364Z test_link_relay_paid_and_advertised_amounts_in_all_languages (test_mailroom_data.MailroomDataTests) ... ok
2026-10-03T13:06:34.6393223Z test_matching_wrong_gold_and_target_are_rejected (test_mailroom_data.MailroomDataTests) ... ok
2026-10-03T13:06:34.9595369Z test_model_input_excludes_all_supervision_and_provenance (test_mailroom_data.MailroomDataTests) ... ok
2026-10-03T13:06:35.2540768Z test_prediction_reader_requires_typed_mass_and_marks_exact_tie_unresolved (test_mailroom_data.MailroomDataTests) ... ok
2026-10-03T13:06:36.0639453Z test_probe_export_preserves_inputs_without_gold_or_predictions (test_mailroom_data.MailroomDataTests) ... ok
2026-10-03T13:06:36.4121437Z test_provider_counterfactual_and_taxonomy_follow_service (test_mailroom_data.MailroomDataTests) ... ok
2026-10-03T13:06:36.7094962Z test_sealed_bytes_and_existing_directory_are_protected (test_mailroom_data.MailroomDataTests) ... ok
2026-10-03T13:06:37.1112090Z test_unknown_service_and_conflicting_actions_do_not_get_fallback_gold (test_mailroom_data.MailroomDataTests) ... ok
2026-10-03T13:06:37.1113450Z test_extreme_logits_and_binary_probabilities (test_metrics.CalibrationTest) ... ok
2026-10-03T13:06:37.1117494Z test_soft_labels_and_constant_logits (test_metrics.CalibrationTest) ... ok
2026-10-03T13:06:37.1127043Z test_temperature_recovers_known_bernoulli_frequency (test_metrics.CalibrationTest) ... ok
2026-10-03T13:06:37.1128219Z test_choice_uses_scaled_peak (test_metrics.OfficialConfidenceTest) ... ok
2026-10-03T13:06:37.1129322Z test_score_depends_on_ordinal_distance_and_first_mode (test_metrics.OfficialConfidenceTest) ... ok
2026-10-03T13:06:37.1132828Z test_uniform_and_deterministic_distributions (test_metrics.OfficialConfidenceTest) ... ok
2026-10-03T13:06:37.1153052Z test_hard_outcomes_have_known_scores_and_coverage (test_metrics.ProbabilityMetricsTest) ... ok
2026-10-03T13:06:37.1154163Z test_invalid_probability_data_is_rejected (test_metrics.ProbabilityMetricsTest) ... ok
2026-10-03T13:06:37.1154917Z test_mixed_targets_and_variable_cardinality (test_metrics.ProbabilityMetricsTest) ... ok
2026-10-03T13:06:37.1155682Z test_perfect_probabilities_fit_last_ece_bin (test_metrics.ProbabilityMetricsTest) ... ok
2026-10-03T13:06:37.1156422Z test_soft_targets_are_not_argmax_ground_truth (test_metrics.ProbabilityMetricsTest) ... ok
2026-10-03T13:06:37.1157513Z test_loopback_timeout_defaults_to_120_seconds_and_is_configurable (test_mps_support.HttpTimeoutTest) ... skipped 'requires optional torch/transformers/peft train runtime'
2026-10-03T13:06:37.1159139Z test_cpu_and_mps_benchmark_runs_compare_as_equal_decisions (test_mps_support.MpsSupportTest) ... skipped 'requires a torch build with an available MPS backend'
2026-10-03T13:06:37.1160499Z test_every_parameter_is_resident_on_mps_and_nothing_falls_back_to_cpu (test_mps_support.MpsSupportTest) ... skipped 'requires a torch build with an available MPS backend'
2026-10-03T13:06:37.1162287Z test_float32_scores_match_cpu_within_the_existing_parity_bar (test_mps_support.MpsSupportTest) ... skipped 'requires a torch build with an available MPS backend'
2026-10-03T13:06:37.1163709Z test_latency_benchmark_synchronizes_metal_around_every_timed_call (test_mps_support.MpsSupportTest) ... skipped 'requires a torch build with an available MPS backend'
2026-10-03T13:06:37.1165050Z test_mps_profile_timing_synchronizes_metal_not_cuda (test_mps_support.MpsSupportTest) ... skipped 'requires a torch build with an available MPS backend'
2026-10-03T13:06:37.1166736Z test_reduced_precision_error_is_no_worse_than_cpu_at_the_same_dtype (test_mps_support.MpsSupportTest) ... skipped 'requires a torch build with an available MPS backend'
2026-10-03T13:06:37.1167805Z test_residency_check_detects_a_parameter_left_on_cpu (test_mps_support.MpsSupportTest) ... skipped 'requires a torch build with an available MPS backend'
2026-10-03T13:06:37.1168879Z test_cpu_profile_timing_never_synchronizes_cuda (test_mps_support.ProfileSynchronizationTest) ... skipped 'requires optional torch/transformers/peft train runtime'
2026-10-03T13:06:37.1170411Z test_meta_embedding_profile_synchronizes_actual_accelerator_devices (test_mps_support.ProfileSynchronizationTest) ... skipped 'requires optional torch/transformers/peft train runtime'
2026-10-03T13:06:37.1172172Z test_engagement_requires_successful_profiler_child (test_mps_support.ProfiledChildEnvironmentTest) ... skipped 'requires optional torch/transformers/peft train runtime'
2026-10-03T13:06:37.1173110Z test_profiled_child_loads_weights_on_one_thread (test_mps_support.ProfiledChildEnvironmentTest) ... ok
2026-10-03T13:06:37.1174152Z test_incomplete_refusal_extra_key_wrong_types_wrong_model_rejected (test_openai_api_benchmark.OpenAIComparisonTest) ... ok
2026-10-03T13:06:37.1175180Z test_rejected_transport_is_not_inference_and_redacts_key (test_openai_api_benchmark.OpenAIComparisonTest) ... ok
2026-10-03T13:06:37.1176255Z test_semantics_and_candidate_order_preserved_without_labels (test_openai_api_benchmark.OpenAIComparisonTest) ... ok
2026-10-03T13:06:37.1177407Z test_valid_choices_and_cost (test_openai_api_benchmark.OpenAIComparisonTest) ... ok
2026-10-03T13:06:37.1194520Z test_bad_input_or_identity_fails_before_connection_or_outputs (test_openjev_provider.OpenJevProviderTest) ... ok
2026-10-03T13:06:37.1215945Z test_budget_stops_without_an_attempt_and_preserves_all_pending (test_openjev_provider.OpenJevProviderTest) ... ok
2026-10-03T13:06:37.6287479Z test_checkpoint_drift_stops_before_next_request_and_preserves_pending (test_openjev_provider.OpenJevProviderTest) ... ok
2026-10-03T13:06:38.1378549Z test_invalid_probability_is_retained_and_counts_zero_without_renormalization (test_openjev_provider.OpenJevProviderTest) ... ok
2026-10-03T13:06:38.1396630Z test_malformed_inputs_and_request_hashes_are_rejected (test_openjev_provider.OpenJevProviderTest) ... ok
2026-10-03T13:06:38.1444404Z test_nonfinite_wire_response_is_retained_without_invalid_json_in_output (test_openjev_provider.OpenJevProviderTest) ... ok
2026-10-03T13:06:39.2569123Z test_real_loopback_more_than_32_workloads_one_attempt_and_existing_quality_scorer (test_openjev_provider.OpenJevProviderTest) ... ok
2026-10-03T13:06:39.2582284Z test_response_invariants_reject_cache_identity_and_inconsistent_scalar (test_openjev_provider.OpenJevProviderTest) ... ok
2026-10-03T13:06:39.8358647Z test_sigkill_leaves_durable_inflight_dispatch_not_unattempted (test_openjev_provider.OpenJevProviderTest) ... ok
2026-10-03T13:06:40.4157511Z test_sigterm_retains_dispatched_request_as_failed_not_pending (test_openjev_provider.OpenJevProviderTest) ... ok
2026-10-03T13:06:40.4234672Z test_timeout_never_retries_or_advances (test_openjev_provider.OpenJevProviderTest) ... ok
2026-10-03T13:06:40.5113653Z test_adaptive_float_scores_and_journal_precede_each_actual_request (test_openjev_trec.OpenJevTrecTest) ... ok
2026-10-03T13:06:56.8958040Z test_all_97_queries_close_in_873_unique_requests_with_stable_ties (test_openjev_trec.OpenJevTrecTest) ... ok
2026-10-03T13:06:57.5832947Z test_all_failed_queries_remain_full_denominator_without_extra_requests (test_openjev_trec.OpenJevTrecTest) ... ok
2026-10-03T13:06:57.6288748Z test_http_server_failure_stops_and_bad_preflight_never_connects (test_openjev_trec.OpenJevTrecTest) ... ok
2026-10-03T13:06:57.7004201Z test_identity_drift_and_timeout_stop_without_advancing (test_openjev_trec.OpenJevTrecTest) ... ok
2026-10-03T13:06:57.7884685Z test_nonfatal_invalid_probability_is_saved_as_failure_then_next_query_runs (test_openjev_trec.OpenJevTrecTest) ... ok
2026-10-03T13:06:57.9422426Z test_out_of_range_scalar_is_failed_before_persisting_success (test_openjev_trec.OpenJevTrecTest) ... ok
2026-10-03T13:06:57.9980534Z test_raw_response_binding_preserves_numeric_types_and_mapping_order (test_openjev_trec.OpenJevTrecTest) ... ok
2026-10-03T13:06:58.5909754Z test_real_loopback_uses_owned_service_and_unrounded_expected_scores (test_openjev_trec.OpenJevTrecTest) ... ok
2026-10-03T13:06:58.6453762Z test_request_and_time_budgets_keep_incomplete_and_unattempted_queries (test_openjev_trec.OpenJevTrecTest) ... ok
2026-10-03T13:06:59.7504166Z test_sigterm_settles_failed_dispatch_but_sigkill_leaves_unknown_outcome (test_openjev_trec.OpenJevTrecTest) ... ok
2026-10-03T13:06:59.9724925Z test_changed_identity_raw_body_ranking_or_adaptive_window_is_rejected (test_openjev_trec_summary.OpenJevTrecSummaryTest) ... ok
2026-10-03T13:07:00.1115507Z test_changed_qrels_or_manifest_are_rejected (test_openjev_trec_summary.OpenJevTrecSummaryTest) ... ok
2026-10-03T13:07:00.2436372Z test_dangling_dispatch_and_extra_journal_tail_cannot_be_scored (test_openjev_trec_summary.OpenJevTrecSummaryTest) ... ok
2026-10-03T13:07:00.4104286Z test_failed_first_query_has_no_fallback_and_next_complete_still_full_denominator (test_openjev_trec_summary.OpenJevTrecSummaryTest) ... ok
2026-10-03T13:07:19.6427815Z test_full_run_replays_expected_scores_and_full_qrels_without_network (test_openjev_trec_summary.OpenJevTrecSummaryTest) ... ok
2026-10-03T13:07:19.8730257Z test_mandatory_fatal_cannot_be_relabelled_to_continue_more_queries (test_openjev_trec_summary.OpenJevTrecSummaryTest) ... ok
2026-10-03T13:07:19.9895709Z test_matching_raw_and_parsed_cache_change_still_fails_identity (test_openjev_trec_summary.OpenJevTrecSummaryTest) ... ok
2026-10-03T13:07:20.1525262Z test_partial_keeps_full43_54_denominators_and_pending_zero (test_openjev_trec_summary.OpenJevTrecSummaryTest) ... ok
2026-10-03T13:07:20.2707236Z test_pending_query_cannot_precede_processed_queries (test_openjev_trec_summary.OpenJevTrecSummaryTest) ... ok
2026-10-03T13:07:20.4084677Z test_raw_boolean_and_probability_order_cannot_hide_behind_python_equality (test_openjev_trec_summary.OpenJevTrecSummaryTest) ... ok
2026-10-03T13:07:20.5279522Z test_reordered_payload_is_rejected_even_when_sorted_digest_unchanged (test_openjev_trec_summary.OpenJevTrecSummaryTest) ... ok
2026-10-03T13:07:20.5304059Z test_all_painting_modes_pass_bounded_server_predictor (test_painting.PaintingTest) ... ok
2026-10-03T13:07:20.5383296Z test_bad_model_outputs_are_rejected (test_painting.PaintingTest) ... ok
2026-10-03T13:07:20.5430574Z test_coordinates_survive_id_removal_and_batching (test_painting.PaintingTest) ... ok
2026-10-03T13:07:21.4911970Z test_data_have_valid_targets_and_scene_splits (test_painting.PaintingTest) ... ok
2026-10-03T13:07:21.4912979Z test_invalid_limits_fail_before_allocation (test_painting.PaintingTest) ... ok
2026-10-03T13:07:21.4962369Z test_probabilities_are_rendered_as_a_mean_not_argmax (test_painting.PaintingTest) ... ok
2026-10-03T13:07:21.8441119Z test_procedural_targets_reconstruct_exact_images_in_all_modes (test_painting.PaintingTest) ... ok
2026-10-03T13:07:22.0596735Z test_ui_keeps_one_endpoint_per_run (test_painting.PaintingTest) ... ok
2026-10-03T13:07:22.0665392Z test_all_failures_and_soft_targets_have_defined_full_denominators (test_parallel_data_eval.ParallelDataEvalTests) ... ok
2026-10-03T13:07:22.0741172Z test_calibration_id_membership_and_checkpoint_content_are_bound (test_parallel_data_eval.ParallelDataEvalTests) ... ok
2026-10-03T13:07:22.0809275Z test_checkpoint_requires_final_completion_and_correct_model (test_parallel_data_eval.ParallelDataEvalTests) ... ok
2026-10-03T13:07:22.1193504Z test_controller_runs_four_shards_then_next_model (test_parallel_data_eval.ParallelDataEvalTests) ... ok
2026-10-03T13:07:22.1331148Z test_controller_worker_crash_stops_only_owned_children_and_fails (test_parallel_data_eval.ParallelDataEvalTests) ... ok
2026-10-03T13:07:22.1399556Z test_dataset_pin_catches_wrong_manifest_and_changed_bytes (test_parallel_data_eval.ParallelDataEvalTests) ... ok
2026-10-03T13:07:22.1515527Z test_error_rows_remain_in_total_and_confidence_coverage (test_parallel_data_eval.ParallelDataEvalTests) ... ok
2026-10-03T13:07:22.3228833Z test_expansion_40281_rows_use_global_order_without_padding_or_drop (test_parallel_data_eval.ParallelDataEvalTests) ... ok
2026-10-03T13:07:22.8936087Z test_expansion_checkpoint_requires_ddp_full_pass_and_saved_calibration (test_parallel_data_eval.ParallelDataEvalTests) ... ok
2026-10-03T13:07:23.2615009Z test_expansion_controller_runs_only_four_27b_workers (test_parallel_data_eval.ParallelDataEvalTests) ... ok
2026-10-03T13:07:23.2719563Z test_expansion_manifest_and_each_split_are_fixed (test_parallel_data_eval.ParallelDataEvalTests) ... ok
2026-10-03T13:07:23.6548025Z test_expansion_merge_binds_profile_data_assignment_and_failure_denominator (test_parallel_data_eval.ParallelDataEvalTests) ... ok
2026-10-03T13:07:23.6612011Z test_invalid_scorer_output_is_an_explicit_failure (test_parallel_data_eval.ParallelDataEvalTests) ... ok
2026-10-03T13:07:23.7050784Z test_missing_duplicate_wrong_split_checkpoint_and_temperature_fail (test_parallel_data_eval.ParallelDataEvalTests) ... ok
2026-10-03T13:07:23.7261646Z test_missing_worker_report_or_wrong_plan_and_counts_fail (test_parallel_data_eval.ParallelDataEvalTests) ... ok
2026-10-03T13:07:23.7322285Z test_model_profile_defaults_and_cross_profile_rejection (test_parallel_data_eval.ParallelDataEvalTests) ... ok
2026-10-03T13:07:23.7394732Z test_only_target_four_gpus_must_be_idle_and_complete (test_parallel_data_eval.ParallelDataEvalTests) ... ok
2026-10-03T13:07:23.7461276Z test_phase_policy_and_fixed_host_required_before_launch (test_parallel_data_eval.ParallelDataEvalTests) ... ok
2026-10-03T13:07:23.7578296Z test_saved_temperature_and_source_group_summaries (test_parallel_data_eval.ParallelDataEvalTests) ... ok
2026-10-03T13:07:23.7639620Z test_shards_cover_every_id_once_in_stable_order (test_parallel_data_eval.ParallelDataEvalTests) ... ok
2026-10-03T13:07:23.7708072Z test_shared_lease_prevents_concurrent_eval_or_training (test_parallel_data_eval.ParallelDataEvalTests) ... ok
2026-10-03T13:07:23.7791317Z test_short_run_or_failed_reload_cannot_masquerade_as_fullpass (test_parallel_data_eval.ParallelDataEvalTests) ... ok
2026-10-03T13:07:23.7995942Z test_sigterm_and_sigint_interruptions_reap_all_owned_workers (test_parallel_data_eval.ParallelDataEvalTests) ... ok
2026-10-03T13:07:23.8081850Z test_temperature_must_be_saved_calibration_not_test_or_bad_value (test_parallel_data_eval.ParallelDataEvalTests) ... ok
2026-10-03T13:07:23.8083681Z test_all_candidates_and_document_variants_keep_family_split (test_phone_extraction_control.PhoneDatasetTest) ... skipped 'requires the optional .[phone] extra'
2026-10-03T13:07:23.8084986Z test_manifest_binds_source_and_artifacts_and_refuses_overwrite (test_phone_extraction_control.PhoneDatasetTest) ... skipped 'requires the optional .[phone] extra'
2026-10-03T13:07:23.8098709Z test_ambiguous_and_unsupported_declarations_require_review (test_phone_extraction_control.PhoneRuntimeTest) ... ok
2026-10-03T13:07:23.8107884Z test_candidate_limit_is_explicit_and_zero_candidates_are_valid_api (test_phone_extraction_control.PhoneRuntimeTest) ... ok
2026-10-03T13:07:23.8111931Z test_candidates_cannot_be_invented_or_shifted (test_phone_extraction_control.PhoneRuntimeTest) ... ok
2026-10-03T13:07:23.8113775Z test_exact_e164_for_national_and_international_reserved_styles (test_phone_extraction_control.PhoneRuntimeTest) ... skipped 'requires the optional .[phone] extra'
2026-10-03T13:07:23.8115100Z test_implicit_trunk_or_idd_digit_repair_is_rejected (test_phone_extraction_control.PhoneRuntimeTest) ... skipped 'requires the optional .[phone] extra'
2026-10-03T13:07:23.8116406Z test_locally_possible_numbers_without_area_code_have_no_e164 (test_phone_extraction_control.PhoneRuntimeTest) ... skipped 'requires the optional .[phone] extra'
2026-10-03T13:07:23.8117766Z test_message_layout_preserves_public_role_and_region_semantics (test_phone_extraction_control.PhoneRuntimeTest) ... skipped 'requires the optional .[phone] extra'
2026-10-03T13:07:23.8147209Z test_missing_country_never_defaults_even_with_international_code (test_phone_extraction_control.PhoneRuntimeTest) ... ok
2026-10-03T13:07:23.8149773Z test_missing_optional_library_has_explicit_install_hint (test_phone_extraction_control.PhoneRuntimeTest) ... ok
2026-10-03T13:07:23.8151188Z test_optional_library_version_is_exact (test_phone_extraction_control.PhoneRuntimeTest) ... skipped 'requires the optional .[phone] extra'
2026-10-03T13:07:23.8154169Z test_outside_field_candidates_are_retained_but_reviewed (test_phone_extraction_control.PhoneRuntimeTest) ... ok
2026-10-03T13:07:23.8162449Z test_partial_extensions_and_parentheses_cannot_be_rescued (test_phone_extraction_control.PhoneRuntimeTest) ... ok
2026-10-03T13:07:23.8166673Z test_policy_tampering_and_unknown_role_are_rejected (test_phone_extraction_control.PhoneRuntimeTest) ... ok
2026-10-03T13:07:23.8167933Z test_possible_valid_and_routable_are_not_equated (test_phone_extraction_control.PhoneRuntimeTest) ... skipped 'requires the optional .[phone] extra'
2026-10-03T13:07:23.8174199Z test_presence_absence_ambiguity_and_miss_are_separate (test_phone_extraction_control.PhoneRuntimeTest) ... ok
2026-10-03T13:07:23.8177801Z test_query_blind_candidates_and_character_offsets (test_phone_extraction_control.PhoneRuntimeTest) ... ok
2026-10-03T13:07:23.8179158Z test_repeated_phone_uses_offsets_and_wrong_selection_is_not_repaired (test_phone_extraction_control.PhoneRuntimeTest) ... skipped 'requires the optional .[phone] extra'
2026-10-03T13:07:23.8184650Z test_request_builders_do_not_require_library (test_phone_extraction_control.PhoneRuntimeTest) ... ok
2026-10-03T13:07:23.8185903Z test_shared_calling_codes_do_not_override_explicit_region_conflicts (test_phone_extraction_control.PhoneRuntimeTest) ... skipped 'requires the optional .[phone] extra'
2026-10-03T13:07:23.8195100Z test_unicode_vanity_and_malformed_format_do_not_reach_library (test_phone_extraction_control.PhoneRuntimeTest) ... ok
2026-10-03T13:07:23.9039839Z test_all_384_targets_independent_replay_and_group_isolation (test_policy_controls_v6.PolicyControlsV6Test) ... ok
2026-10-03T13:07:24.0980926Z test_corrupted_target_incomplete_group_and_frozen_output (test_policy_controls_v6.PolicyControlsV6Test) ... ok
2026-10-03T13:07:24.1011583Z test_latest_signature_scope_revocation_and_one_cent (test_policy_controls_v6.PolicyControlsV6Test) ... ok
2026-10-03T13:07:24.1021631Z test_refund_priority_exhaustive_48_boundary_cases (test_policy_controls_v6.PolicyControlsV6Test) ... ok
2026-10-03T13:07:24.1267844Z test_untrusted_text_invariance_and_signed_policy_withdrawal (test_policy_controls_v6.PolicyControlsV6Test) ... ok
2026-10-03T13:07:24.1360725Z test_audit_gate_requires_complete_matching_unchanged_capture (test_posttraining_evaluation.PosttrainingTests) ... ok
2026-10-03T13:07:24.1367500Z test_busy_lease_does_not_even_query_cards (test_posttraining_evaluation.PosttrainingTests) ... ok
2026-10-03T13:07:24.1383333Z test_changed_gpu_uuid_aborts (test_posttraining_evaluation.PosttrainingTests) ... ok
2026-10-03T13:07:24.1439885Z test_failed_audit_and_wrong_checkpoint_never_open_gate (test_posttraining_evaluation.PosttrainingTests) ... ok
2026-10-03T13:07:24.1459247Z test_failed_or_incomplete_final_training_never_becomes_ready (test_posttraining_evaluation.PosttrainingTests) ... ok
2026-10-03T13:07:24.1465897Z test_finished_status_does_not_override_live_rank (test_posttraining_evaluation.PosttrainingTests) ... ok
2026-10-03T13:07:24.1471809Z test_foreign_gpu_process_blocks_allocation (test_posttraining_evaluation.PosttrainingTests) ... ok
2026-10-03T13:07:24.1567378Z test_full_sequence_uses_audit_barrier_and_preserves_pending (test_posttraining_evaluation.PosttrainingTests) ... ok
2026-10-03T13:07:24.1571780Z test_missing_audit_waits_without_any_measurement (test_posttraining_evaluation.PosttrainingTests) ... ok
2026-10-03T13:07:24.1586013Z test_nonzero_child_exit_stops_sequence (test_posttraining_evaluation.PosttrainingTests) ... ok
2026-10-03T13:07:24.1604682Z test_owned_child_is_reaped_if_status_write_fails (test_posttraining_evaluation.PosttrainingTests) ... ok
2026-10-03T13:07:24.1614388Z test_plan_rejects_retired_supervisor_wrong_cards_and_noop_command (test_posttraining_evaluation.PosttrainingTests) ... ok
2026-10-03T13:07:24.1627686Z test_prepare_only_does_not_query_processes_gpus_or_launch (test_posttraining_evaluation.PosttrainingTests) ... ok
2026-10-03T13:07:24.1631597Z test_real_lease_contention_is_not_bypassed (test_posttraining_evaluation.PosttrainingTests) ... ok
2026-10-03T13:07:24.1638994Z test_reused_pid_aborts_without_signals (test_posttraining_evaluation.PosttrainingTests) ... ok
2026-10-03T13:07:24.1652669Z test_service_requires_fixed_settings_every_measurement_and_cleanup (test_posttraining_evaluation.PosttrainingTests) ... ok
2026-10-03T13:07:24.1659459Z test_successful_training_uses_actual_identity_not_stale_metadata_pid (test_posttraining_evaluation.PosttrainingTests) ... ok
2026-10-03T13:07:24.1668249Z test_zero_exit_does_not_replace_matching_expansion_artifacts (test_posttraining_evaluation.PosttrainingTests) ... ok
2026-10-03T13:07:24.1670093Z test_bfloat16_cache_keeps_kernel_recurrent_state_in_float32 (test_prefix_cache.PrefixCacheTest) ... skipped 'requires optional torch/transformers/peft train runtime'
2026-10-03T13:07:24.1672133Z test_candidate_and_question_permutations_remain_equivariant (test_prefix_cache.PrefixCacheTest) ... skipped 'requires optional torch/transformers/peft train runtime'
2026-10-03T13:07:24.1673656Z test_checkpoint_benchmark_runner_uses_real_cpu_paths_and_checks_parity (test_prefix_cache.PrefixCacheTest) ... skipped 'requires optional torch/transformers/peft train runtime'
2026-10-03T13:07:24.1674813Z test_fixture_detects_losing_each_kind_of_cache_state (test_prefix_cache.PrefixCacheTest) ... skipped 'requires optional torch/transformers/peft train runtime'
2026-10-03T13:07:24.1675897Z test_fork_isolates_every_cache_tensor_and_batched_continuations (test_prefix_cache.PrefixCacheTest) ... skipped 'requires optional torch/transformers/peft train runtime'
2026-10-03T13:07:24.1677791Z test_lora_wrapper_is_active_on_cached_path (test_prefix_cache.PrefixCacheTest) ... skipped 'requires optional torch/transformers/peft train runtime'
2026-10-03T13:07:24.1679819Z test_overlength_and_training_rejected_before_any_cached_forward (test_prefix_cache.PrefixCacheTest) ... skipped 'requires optional torch/transformers/peft train runtime'
2026-10-03T13:07:24.1681062Z test_predictor_choice_noul_score_probabilities_and_usage_match (test_prefix_cache.PrefixCacheTest) ... skipped 'requires optional torch/transformers/peft train runtime'
2026-10-03T13:07:24.1683373Z test_real_hybrid_logits_probabilities_and_observed_token_reuse (test_prefix_cache.PrefixCacheTest) ... skipped 'requires optional torch/transformers/peft train runtime'
2026-10-03T13:07:24.1684690Z test_requests_and_exception_paths_release_cache_and_preserve_inputs (test_prefix_cache.PrefixCacheTest) ... skipped 'requires optional torch/transformers/peft train runtime'
2026-10-03T13:07:24.1685867Z test_training_forward_is_uncached_and_adapter_head_gradients_survive (test_prefix_cache.PrefixCacheTest) ... skipped 'requires optional torch/transformers/peft train runtime'
2026-10-03T13:07:24.1703258Z test_zero_short_and_identical_prefixes_match_independent_scoring (test_prefix_cache.PrefixCacheTest) ... skipped 'requires optional torch/transformers/peft train runtime'
2026-10-03T13:07:24.1704345Z test_ragged_batches_match_uncached_scoring (test_prefix_cache_ragged.RaggedSuffixTest) ... skipped 'requires torch, transformers and peft'
2026-10-03T13:07:24.1705269Z test_ragged_mode_uses_fewer_suffix_calls (test_prefix_cache_ragged.RaggedSuffixTest) ... skipped 'requires torch, transformers and peft'
2026-10-03T13:07:24.1706171Z test_aliases_and_unordered_lists_cannot_launder_a_reserved_state (test_prepare_boundary_training_v7.BoundaryPreparationTest) ... ok
2026-10-03T13:07:24.1713714Z test_candidate_split_changed_after_independent_audit_is_rejected (test_prepare_boundary_training_v7.BoundaryPreparationTest) ... ok
2026-10-03T13:07:24.1719400Z test_existing_output_and_uncommitted_source_fail_before_loading_data (test_prepare_boundary_training_v7.BoundaryPreparationTest) ... ok
2026-10-03T13:07:24.1723626Z test_identifier_renaming_and_options_cannot_launder_old_test (test_prepare_boundary_training_v7.BoundaryPreparationTest) ... ok
2026-10-03T13:07:24.1727535Z test_normalization_keeps_scope_relations_and_one_cent_facts (test_prepare_boundary_training_v7.BoundaryPreparationTest) ... ok
2026-10-03T13:07:24.1739574Z test_original_train_and_all_heldouts_are_reserved_against_new_copies (test_prepare_boundary_training_v7.BoundaryPreparationTest) ... ok
2026-10-03T13:07:24.1743977Z test_same_split_duplicate_or_identifier_alias_is_rejected (test_prepare_boundary_training_v7.BoundaryPreparationTest) ... ok
2026-10-03T13:07:24.1759834Z test_git_show_uses_captured_commit_when_head_changes (test_prepare_frontier_training_v8.CommittedSourceFixtures) ... ok
2026-10-03T13:07:24.1785108Z test_inherited_git_context_cannot_redirect_source_identity (test_prepare_frontier_training_v8.CommittedSourceFixtures) ... ok
2026-10-03T13:07:24.1806759Z test_scope_checks_bound_files_only_and_rejects_dirty_source (test_prepare_frontier_training_v8.CommittedSourceFixtures) ... ok
2026-10-03T13:07:24.1812147Z test_untracked_source_cannot_claim_head_provenance (test_prepare_frontier_training_v8.CommittedSourceFixtures) ... ok
2026-10-03T13:07:24.1819758Z test_wrong_toplevel_stops_before_reading_commit_or_source (test_prepare_frontier_training_v8.CommittedSourceFixtures) ... ok
2026-10-03T13:07:24.7643199Z test_blocked_full_variant_never_reads_reserved_or_creates_output (test_prepare_frontier_training_v8.PackingFixtures) ... ok
2026-10-03T13:07:25.6554766Z test_declared_derivative_preserves_raw_lines_order_metadata_and_reserved_bytes (test_prepare_frontier_training_v8.PackingFixtures) ... ok
2026-10-03T13:07:26.7312366Z test_exclusion_cannot_duplicate_or_name_a_new_parent (test_prepare_frontier_training_v8.PackingFixtures) ... ok
2026-10-03T13:07:26.7319095Z test_existing_output_fails_before_reading_inputs (test_prepare_frontier_training_v8.PackingFixtures) ... ok
2026-10-03T13:07:27.6109622Z test_forged_manifest_and_wrong_new_reserved_hash_stop_before_output (test_prepare_frontier_training_v8.PackingFixtures) ... ok
2026-10-03T13:07:27.6119141Z test_misassigned_split_duplicate_id_parent_and_visible_input_are_rejected (test_prepare_frontier_training_v8.PackingFixtures) ... ok
2026-10-03T13:07:28.3221556Z test_old_pass_receipt_cannot_authorize_different_parent_declaration (test_prepare_frontier_training_v8.PackingFixtures) ... ok
2026-10-03T13:07:28.8096243Z test_passed_derivative_receipt_cannot_silently_filter_full_inputs (test_prepare_frontier_training_v8.PackingFixtures) ... ok
2026-10-03T13:07:29.0920112Z test_renamed_observed_row_cannot_replace_locked_train (test_prepare_frontier_training_v8.PackingFixtures) ... ok
2026-10-03T13:07:29.1038909Z test_changed_bytes_and_wrong_split_are_rejected_before_output_creation (test_prepare_policy_training_v6.PolicyTrainingPreparationTests) ... ok
2026-10-03T13:07:29.1178787Z test_cross_source_train_to_test_group_leak_is_rejected (test_prepare_policy_training_v6.PolicyTrainingPreparationTests) ... ok
2026-10-03T13:07:29.1382120Z test_observed_regression_order_and_original_hashes_are_frozen (test_prepare_policy_training_v6.PolicyTrainingPreparationTests) ... ok
2026-10-03T13:07:29.1522145Z test_observed_selection_hash_mismatch_and_overwrite_are_rejected (test_prepare_policy_training_v6.PolicyTrainingPreparationTests) ... ok
2026-10-03T13:07:29.1723166Z test_only_train_is_mixed_and_existing_loader_consumes_one_full_pass (test_prepare_policy_training_v6.PolicyTrainingPreparationTests) ... ok
2026-10-03T13:07:29.1831017Z test_rewritten_v6_rows_and_manifest_cannot_change_public_frozen_candidate (test_prepare_policy_training_v6.PolicyTrainingPreparationTests) ... ok
2026-10-03T13:07:29.1834614Z test_missing_error_soft_targets_and_probability_rounding_are_separate (test_provider_quality.QualityTest) ... ok
2026-10-03T13:07:29.1840950Z test_gold_and_metadata_excluded_and_all_forms_roundtrip (test_provider_suite.ProviderSuiteTest) ... ok
2026-10-03T13:07:29.1848354Z test_file_split_mismatch_fails_before_writing (test_public_data.MixDataTests) ... ok
2026-10-03T13:07:29.2064606Z test_mixed_counts_and_metadata_validate (test_public_data.MixDataTests) ... ok
2026-10-03T13:07:29.2072021Z test_identical_inputs_with_conflicting_labels_fail (test_public_data.PublicDataTests) ... ok
2026-10-03T13:07:29.2091308Z test_passage_group_isolation_and_import_provenance (test_public_data.PublicDataTests) ... ok
2026-10-03T13:07:29.2112190Z test_all_public_examples_compile_without_generation (test_recipes.RecipesTest) ... ok
2026-10-03T13:07:29.2113760Z test_date_reference_rollover_and_invalid_dates (test_recipes.RecipesTest) ... ok
2026-10-03T13:07:29.2115640Z test_extraction_is_verbatim_and_missing_value_stays_missing (test_recipes.RecipesTest) ... ok
2026-10-03T13:07:29.2117067Z test_markdown_preserves_code_with_fences (test_recipes.RecipesTest) ... ok
2026-10-03T13:07:29.2118171Z test_multiline_quote_and_list_retain_structure (test_recipes.RecipesTest) ... ok
2026-10-03T13:07:29.2119290Z test_speculative_tool_args_are_not_executed_or_mixed (test_recipes.RecipesTest) ... ok
2026-10-03T13:07:29.2120397Z test_tool_key_collisions_and_reserved_candidates_rejected (test_recipes.RecipesTest) ... ok
2026-10-03T13:07:29.2139045Z test_calibration_fit_matches_analytic_binary_maximum_likelihood (test_replay_boundary_comparison_v7.IndependentArithmeticAndAlignmentTests) ... ok
2026-10-03T13:07:29.2150925Z test_empty_partial_duplicate_failed_hash_order_target_and_logit_tampering (test_replay_boundary_comparison_v7.IndependentArithmeticAndAlignmentTests) ... ok
2026-10-03T13:07:29.2153075Z test_inclusive_thresholds_and_adjacent_floats (test_replay_boundary_comparison_v7.IndependentArithmeticAndAlignmentTests) ... ok
2026-10-03T13:07:29.2154939Z test_invalid_probability_inputs_and_structured_evidence_comparison (test_replay_boundary_comparison_v7.IndependentArithmeticAndAlignmentTests) ... ok
2026-10-03T13:07:29.2159367Z test_metrics_have_hand_computed_nll_brier_ece_and_abstention_denominators (test_replay_boundary_comparison_v7.IndependentArithmeticAndAlignmentTests) ... ok
2026-10-03T13:07:29.2161896Z test_wrong_accepted_predicates_at_both_thresholds_are_not_execution (test_replay_boundary_comparison_v7.IndependentArithmeticAndAlignmentTests) ... ok
2026-10-03T13:07:29.2167821Z test_bare_prefixed_case_variants_match_without_changing_raw_evidence (test_replay_boundary_comparison_v7.IndependentGpuRuntimeTests) ... ok
2026-10-03T13:07:29.2169606Z test_full_uuid_accepts_only_optional_exact_prefix_and_hex_case (test_replay_boundary_comparison_v7.IndependentGpuRuntimeTests) ... ok
2026-10-03T13:07:29.2174869Z test_malformed_mig_ordinals_lists_and_nonstrings_are_rejected (test_replay_boundary_comparison_v7.IndependentGpuRuntimeTests) ... ok
2026-10-03T13:07:29.2186959Z test_other_runtime_fields_are_exact_including_tiny_changes_and_types (test_replay_boundary_comparison_v7.IndependentGpuRuntimeTests) ... ok
2026-10-03T13:07:29.2193134Z test_real_different_device_and_invalid_recorded_identifiers_are_rejected (test_replay_boundary_comparison_v7.IndependentGpuRuntimeTests) ... ok
2026-10-03T13:07:29.2197559Z test_visible_devices_stays_exact_original_receipt (test_replay_boundary_comparison_v7.IndependentGpuRuntimeTests) ... ok
2026-10-03T13:07:29.2202698Z test_absolute_interval_endpoints_exception_and_gregorian_centuries (test_replay_boundary_comparison_v7.IndependentOutcomeTests) ... ok
2026-10-03T13:07:29.2215484Z test_dangerous_choice_uses_actual_state_without_a_confidence_cutoff (test_replay_boundary_comparison_v7.IndependentOutcomeTests) ... ok
2026-10-03T13:07:29.2217332Z test_integer_ledgers_negative_formatting_and_cancellation (test_replay_boundary_comparison_v7.IndependentOutcomeTests) ... ok
2026-10-03T13:07:29.2221655Z test_joint_exact_scope_missing_role_and_revoke_precedence (test_replay_boundary_comparison_v7.IndependentOutcomeTests) ... ok
2026-10-03T13:07:29.2227242Z test_joint_regrant_capacity_equality_lowering_and_legacy_outer_scope (test_replay_boundary_comparison_v7.IndependentOutcomeTests) ... ok
2026-10-03T13:07:29.2231410Z test_policy_authority_withdrawal_fraud_and_limit_priority (test_replay_boundary_comparison_v7.IndependentOutcomeTests) ... ok
2026-10-03T13:07:29.2233695Z test_structural_role_labels_separate_missing_scope_from_other_role_noise (test_replay_boundary_comparison_v7.IndependentOutcomeTests) ... ok
2026-10-03T13:07:29.2251919Z test_five_serving_files_have_exact_profile_and_positive_temperature (test_replay_boundary_comparison_v7.IndependentPackageProofTests) ... ok
2026-10-03T13:07:29.2265290Z test_missing_fourth_new_source_replay_is_rejected_before_git (test_replay_boundary_comparison_v7.IndependentPackageProofTests) ... ok
2026-10-03T13:07:29.2314051Z test_optional_peft_readme_preserves_serving_identity_but_changes_full_proof (test_replay_boundary_comparison_v7.IndependentPackageProofTests) ... ok
2026-10-03T13:07:29.2333779Z test_optional_readme_cannot_replace_missing_serving_or_allow_an_extra_file (test_replay_boundary_comparison_v7.IndependentPackageProofTests) ... ok
2026-10-03T13:07:29.2438338Z test_profile_and_temperature_tampering_are_rejected (test_replay_boundary_comparison_v7.IndependentPackageProofTests) ... ok
2026-10-03T13:07:29.2534593Z test_complete_offline_provenance_replays_without_live_processes_or_rewriting_origin (test_replay_boundary_comparison_v7.IndependentSupplementProvenanceTests) ... ok
2026-10-03T13:07:29.2631140Z test_consumed_s1_identity_cannot_be_reused_for_new_supplement (test_replay_boundary_comparison_v7.IndependentSupplementProvenanceTests) ... ok
2026-10-03T13:07:29.2936765Z test_declaration_source_plan_checkpoint_device_and_hash_tampering_are_rejected (test_replay_boundary_comparison_v7.IndependentSupplementProvenanceTests) ... ok
2026-10-03T13:07:29.3162611Z test_failed_origin_code_inventory_or_added_prediction_cannot_be_replaced (test_replay_boundary_comparison_v7.IndependentSupplementProvenanceTests) ... ok
2026-10-03T13:07:29.3363109Z test_final_launch_verification_seals_both_query_time_boundaries_and_timezone (test_replay_boundary_comparison_v7.IndependentSupplementProvenanceTests) ... ok
2026-10-03T13:07:29.3484327Z test_foreign_source_checkout_cannot_replace_exact_nested_evaluation_source (test_replay_boundary_comparison_v7.IndependentSupplementProvenanceTests) ... ok
2026-10-03T13:07:29.4392924Z test_metadata_types_guard_aliases_and_timezone_are_strict_without_live_checks (test_replay_boundary_comparison_v7.IndependentSupplementProvenanceTests) ... ok
2026-10-03T13:07:29.4717814Z test_missing_naive_invalid_future_or_query_expired_final_verification_is_rejected (test_replay_boundary_comparison_v7.IndependentSupplementProvenanceTests) ... ok
2026-10-03T13:07:29.4776265Z test_nested_source_symlink_cannot_escape_to_foreign_checkout (test_replay_boundary_comparison_v7.IndependentSupplementProvenanceTests) ... ok
2026-10-03T13:07:29.5829428Z test_nested_task_still_rejects_both_directions_of_preserved_evidence_overlap (test_replay_boundary_comparison_v7.IndependentSupplementProvenanceTests) ... ok
2026-10-03T13:07:29.6542417Z test_new_attempt_plan_resource_and_preflight_cannot_be_bypassed (test_replay_boundary_comparison_v7.IndependentSupplementProvenanceTests) ... ok
2026-10-03T13:07:29.6589348Z test_optional_cli_and_locked_provenance_cannot_bypass_ordinary_binding (test_replay_boundary_comparison_v7.IndependentSupplementProvenanceTests) ... ok
2026-10-03T13:07:29.6819616Z test_original_receipt_request_bytes_and_output_tampering_are_rejected (test_replay_boundary_comparison_v7.IndependentSupplementProvenanceTests) ... ok
2026-10-03T13:07:29.7198986Z test_original_restoration_requires_full_true_checks_and_all_owned_exits (test_replay_boundary_comparison_v7.IndependentSupplementProvenanceTests) ... ok
2026-10-03T13:07:29.7519381Z test_resource_lock_raw_hash_completion_and_committed_declaration_are_required (test_replay_boundary_comparison_v7.IndependentSupplementProvenanceTests) ... ok
2026-10-03T13:07:29.8368582Z test_reviewed_controller_command_cwd_and_persisted_launch_freshness (test_replay_boundary_comparison_v7.IndependentSupplementProvenanceTests) ... ok
2026-10-03T13:07:30.0944102Z test_all_eight_portable_slices_and_actual_observed_denominators (test_replay_boundary_comparison_v7.IndependentWholeComparisonTests) ... ok
2026-10-03T13:07:30.2606206Z test_family_coverage_31_vs_32_all_abstain_and_single_accepted_error (test_replay_boundary_comparison_v7.IndependentWholeComparisonTests) ... ok
2026-10-03T13:07:30.3706538Z test_observed_conservative_errors_cannot_bypass_safety_checks (test_replay_boundary_comparison_v7.IndependentWholeComparisonTests) ... ok
2026-10-03T13:07:30.3713562Z test_paired_transitions_conserve_rows_and_report_every_regression (test_replay_boundary_comparison_v7.IndependentWholeComparisonTests) ... ok
2026-10-03T13:07:30.3723395Z test_alignment_detects_content_sequence_logits_and_memory (test_replay_frontier_comparison_v8.ReplayTests) ... ok
2026-10-03T13:07:30.3728577Z test_calibration_fit_has_known_optimum_and_split_guard (test_replay_frontier_comparison_v8.ReplayTests) ... ok
2026-10-03T13:07:30.3754269Z test_checkpoint_base_and_adapter_contract (test_replay_frontier_comparison_v8.ReplayTests) ... ok
2026-10-03T13:07:30.4567957Z test_completed_training_and_unicode_calibration_provenance (test_replay_frontier_comparison_v8.ReplayTests) ... ok
2026-10-03T13:07:30.5930039Z test_completed_training_rejects_claimed_error_and_nonmonotonic_steps (test_replay_frontier_comparison_v8.ReplayTests) ... ok
2026-10-03T13:07:30.5984746Z test_failed_exclusive_replay_remains_consumed (test_replay_frontier_comparison_v8.ReplayTests) ... ok
2026-10-03T13:07:30.5987356Z test_inclusive_predicate_and_ties (test_replay_frontier_comparison_v8.ReplayTests) ... ok
2026-10-03T13:07:30.5994306Z test_inventory_rejects_symlink_fifo_and_unexpected_sources (test_replay_frontier_comparison_v8.ReplayTests) ... ok
2026-10-03T13:07:30.5996948Z test_known_brier_nll_ece_and_empty (test_replay_frontier_comparison_v8.ReplayTests) ... ok
2026-10-03T13:07:30.6412490Z test_no_model_or_comparator_import_in_independent_replay (test_replay_frontier_comparison_v8.ReplayTests) ... ok
2026-10-03T13:07:30.6417659Z test_paired_regressions_fixes_and_threshold_changes (test_replay_frontier_comparison_v8.ReplayTests) ... ok
2026-10-03T13:07:30.6432473Z test_plan_rejects_changed_safety_temperature_runtime_and_timing (test_replay_frontier_comparison_v8.ReplayTests) ... ok
2026-10-03T13:07:30.6932700Z test_source_freeze_rejects_dirty_tree_and_scrubs_git_environment (test_replay_frontier_comparison_v8.ReplayTests) ... ok
2026-10-03T13:07:30.6935405Z test_strict_json_nonfinite_and_duplicate_keys (test_replay_frontier_comparison_v8.ReplayTests) ... ok
2026-10-03T13:07:30.6942116Z test_timing_keeps_cold_outlier_and_nearest_rank (test_replay_frontier_comparison_v8.ReplayTests) ... ok
2026-10-03T13:07:30.6972322Z test_consumed_s1_identity_cannot_be_reused_for_new_supplement (test_run_boundary_comparison_supplement_v7.ComparisonSupplementTests) ... ok
2026-10-03T13:07:30.7010683Z test_declaration_and_origin_identity_cannot_be_silently_changed (test_run_boundary_comparison_supplement_v7.ComparisonSupplementTests) ... ok
2026-10-03T13:07:30.7101503Z test_direct_comparator_cannot_skip_preflight_package_or_restoration_guard (test_run_boundary_comparison_supplement_v7.ComparisonSupplementTests) ... ok
2026-10-03T13:07:30.7137199Z test_exclusive_fsynced_lock_cannot_be_overwritten (test_run_boundary_comparison_supplement_v7.ComparisonSupplementTests) ... ok
2026-10-03T13:07:30.7247218Z test_gpu_queries_cannot_expire_resource_or_hide_lost_controller (test_run_boundary_comparison_supplement_v7.ComparisonSupplementTests) ... ok
2026-10-03T13:07:30.7448882Z test_incomplete_restoration_and_live_process_rejected_even_if_rehashed (test_run_boundary_comparison_supplement_v7.ComparisonSupplementTests) ... ok
2026-10-03T13:07:30.7572869Z test_input_hardware_runtime_and_output_overrides_refused (test_run_boundary_comparison_supplement_v7.ComparisonSupplementTests) ... ok
2026-10-03T13:07:30.7664035Z test_launch_requires_current_process_new_session_lock_and_live_resource (test_run_boundary_comparison_supplement_v7.ComparisonSupplementTests) ... ok
2026-10-03T13:07:30.7868839Z test_new_task_disjoint_from_original_task_dataset_and_checkpoint (test_run_boundary_comparison_supplement_v7.ComparisonSupplementTests) ... ok
2026-10-03T13:07:30.7998948Z test_origin_bytes_or_extra_predictions_fail (test_run_boundary_comparison_supplement_v7.ComparisonSupplementTests) ... ok
2026-10-03T13:07:30.8044571Z test_origin_preserved_and_cpu_provenance_complete (test_run_boundary_comparison_supplement_v7.ComparisonSupplementTests) ... ok
2026-10-03T13:07:30.8121065Z test_resource_failure_cannot_be_bypassed (test_run_boundary_comparison_supplement_v7.ComparisonSupplementTests) ... ok
2026-10-03T13:07:30.8149696Z test_restoration_guard_cannot_alias_controller_or_driver (test_run_boundary_comparison_supplement_v7.ComparisonSupplementTests) ... ok
2026-10-03T13:07:30.8217033Z test_source_requires_exact_canonical_nested_layout (test_run_boundary_comparison_supplement_v7.ComparisonSupplementTests) ... ok
2026-10-03T13:07:30.8261216Z test_source_symlink_and_resolved_external_target_rejected (test_run_boundary_comparison_supplement_v7.ComparisonSupplementTests) ... ok
2026-10-03T13:07:30.8266877Z test_attempt_receipt_cannot_be_overwritten (test_run_boundary_training_v7.PathAndAttemptTests) ... ok
2026-10-03T13:07:30.9444688Z test_complete_steps_and_finite_fields_required_without_resume_snapshot (test_run_boundary_training_v7.PathAndAttemptTests) ... ok
2026-10-03T13:07:30.9459418Z test_duplicate_driver_refusal_does_not_relabel_prior_attempt_as_failure (test_run_boundary_training_v7.PathAndAttemptTests) ... ok
2026-10-03T13:07:30.9493688Z test_refuse_existing_output_nested_input_parent_and_placeholder (test_run_boundary_training_v7.PathAndAttemptTests) ... ok
2026-10-03T13:07:30.9513878Z test_translation_changes_only_three_paths_and_preserves_frozen_plan (test_run_boundary_training_v7.PathAndAttemptTests) ... ok
2026-10-03T13:07:30.9551351Z test_stale_proof_guard_birth_compute_process_and_busy_gpu_are_refused (test_run_boundary_training_v7.ResourceProofTests) ... ok
2026-10-03T13:07:30.9554619Z test_data_runtime_stage_and_base_tampering_refused_before_model (test_run_boundary_training_v7.StagingTests) ... skipped 'Frozen local mixture is not shipped in portable CI'
2026-10-03T13:07:30.9557094Z test_edited_or_live_trainer_refused_before_data_checkpoint_and_runtime_staging (test_run_boundary_training_v7.StagingTests) ... skipped 'Frozen local mixture is not shipped in portable CI'
2026-10-03T13:07:30.9559268Z test_old_attempt_cannot_reenter_preflight (test_run_boundary_training_v7.StagingTests) ... skipped 'Frozen local mixture is not shipped in portable CI'
2026-10-03T13:07:30.9561986Z test_real_frozen_data_preflight_without_gpu_acquisition (test_run_boundary_training_v7.StagingTests) ... skipped 'Frozen local mixture is not shipped in portable CI'
2026-10-03T13:07:30.9684168Z test_changed_dirty_or_wrong_source_checkout_is_rejected (test_run_frontier_native_v8.NativeDeclarationTests) ... ok
2026-10-03T13:07:30.9731141Z test_execute_refuses_before_declared_paths_or_optional_imports (test_run_frontier_native_v8.NativeDeclarationTests) ... ok
2026-10-03T13:07:30.9808723Z test_hash_inventory_and_published_installation_references_are_bound (test_run_frontier_native_v8.NativeDeclarationTests) ... ok
2026-10-03T13:07:30.9881185Z test_ready_flags_extra_keys_and_changed_gradient_policy_cannot_unlock (test_run_frontier_native_v8.NativeDeclarationTests) ... ok
2026-10-03T13:07:30.9935979Z test_symlink_escape_and_nonrelative_inventory_are_rejected (test_run_frontier_native_v8.NativeDeclarationTests) ... ok
2026-10-03T13:07:31.0027049Z test_verified_source_retains_unarmed_and_unobserved_result (test_run_frontier_native_v8.NativeDeclarationTests) ... ok
2026-10-03T13:07:31.0857796Z test_attempt_is_consumed_even_when_preflight_fails (test_run_frontier_training_v8.DriverFixtures) ... ok
2026-10-03T13:07:31.4391213Z test_changed_calibration_labels_initial_identity_reload_or_phase_rejected (test_run_frontier_training_v8.DriverFixtures) ... ok
2026-10-03T13:07:31.9636409Z test_changed_data_checkpoint_and_base_rejected (test_run_frontier_training_v8.DriverFixtures) ... ok
2026-10-03T13:07:32.0247469Z test_changed_plan_or_freeze_bytes_rejected (test_run_frontier_training_v8.DriverFixtures) ... ok
2026-10-03T13:07:32.2538675Z test_complete_read_only_preflight_and_exact_deferred_command (test_run_frontier_training_v8.DriverFixtures) ... ok
2026-10-03T13:07:32.3357971Z test_dirty_source_and_different_commit_rejected (test_run_frontier_training_v8.DriverFixtures) ... ok
2026-10-03T13:07:32.5677335Z test_git_environment_cannot_redirect_source (test_run_frontier_training_v8.DriverFixtures) ... ok
2026-10-03T13:07:32.9041019Z test_hf_link_must_remain_inside_declared_cache (test_run_frontier_training_v8.DriverFixtures) ... ok
2026-10-03T13:07:33.1792020Z test_incomplete_final_checkpoint_and_special_journal_rejected (test_run_frontier_training_v8.DriverFixtures) ... ok
2026-10-03T13:07:33.4759121Z test_incomplete_nonfinite_or_nonmonotonic_optimizer_steps_rejected (test_run_frontier_training_v8.DriverFixtures) ... ok
2026-10-03T13:07:33.5364496Z test_old_attempt_protected_node_placeholder_overlap_and_existing_outputs_refused (test_run_frontier_training_v8.DriverFixtures) ... ok
2026-10-03T13:07:33.9431585Z test_real_trainer_journal_shape_without_options_is_supported (test_run_frontier_training_v8.DriverFixtures) ... ok
2026-10-03T13:07:34.1766672Z test_reserved_files_are_never_parsed (test_run_frontier_training_v8.DriverFixtures) ... ok
2026-10-03T13:07:34.4103732Z test_resource_receipt_flag_cannot_unlock_execution (test_run_frontier_training_v8.DriverFixtures) ... ok
2026-10-03T13:07:34.9139320Z test_runtime_lock_platform_or_stage_mutation_rejected (test_run_frontier_training_v8.DriverFixtures) ... ok
2026-10-03T13:07:35.3146747Z test_runtime_version_or_position_shadowing_rejected (test_run_frontier_training_v8.DriverFixtures) ... ok
2026-10-03T13:07:35.3868604Z test_source_inventory_cannot_claim_other_bytes (test_run_frontier_training_v8.DriverFixtures) ... ok
2026-10-03T13:07:35.4671414Z test_special_manifest_or_plan_rejected_before_open (test_run_frontier_training_v8.DriverFixtures) ... ok
2026-10-03T13:07:35.5692116Z test_symlink_and_special_dataset_leaf_rejected (test_run_frontier_training_v8.DriverFixtures) ... ok
2026-10-03T13:07:35.5719466Z test_bad_temperature (test_service_suite.ServiceSuiteTests) ... ok
2026-10-03T13:07:35.5735654Z test_binding_policy_cannot_override_hostname_or_training_card (test_service_suite.ServiceSuiteTests) ... ok
2026-10-03T13:07:35.5848767Z test_browser_only_passes_checkpoint_identity_without_workflow_input (test_service_suite.ServiceSuiteTests) ... ok
2026-10-03T13:07:35.5914119Z test_cli_guard_before_gpu_and_children (test_service_suite.ServiceSuiteTests) ... ok
2026-10-03T13:07:35.5920147Z test_command_workloads (test_service_suite.ServiceSuiteTests) ... ok
2026-10-03T13:07:35.5927003Z test_control_commands_pin_full_identity_and_complete_splits (test_service_suite.ServiceSuiteTests) ... ok
2026-10-03T13:07:35.7035460Z test_control_preflight_failure_precedes_output_gpu_and_subprocesses (test_service_suite.ServiceSuiteTests) ... ok
2026-10-03T13:07:35.7050231Z test_control_preflight_is_opt_in_and_uses_existing_frozen_loaders (test_service_suite.ServiceSuiteTests) ... ok
2026-10-03T13:07:35.7330254Z test_controls_run_serially_retain_failures_and_clean_each_server (test_service_suite.ServiceSuiteTests) ... ok
2026-10-03T13:07:35.7450772Z test_drone_only_pins_identity_and_keeps_gpu_cleanup (test_service_suite.ServiceSuiteTests) ... ok
2026-10-03T13:07:35.7460833Z test_existing_measurement_logs_not_overwritten (test_service_suite.ServiceSuiteTests) ... ok
2026-10-03T13:07:35.7591942Z test_fatal_provider_collection_retains_summary_then_cleans_without_probe (test_service_suite.ServiceSuiteTests) ... ok
2026-10-03T13:07:35.7800896Z test_frontier_only_runs_all_three_checkpoints_without_workflow_input (test_service_suite.ServiceSuiteTests) ... ok
2026-10-03T13:07:35.7814103Z test_gpu_selection_and_busy_rejection (test_service_suite.ServiceSuiteTests) ... ok
2026-10-03T13:07:35.7834391Z test_hash_and_wrong_model (test_service_suite.ServiceSuiteTests) ... ok
2026-10-03T13:07:35.7947383Z test_identity_mismatch_stops_and_cleans_server (test_service_suite.ServiceSuiteTests) ... ok
2026-10-03T13:07:35.8346184Z test_larger_capacity_reaches_every_server_and_identity (test_service_suite.ServiceSuiteTests) ... ok
2026-10-03T13:07:35.8513278Z test_measurement_exit_and_live_pid_record (test_service_suite.ServiceSuiteTests) ... ok
2026-10-03T13:07:35.8529439Z test_measurement_interrupt_recorded_and_reaped (test_service_suite.ServiceSuiteTests) ... ok
2026-10-03T13:07:35.9056830Z test_measurement_timeout_reaps_own_child (test_service_suite.ServiceSuiteTests) ... ok
2026-10-03T13:07:35.9090860Z test_missing_browser_cases_rejected_before_gpu_or_spawn (test_service_suite.ServiceSuiteTests) ... ok
2026-10-03T13:07:35.9120560Z test_missing_drone_cases_rejected_before_gpu_or_spawn (test_service_suite.ServiceSuiteTests) ... ok
2026-10-03T13:07:35.9166050Z test_nan_timeout_rejected_on_authorized_host (test_service_suite.ServiceSuiteTests) ... ok
2026-10-03T13:07:35.9251288Z test_nonpositive_server_capacity_rejected_before_gpu_or_spawn (test_service_suite.ServiceSuiteTests) ... ok
2026-10-03T13:07:35.9293769Z test_probe_rejects_changed_identity_and_invalid_probability (test_service_suite.ServiceSuiteTests) ... ok
2026-10-03T13:07:35.9315009Z test_provider_commands_keep_gold_out_of_inference_and_pin_identity (test_service_suite.ServiceSuiteTests) ... ok
2026-10-03T13:07:35.9351088Z test_provider_preflight_pins_manifests_files_and_gold_alignment (test_service_suite.ServiceSuiteTests) ... ok
2026-10-03T13:07:35.9400812Z test_provider_preflight_rejection_precedes_output_gpu_and_children (test_service_suite.ServiceSuiteTests) ... ok
2026-10-03T13:07:35.9798378Z test_provider_quality_runs_all_five_suites_before_releasing_each_model (test_service_suite.ServiceSuiteTests) ... ok
2026-10-03T13:07:35.9861505Z test_provider_raw_binding_preserves_types_order_and_strict_decoding (test_service_suite.ServiceSuiteTests) ... ok
2026-10-03T13:07:35.9917779Z test_provider_summary_rechecks_raw_identity_and_retains_partial_denominator (test_service_suite.ServiceSuiteTests) ... ok
2026-10-03T13:07:35.9932473Z test_readiness_requires_own_log (test_service_suite.ServiceSuiteTests) ... ok
2026-10-03T13:07:35.9977930Z test_repeated_or_unknown_model_rejected_before_gpu_or_spawn (test_service_suite.ServiceSuiteTests) ... ok
2026-10-03T13:07:36.0085810Z test_selected_checkpoint_does_not_require_other_model_files (test_service_suite.ServiceSuiteTests) ... ok
2026-10-03T13:07:36.0207193Z test_stopped_trec_retains_summary_and_cleans_before_any_next_probe (test_service_suite.ServiceSuiteTests) ... ok
2026-10-03T13:07:36.0596277Z test_three_models_serial_semantic_failure_continues_latency_last (test_service_suite.ServiceSuiteTests) ... ok
2026-10-03T13:07:36.0610533Z test_trec_commands_pin_identity_and_never_pass_qrels (test_service_suite.ServiceSuiteTests) ... ok
2026-10-03T13:07:36.0865184Z test_trec_inputs_and_outputs_cannot_enter_training_tree (test_service_suite.ServiceSuiteTests) ... ok
2026-10-03T13:07:36.1037425Z test_trec_models_are_serial_and_failed_queries_keep_cleanup (test_service_suite.ServiceSuiteTests) ... ok
2026-10-03T13:07:36.1480298Z test_trec_preflight_bad_hashes_precede_output_gpu_and_children (test_service_suite.ServiceSuiteTests) ... ok
2026-10-03T13:07:36.2281082Z test_trec_preflight_is_opt_in_and_binds_full_input_and_qrels (test_service_suite.ServiceSuiteTests) ... ok
2026-10-03T13:07:36.2394272Z test_trec_rejected_audit_cleans_before_any_next_probe (test_service_suite.ServiceSuiteTests) ... ok
2026-10-03T13:07:36.2494060Z test_trec_summary_requires_settled_identity_and_offline_audit (test_service_suite.ServiceSuiteTests) ... ok
2026-10-03T13:07:36.2500356Z test_typed_doom_mode_reaches_game_evaluator (test_service_suite.ServiceSuiteTests) ... ok
2026-10-03T13:07:36.2502067Z test_ambiguous_json_is_rejected (test_serving.ServingTest) ... ok
2026-10-03T13:07:36.2511039Z test_chunked_choice_is_normalized_after_reassembly (test_serving.ServingTest) ... ok
2026-10-03T13:07:36.7616051Z test_http_client_official_route_and_errors (test_serving.ServingTest) ... ok
2026-10-03T13:07:37.2729228Z test_http_inventory_lists_requests_and_keeps_artifacts_fetchable (test_serving.ServingTest) ... ok
2026-10-03T13:07:37.2731433Z test_invalid_backend_cannot_return_fake_answers (test_serving.ServingTest) ... ok
2026-10-03T13:07:37.2732714Z test_limits_and_unknown_models_fail_before_backend (test_serving.ServingTest) ... ok
2026-10-03T13:07:37.2949405Z test_all_variants_derive_labels_from_body_in_every_layout (test_silent_failure_data.SilentFailureBodyTest) ... ok
2026-10-03T13:07:37.2955813Z test_ambiguous_unknown_and_duplicate_grammar_is_rejected (test_silent_failure_data.SilentFailureBodyTest) ... ok
2026-10-03T13:07:37.2957976Z test_current_counts_override_historical_counts (test_silent_failure_data.SilentFailureBodyTest) ... ok
2026-10-03T13:07:37.2966285Z test_current_history_swap_flips_label_but_order_does_not (test_silent_failure_data.SilentFailureBodyTest) ... ok
2026-10-03T13:07:37.2970030Z test_empty_search_and_required_empty_receipt_have_different_meanings (test_silent_failure_data.SilentFailureBodyTest) ... ok
2026-10-03T13:07:37.3088895Z test_json_order_whitespace_and_html_current_document_pairs (test_silent_failure_data.SilentFailureBodyTest) ... ok
2026-10-03T13:07:37.3090645Z test_metadata_and_targets_never_enter_model_prompt (test_silent_failure_data.SilentFailureBodyTest) ... ok
2026-10-03T13:07:37.3092975Z test_numeric_text_boundary_from_visible_requirement (test_silent_failure_data.SilentFailureBodyTest) ... ok
2026-10-03T13:07:37.3097110Z test_partial_permission_alone_changes_result_and_pending_job_is_valid (test_silent_failure_data.SilentFailureBodyTest) ... ok
2026-10-03T13:07:37.3099579Z test_quoted_error_and_archived_debug_text_are_not_current_failure (test_silent_failure_data.SilentFailureBodyTest) ... ok
2026-10-03T13:07:37.3101002Z test_runtime_preserves_original_body_and_single_noul (test_silent_failure_data.SilentFailureBodyTest) ... ok
2026-10-03T13:07:37.3973344Z test_audit_counts_pair_isolation_and_byte_determinism (test_silent_failure_data.SilentFailureCorpusTest) ... ok
2026-10-03T13:07:37.4147746Z test_body_only_runtime_contract_rejects_status_wrapper (test_silent_failure_data.SilentFailureCorpusTest) ... ok
2026-10-03T13:07:37.4300370Z test_counterfactual_cannot_cross_split (test_silent_failure_data.SilentFailureCorpusTest) ... ok
2026-10-03T13:07:37.4316072Z test_existing_output_symlink_and_bad_sizes_rejected (test_silent_failure_data.SilentFailureCorpusTest) ... ok
2026-10-03T13:07:37.4485426Z test_label_tamper_after_rehash_still_fails_semantic_audit (test_silent_failure_data.SilentFailureCorpusTest) ... ok
2026-10-03T13:07:37.4512909Z test_source_and_data_hashes_are_checked (test_silent_failure_data.SilentFailureCorpusTest) ... ok
2026-10-03T13:07:37.4531762Z test_changed_derivative_is_rejected_before_curation (test_site_display_media.ApprovedSiteMediaTests) ... ok
2026-10-03T13:07:37.4580337Z test_curation_retains_phone_derivatives_in_temporary_site (test_site_display_media.ApprovedSiteMediaTests) ... ok
2026-10-03T13:07:37.4589614Z test_derivatives_are_not_kept_when_phone_item_is_not_selected (test_site_display_media.ApprovedSiteMediaTests) ... ok
2026-10-03T13:07:37.4603624Z test_manifest_cannot_approve_an_unexpected_path (test_site_display_media.ApprovedSiteMediaTests) ... ok
2026-10-03T13:07:37.4618658Z test_selected_phone_item_keeps_exact_manifest_backed_derivatives (test_site_display_media.ApprovedSiteMediaTests) ... ok
2026-10-03T13:07:37.4636656Z test_windows_text_line_endings_match_manifest_hashes (test_site_display_media.ApprovedSiteMediaTests) ... ok
2026-10-03T13:07:37.9713374Z test_blank_instructions_and_invalid_categories_never_reach_fixture (test_space_app.SpaceHTTPTest) ... ok
2026-10-03T13:07:38.4755982Z test_busy_rejects_second_request_while_health_works (test_space_app.SpaceHTTPTest) ... ok
2026-10-03T13:07:38.9869916Z test_canonical_page_assets_and_developer_link (test_space_app.SpaceHTTPTest) ... ok
2026-10-03T13:07:39.4897187Z test_errors_do_not_echo_input_or_raw_exception (test_space_app.SpaceHTTPTest) ... ok
2026-10-03T13:07:39.9948085Z test_loading_and_error_do_not_claim_ready_or_infer (test_space_app.SpaceHTTPTest) ... ok
2026-10-03T13:07:40.4983363Z test_plain_category_names_reach_fixture (test_space_app.SpaceHTTPTest) ... ok
2026-10-03T13:07:41.0036622Z test_request_limits_and_origin_guard (test_space_app.SpaceHTTPTest) ... ok
2026-10-03T13:07:41.0066865Z test_financial_evidence_and_ownership_counterexamples (test_sponsor_segments.SponsorSegmentTest) ... ok
2026-10-03T13:07:41.1560971Z test_generated_contract_and_labels (test_sponsor_segments.SponsorSegmentTest) ... ok
2026-10-03T13:07:41.1652636Z test_marker_timestamp_and_neighbour_not_label_oracle (test_sponsor_segments.SponsorSegmentTest) ... ok
2026-10-03T13:07:41.3331219Z test_persisted_audit_and_rehashed_bad_target (test_sponsor_segments.SponsorSegmentTest) ... ok
2026-10-03T13:07:41.5135956Z test_shared_context_brand_identity_and_manifest_count_checks (test_sponsor_segments.SponsorSegmentTest) ... ok
2026-10-03T13:07:41.6294323Z test_counterfactuals_change_exactly_the_visible_requested_metric (test_sql_semantics_v3.SQLSemanticsV3Test) ... ok
2026-10-03T13:07:41.6302671Z test_database_and_structural_families_are_split_disjoint (test_sql_semantics_v3.SQLSemanticsV3Test) ... ok
2026-10-03T13:07:41.6308070Z test_equal_answers_are_not_mislabeled_as_negatives (test_sql_semantics_v3.SQLSemanticsV3Test) ... ok
2026-10-03T13:07:41.8063181Z test_full_layout_smoke_independent_sqlite_replay (test_sql_semantics_v3.SQLSemanticsV3Test) ... ok
2026-10-03T13:07:41.8067422Z test_halfway_rounding_matches_stated_business_rule (test_sql_semantics_v3.SQLSemanticsV3Test) ... ok
2026-10-03T13:07:41.8338049Z test_hand_calculated_fixtures_cover_every_business_operator (test_sql_semantics_v3.SQLSemanticsV3Test) ... ok
2026-10-03T13:07:41.9450858Z test_label_result_and_visible_data_tampering_are_detected (test_sql_semantics_v3.SQLSemanticsV3Test) ... ok
2026-10-03T13:07:41.9510227Z test_metadata_never_determines_answer_and_no_results_in_inputs (test_sql_semantics_v3.SQLSemanticsV3Test) ... ok
2026-10-03T13:07:42.5788817Z test_reproducible_no_input_files_and_non_overwriting_build (test_sql_semantics_v3.SQLSemanticsV3Test) ... ok
2026-10-03T13:07:42.5803137Z test_syntax_errors_writes_and_multiple_statements_are_rejected (test_sql_semantics_v3.SQLSemanticsV3Test) ... ok
2026-10-03T13:07:42.5821038Z test_named_human_can_finish_no_route_without_forcing_a_catalog_label (test_support_routing.SupportRoutingTests) ... ok
2026-10-03T13:07:43.0854279Z test_real_http_schema_probabilities_and_identity_drift (test_support_routing.SupportRoutingTests) ... ok
2026-10-03T13:07:43.0872033Z test_review_queue_keeps_unresolved_rows_and_requires_human_attribution (test_support_routing.SupportRoutingTests) ... ok
2026-10-03T13:07:43.0874284Z test_shortlist_never_reads_gold_and_retrieval_failure_stays_visible (test_support_routing.SupportRoutingTests) ... ok
2026-10-03T13:07:43.0904431Z test_test_gold_and_predictions_follow_calibration_lock_without_retuning (test_support_routing.SupportRoutingTests) ... ok
2026-10-03T13:07:43.0905962Z test_threshold_fit_abstains_when_no_calibration_policy_is_met (test_support_routing.SupportRoutingTests) ... ok
2026-10-03T13:07:43.1271384Z test_complete_frozen_groups_disjoint_splits_and_boundary_offset_coverage (test_temporal_windows_v5.TemporalWindowsV5Test) ... ok
2026-10-03T13:07:43.1273135Z test_epoch_seconds_equivalent_instants_and_strict_timestamp_grammar (test_temporal_windows_v5.TemporalWindowsV5Test) ... ok
2026-10-03T13:07:43.1705301Z test_freeze_hashes_refuses_overwrite_and_detects_changed_split (test_temporal_windows_v5.TemporalWindowsV5Test) ... ok
2026-10-03T13:07:43.1808462Z test_generator_labels_are_checked_by_separate_epoch_implementation (test_temporal_windows_v5.TemporalWindowsV5Test) ... ok
2026-10-03T13:07:43.1811925Z test_hand_calculated_lower_upper_leap_boundaries_and_exception (test_temporal_windows_v5.TemporalWindowsV5Test) ... ok
2026-10-03T13:07:43.1855570Z test_hidden_labels_ids_and_metadata_do_not_enter_model_prompts (test_temporal_windows_v5.TemporalWindowsV5Test) ... ok
2026-10-03T13:07:43.2234837Z test_independent_validator_rejects_corrupted_gold_proposal_and_incomplete_group (test_temporal_windows_v5.TemporalWindowsV5Test) ... ok
2026-10-03T13:07:43.2352402Z test_relabeling_case_ids_cannot_disguise_repeated_temporal_facts (test_temporal_windows_v5.TemporalWindowsV5Test) ... ok
2026-10-03T13:07:43.3151144Z test_frozen_input_hashes_and_separate_calibration (test_train_frontier_controls_v4.ContinuedTrainingTest) ... ok
2026-10-03T13:07:43.3330689Z test_group_sampling_keeps_counterfactuals_and_is_label_independent (test_train_frontier_controls_v4.ContinuedTrainingTest) ... ok
2026-10-03T13:07:43.3374213Z test_identity_binds_head_adapter_and_released_temperature (test_train_frontier_controls_v4.ContinuedTrainingTest) ... ok
2026-10-03T13:07:43.3375630Z test_only_existing_lora_and_head_train (test_train_frontier_controls_v4.ContinuedTrainingTest) ... ok
2026-10-03T13:07:43.3433000Z test_actual_adapter_configuration_and_method_must_agree (test_train_initial_checkpoint.InitialInferenceCheckpointTests) ... ok
2026-10-03T13:07:43.3469607Z test_content_identity_binds_initialization_and_detects_changed_weights (test_train_initial_checkpoint.InitialInferenceCheckpointTests) ... ok
2026-10-03T13:07:43.3482051Z test_default_base_constructor_is_unchanged (test_train_initial_checkpoint.InitialInferenceCheckpointTests) ... ok
2026-10-03T13:07:43.3509077Z test_loads_existing_weights_and_unfreezes_only_lora_and_head (test_train_initial_checkpoint.InitialInferenceCheckpointTests) ... ok
2026-10-03T13:07:43.3530080Z test_missing_serving_files_and_invalid_temperature_are_rejected (test_train_initial_checkpoint.InitialInferenceCheckpointTests) ... ok
2026-10-03T13:07:43.3605447Z test_profile_mismatches_and_resume_reject_before_model_import (test_train_initial_checkpoint.InitialInferenceCheckpointTests) ... ok
2026-10-03T13:07:43.3637133Z test_lease_self_registration_and_controller_closing_preservation (test_train_temporal_windows_v5.TemporalPilotTest) ... ok
2026-10-03T13:07:43.3639982Z test_paired_regression_counts_and_mismatched_evidence_rejection (test_train_temporal_windows_v5.TemporalPilotTest) ... ok
2026-10-03T13:07:43.3648325Z test_temperature_ablation_keeps_argmax_but_changes_noul_threshold_behavior (test_train_temporal_windows_v5.TemporalPilotTest) ... ok
2026-10-03T13:07:43.3680733Z test_cli_defaults_to_legacy_and_exposes_explicit_opt_in (test_training_deferred_heldout.DeferredHeldoutTests) ... ok
2026-10-03T13:07:43.3720087Z test_complete_allowed_splits_are_validated_before_sampling_or_model_construction (test_training_deferred_heldout.DeferredHeldoutTests) ... ok
2026-10-03T13:07:43.4928951Z test_default_keeps_all_split_validation_baselines_and_heldout_evaluation (test_training_deferred_heldout.DeferredHeldoutTests) ... ok
2026-10-03T13:07:44.1938981Z test_deferred_reload_rejects_nonfinite_width_and_value_mismatches_without_summary (test_training_deferred_heldout.DeferredHeldoutTests) ... ok
2026-10-03T13:07:44.1958891Z test_deferred_resume_and_snapshots_rejected_before_runtime_imports (test_training_deferred_heldout.DeferredHeldoutTests) ... ok
2026-10-03T13:07:44.3020998Z test_deferred_run_never_reads_or_forwards_heldout_and_saves_fixed_final (test_training_deferred_heldout.DeferredHeldoutTests) ... ok
2026-10-03T13:07:44.3060944Z test_deferred_run_requires_calibration (test_training_deferred_heldout.DeferredHeldoutTests) ... ok
2026-10-03T13:07:44.3077232Z test_opt_in_changes_identity_without_changing_default_argument_schema (test_training_deferred_heldout.DeferredHeldoutTests) ... ok
2026-10-03T13:07:44.3164888Z test_all_snapshot_artifacts_and_old_log_cursor_are_verified (test_training_initialization.InitializationContractTests) ... ok
2026-10-03T13:07:44.3220051Z test_cli_and_programmatic_run_reject_initialization_plus_resume (test_training_initialization.InitializationContractTests) ... ok
2026-10-03T13:07:44.3275240Z test_model_revision_rank_topology_and_complete_snapshot_are_required (test_training_initialization.InitializationContractTests) ... ok
2026-10-03T13:07:44.3292596Z test_provenance_rejects_missing_extra_malformed_and_reset_fields (test_training_initialization.InitializationContractTests) ... ok
2026-10-03T13:07:44.3322138Z test_weights_initialization_accepts_new_data_but_binds_source_content (test_training_initialization.InitializationContractTests) ... ok
2026-10-03T13:07:44.3324243Z test_changed_preflight_bytes_or_provenance_are_rejected (test_training_initialization.InitializationNumericalTests) ... skipped 'requires optional torch runtime'
2026-10-03T13:07:44.3325718Z test_four_rank_run_measures_initialized_baseline_and_resumes_new_stage_trajectory (test_training_initialization.InitializationNumericalTests) ... skipped 'requires optional torch runtime'
2026-10-03T13:07:44.3327241Z test_future_resume_tensor_binding_rejects_removed_or_rewritten_provenance (test_training_initialization.InitializationNumericalTests) ... skipped 'requires optional torch runtime'
2026-10-03T13:07:44.3328669Z test_invalid_tensor_payload_never_partially_copies_weights (test_training_initialization.InitializationNumericalTests) ... skipped 'requires optional torch runtime'
2026-10-03T13:07:44.3330066Z test_only_trainable_weights_copy_without_optimizer_rng_or_base_mutation (test_training_initialization.InitializationNumericalTests) ... skipped 'requires optional torch runtime'
2026-10-03T13:07:44.4707770Z test_both_installed_cli_help_commands_work_without_model_imports (test_training_provenance.TrainingProvenanceTests) ... ok
2026-10-03T13:07:44.5023244Z test_both_trainers_reject_before_imports_or_argument_access (test_training_provenance.TrainingProvenanceTests) ... ok
2026-10-03T13:07:44.5433958Z test_caller_git_environment_cannot_override_source_checkout (test_training_provenance.TrainingProvenanceTests) ... ok
2026-10-03T13:07:44.5767308Z test_caller_head_is_wrong_but_source_head_is_recorded (test_training_provenance.TrainingProvenanceTests) ... ok
2026-10-03T13:07:44.6111127Z test_dirty_source_checkout_remains_supported (test_training_provenance.TrainingProvenanceTests) ... ok
2026-10-03T13:07:44.6418092Z test_installed_package_cannot_inherit_ancestor_repository (test_training_provenance.TrainingProvenanceTests) ... ok
2026-10-03T13:07:44.6746401Z test_invalid_git_marker_cannot_inherit_ancestor_repository (test_training_provenance.TrainingProvenanceTests) ... ok
2026-10-03T13:07:44.7152299Z test_real_git_worktree_with_git_file_is_supported (test_training_provenance.TrainingProvenanceTests) ... ok
2026-10-03T13:07:44.7489899Z test_source_head_is_recorded_outside_any_repository (test_training_provenance.TrainingProvenanceTests) ... ok
2026-10-03T13:07:44.7529271Z test_artifact_restore_archives_interrupted_log_and_keeps_final_calibration (test_training_resume.ResumeIdentityTests) ... ok
2026-10-03T13:07:44.7569717Z test_identity_binds_training_configuration_dataset_and_order (test_training_resume.ResumeIdentityTests) ... ok
2026-10-03T13:07:44.7571332Z test_original_baseline_ids_targets_and_order_are_required (test_training_resume.ResumeIdentityTests) ... ok
2026-10-03T13:07:44.7595590Z test_snapshot_checksum_and_log_cursor_are_verified_before_tensor_loading (test_training_resume.ResumeIdentityTests) ... ok
2026-10-03T13:07:44.7597097Z test_cpu_dropout_rng_optimizer_and_parameter_trajectory_resume_exactly (test_training_resume.ResumeNumericalTests) ... skipped 'requires optional torch runtime'
2026-10-03T13:07:44.8169439Z test_actual_scores_change_later_windows_and_requests_are_saved_before_calls (test_trec_provider.TrecProviderTest) ... ok
2026-10-03T13:07:44.8646498Z test_declared_mass_only_scalar_analysis_never_becomes_primary_ranking (test_trec_provider.TrecProviderTest) ... ok
2026-10-03T13:07:44.9720149Z test_endpoint_rejections_stop_all_remaining_queries (test_trec_provider.TrecProviderTest) ... ok
2026-10-03T13:07:45.0471914Z test_frozen_input_contract_rejects_gold_metadata_hash_mismatch_and_overwrite (test_trec_provider.TrecProviderTest) ... ok
2026-10-03T13:07:47.8624537Z test_full_run_completes_all_97_queries_in_exactly_873_calls (test_trec_provider.TrecProviderTest) ... ok
2026-10-03T13:07:47.9526420Z test_jev_mass_or_expectation_failure_is_retained_and_next_query_runs (test_trec_provider.TrecProviderTest) ... ok
2026-10-03T13:07:47.9839322Z test_mass_and_expectation_failure_cannot_use_scalar_analysis (test_trec_provider.TrecProviderTest) ... ok
2026-10-03T13:07:48.0131181Z test_nonfinite_parsed_response_keeps_exact_raw_text_and_fails_query (test_trec_provider.TrecProviderTest) ... ok
2026-10-03T13:07:48.0222617Z test_openai_envelope_preserves_integer_scores_without_probabilities (test_trec_provider.TrecProviderTest) ... ok
2026-10-03T13:07:48.0960097Z test_request_time_and_usage_cost_budgets_preserve_partial_and_pending (test_trec_provider.TrecProviderTest) ... ok
2026-10-03T13:07:48.1315548Z test_thrown_attempt_error_is_saved_redacted_and_cost_remains_unknown (test_trec_provider.TrecProviderTest) ... ok
2026-10-03T13:07:52.1528340Z test_finished_collection_with_mass_failure_retains_full_denominator (test_trec_summary.TrecSummaryTest) ... ok
2026-10-03T13:07:56.8040720Z test_full_openai_collection_has_no_fabricated_scalar_probability_analysis (test_trec_summary.TrecSummaryTest) ... ok
2026-10-03T13:07:56.9050096Z test_input_and_qrel_manifest_hashes_are_required (test_trec_summary.TrecSummaryTest) ... ok
2026-10-03T13:07:57.1519086Z test_live_report_prefix_may_have_unscored_newer_raw_records (test_trec_summary.TrecSummaryTest) ... ok
2026-10-03T13:07:57.2749388Z test_mass_only_query_primary_zero_and_supplemental_uses_actual_saved_scalars (test_trec_summary.TrecSummaryTest) ... ok
2026-10-03T13:07:57.3747042Z test_mass_only_then_hard_error_does_not_publish_either_ranking (test_trec_summary.TrecSummaryTest) ... ok
2026-10-03T13:07:57.4999145Z test_partial_run_uses_full_qrels_and_direct_grade_including_outside_candidates (test_trec_summary.TrecSummaryTest) ... ok
2026-10-03T13:07:57.7540141Z test_python310_mass_diagnostics_replay_exactly_without_relaxing_validation (test_trec_summary.TrecSummaryTest) ... ok
2026-10-03T13:07:57.9676114Z test_rejects_permutation_tampering_flags_and_adaptive_window_changes (test_trec_summary.TrecSummaryTest) ... ok
2026-10-03T13:07:58.1713542Z test_rejects_raw_payload_response_model_or_order_tampering (test_trec_summary.TrecSummaryTest) ... ok
2026-10-03T13:08:02.3171036Z test_top_level_running_status_never_becomes_complete_even_after_all_queries (test_trec_summary.TrecSummaryTest) ... ok
2026-10-03T13:08:02.3228554Z test_candidate_permutation_preserves_labels_and_source_groups (test_wanli_data.WanliTests) ... ok
2026-10-03T13:08:02.3229877Z test_conflicts_are_removed_not_arbitrarily_resolved (test_wanli_data.WanliTests) ... ok
2026-10-03T13:08:02.3246276Z test_existing_output_fails_before_source_download_or_modification (test_wanli_data.WanliTests) ... ok
2026-10-03T13:08:02.3247328Z test_malformed_source_fails (test_wanli_data.WanliTests) ... ok
2026-10-03T13:08:02.3251241Z test_test_components_are_reserved_transitively (test_wanli_data.WanliTests) ... ok
2026-10-03T13:08:02.7325283Z test_http_runner_preserves_responses_and_aborts_on_service_change (test_workflows.WorkflowServiceEvaluationTests) ... ok
2026-10-03T13:08:02.7337904Z test_prediction_identity_binds_case_state_questions_and_split (test_workflows.WorkflowServiceEvaluationTests) ... ok
2026-10-03T13:08:03.0905469Z test_selection_is_heldout_balanced_group_distinct_and_label_independent (test_workflows.WorkflowServiceEvaluationTests) ... ok
2026-10-03T13:08:03.2743704Z test_selection_rejects_cross_split_parent_groups_and_duplicate_ids (test_workflows.WorkflowServiceEvaluationTests) ... ok
2026-10-03T13:08:03.2746936Z test_service_identity_rejects_oracle_mismatch_and_tracks_artifact_digest (test_workflows.WorkflowServiceEvaluationTests) ... ok
2026-10-03T13:08:03.2752190Z test_agent_permission_is_evaluated_at_call_time_with_exact_scope (test_workflows.WorkflowTests) ... ok
2026-10-03T13:08:03.2769562Z test_all_workflows_compile_as_target_free_independent_questions (test_workflows.WorkflowTests) ... ok
2026-10-03T13:08:03.2771335Z test_card_and_cancellation_account_facts_gate_mutations (test_workflows.WorkflowTests) ... ok
2026-10-03T13:08:03.2774750Z test_customer_empty_resolved_negation_and_account_claim_conflict (test_workflows.WorkflowTests) ... ok
2026-10-03T13:08:03.2782733Z test_evaluation_rejects_fixture_claims_and_bad_case_alignment (test_workflows.WorkflowTests) ... ok
2026-10-03T13:08:03.2787256Z test_exclusive_workflows_use_one_disposition_while_customer_can_fan_out (test_workflows.WorkflowTests) ... ok
2026-10-03T13:08:05.1006502Z test_generated_groups_stay_together_and_models_cannot_see_references (test_workflows.WorkflowTests) ... ok
2026-10-03T13:08:05.1013228Z test_invoice_financial_boundaries_and_grants (test_workflows.WorkflowTests) ... ok
2026-10-03T13:08:06.0856889Z test_manifest_and_saved_jsonl_are_reproducible (test_workflows.WorkflowTests) ... ok
2026-10-03T13:08:06.0865984Z test_refund_requires_exact_account_object_amount_and_current_consent (test_workflows.WorkflowTests) ... ok
2026-10-03T13:08:06.0868453Z test_security_maintenance_must_match_asset_activity_and_time (test_workflows.WorkflowTests) ... ok
2026-10-03T13:08:06.0870586Z test_security_priority_grant_expiry_and_production_isolation (test_workflows.WorkflowTests) ... ok
2026-10-03T13:08:06.0871234Z 
2026-10-03T13:08:06.0871516Z ----------------------------------------------------------------------
2026-10-03T13:08:06.0872388Z Ran 1328 tests in 203.938s
2026-10-03T13:08:06.0872680Z 
2026-10-03T13:08:06.0872831Z OK (skipped=90)
2026-10-03T13:08:06.0873270Z {
2026-10-03T13:08:06.0873652Z   "trace": "/tmp/tmpw9d5_2rf/typed.json",
2026-10-03T13:08:06.0874170Z   "policy": "random_baseline",
2026-10-03T13:08:06.0874659Z   "is_model": false,
2026-10-03T13:08:06.0875021Z   "episodes": 1,
2026-10-03T13:08:06.0875364Z   "metrics": [
2026-10-03T13:08:06.0875687Z     {
2026-10-03T13:08:06.0876020Z       "steps": 2,
2026-10-03T13:08:06.0876389Z       "stop_reason": "terminal",
2026-10-03T13:08:06.0876821Z       "total_reward": 2.0,
2026-10-03T13:08:06.0877274Z       "mean_decision_latency_ms": 0.08954300000141302,
2026-10-03T13:08:06.0877791Z       "engine_total_reward": 2.0,
2026-10-03T13:08:06.0878206Z       "elapsed_tics": 8
2026-10-03T13:08:06.0878548Z     }
2026-10-03T13:08:06.0878829Z   ]
2026-10-03T13:08:06.0879105Z }
2026-10-03T13:08:06.4460897Z ##[group]Run python -m build --wheel
2026-10-03T13:08:06.4461231Z [36;1mpython -m build --wheel[0m
2026-10-03T13:08:06.4524924Z shell: /usr/bin/bash -e {0}
2026-10-03T13:08:06.4525224Z env:
2026-10-03T13:08:06.4525491Z   pythonLocation: /opt/hostedtoolcache/Python/3.10.21/x64
2026-10-03T13:08:06.4525929Z   PKG_CONFIG_PATH: /opt/hostedtoolcache/Python/3.10.21/x64/lib/pkgconfig
2026-10-03T13:08:06.4526358Z   Python_ROOT_DIR: /opt/hostedtoolcache/Python/3.10.21/x64
2026-10-03T13:08:06.4526740Z   Python2_ROOT_DIR: /opt/hostedtoolcache/Python/3.10.21/x64
2026-10-03T13:08:06.4527124Z   Python3_ROOT_DIR: /opt/hostedtoolcache/Python/3.10.21/x64
2026-10-03T13:08:06.4527507Z   LD_LIBRARY_PATH: /opt/hostedtoolcache/Python/3.10.21/x64/lib
2026-10-03T13:08:06.4527860Z ##[endgroup]
2026-10-03T13:08:06.5882430Z * Creating isolated environment: venv+pip...
2026-10-03T13:08:06.6409013Z * Installing packages in isolated environment:
2026-10-03T13:08:06.6409629Z   - setuptools>=77.0.3
2026-10-03T13:08:07.5405987Z * Getting build dependencies for wheel...
2026-10-03T13:08:08.0241809Z running egg_info
2026-10-03T13:08:08.0254632Z creating open_jev.egg-info
2026-10-03T13:08:08.0255870Z writing open_jev.egg-info/PKG-INFO
2026-10-03T13:08:08.0271997Z writing dependency_links to open_jev.egg-info/dependency_links.txt
2026-10-03T13:08:08.0275155Z writing entry points to open_jev.egg-info/entry_points.txt
2026-10-03T13:08:08.0284374Z writing requirements to open_jev.egg-info/requires.txt
2026-10-03T13:08:08.0286019Z writing top-level names to open_jev.egg-info/top_level.txt
2026-10-03T13:08:08.0287542Z writing manifest file 'open_jev.egg-info/SOURCES.txt'
2026-10-03T13:08:08.0354601Z reading manifest file 'open_jev.egg-info/SOURCES.txt'
2026-10-03T13:08:08.0356703Z adding license file 'LICENSE'
2026-10-03T13:08:08.0379986Z writing manifest file 'open_jev.egg-info/SOURCES.txt'
2026-10-03T13:08:08.0640144Z * Installed build dependency versions:
2026-10-03T13:08:08.0640677Z   - setuptools==84.0.0
2026-10-03T13:08:08.0641074Z * Building wheel...
2026-10-03T13:08:08.2272580Z running bdist_wheel
2026-10-03T13:08:08.2319709Z running build
2026-10-03T13:08:08.2320548Z running build_py
2026-10-03T13:08:08.2338859Z creating build/lib/jev
2026-10-03T13:08:08.2341673Z copying jev/temporal_windows_v5.py -> build/lib/jev
2026-10-03T13:08:08.2344481Z copying jev/mailroom_audit.py -> build/lib/jev
2026-10-03T13:08:08.2346880Z copying jev/ir_eval.py -> build/lib/jev
2026-10-03T13:08:08.2349037Z copying jev/case_doom.py -> build/lib/jev
2026-10-03T13:08:08.2351364Z copying jev/server.py -> build/lib/jev
2026-10-03T13:08:08.2354026Z copying jev/painting.py -> build/lib/jev
2026-10-03T13:08:08.2356289Z copying jev/mailroom_probe.py -> build/lib/jev
2026-10-03T13:08:08.2358465Z copying jev/silent_failure_data.py -> build/lib/jev
2026-10-03T13:08:08.2360608Z copying jev/community_diversity_v2.py -> build/lib/jev
2026-10-03T13:08:08.2363508Z copying jev/boundary_controls_v7.py -> build/lib/jev
2026-10-03T13:08:08.2365687Z copying jev/case_workflows.py -> build/lib/jev
2026-10-03T13:08:08.2367830Z copying jev/metrics.py -> build/lib/jev
2026-10-03T13:08:08.2369963Z copying jev/context_retention_data.py -> build/lib/jev
2026-10-03T13:08:08.2372093Z copying jev/case_customer.py -> build/lib/jev
2026-10-03T13:08:08.2374458Z copying jev/public_data.py -> build/lib/jev
2026-10-03T13:08:08.2376641Z copying jev/ir_data.py -> build/lib/jev
2026-10-03T13:08:08.2378720Z copying jev/game_cli.py -> build/lib/jev
2026-10-03T13:08:08.2380829Z copying jev/sql_semantics_v3.py -> build/lib/jev
2026-10-03T13:08:08.2383441Z copying jev/sharded_model.py -> build/lib/jev
2026-10-03T13:08:08.2385714Z copying jev/community_workflow_v3.py -> build/lib/jev
2026-10-03T13:08:08.2387937Z copying jev/serving.py -> build/lib/jev
2026-10-03T13:08:08.2390080Z copying jev/mailroom_data.py -> build/lib/jev
2026-10-03T13:08:08.2392264Z copying jev/case_entity_alignment.py -> build/lib/jev
2026-10-03T13:08:08.2394628Z copying jev/case_wikiracing.py -> build/lib/jev
2026-10-03T13:08:08.2397027Z copying jev/doom_control.py -> build/lib/jev
2026-10-03T13:08:08.2398948Z copying jev/frontier_controls_v4.py -> build/lib/jev
2026-10-03T13:08:08.2401128Z copying jev/fast_backend.py -> build/lib/jev
2026-10-03T13:08:08.2403621Z copying jev/case_browser.py -> build/lib/jev
2026-10-03T13:08:08.2405807Z copying jev/prefix_cache.py -> build/lib/jev
2026-10-03T13:08:08.2408023Z copying jev/case_sponsor_segments.py -> build/lib/jev
2026-10-03T13:08:08.2410187Z copying jev/wanli_data.py -> build/lib/jev
2026-10-03T13:08:08.2412217Z copying jev/model.py -> build/lib/jev
2026-10-03T13:08:08.2414659Z copying jev/case_drone.py -> build/lib/jev
2026-10-03T13:08:08.2416903Z copying jev/case_reasoning.py -> build/lib/jev
2026-10-03T13:08:08.2419121Z copying jev/case_phone_extraction.py -> build/lib/jev
2026-10-03T13:08:08.2421364Z copying jev/workflows.py -> build/lib/jev
2026-10-03T13:08:08.2423922Z copying jev/games.py -> build/lib/jev
2026-10-03T13:08:08.2426280Z copying jev/predict.py -> build/lib/jev
2026-10-03T13:08:08.2428320Z copying jev/recipes.py -> build/lib/jev
2026-10-03T13:08:08.2430519Z copying jev/shared_resources.py -> build/lib/jev
2026-10-03T13:08:08.2433011Z copying jev/client.py -> build/lib/jev
2026-10-03T13:08:08.2435070Z copying jev/train.py -> build/lib/jev
2026-10-03T13:08:08.2437448Z copying jev/community.py -> build/lib/jev
2026-10-03T13:08:08.2439692Z copying jev/policy_controls_v6.py -> build/lib/jev
2026-10-03T13:08:08.2441891Z copying jev/inference_initialization.py -> build/lib/jev
2026-10-03T13:08:08.2444380Z copying jev/community_routing_v3.py -> build/lib/jev
2026-10-03T13:08:08.2446440Z copying jev/__init__.py -> build/lib/jev
2026-10-03T13:08:08.2448450Z copying jev/case_email_selection.py -> build/lib/jev
2026-10-03T13:08:08.2450496Z copying jev/eval_resources.py -> build/lib/jev
2026-10-03T13:08:08.2452999Z copying jev/case_citation.py -> build/lib/jev
2026-10-03T13:08:08.2455295Z copying jev/case_amount_extraction.py -> build/lib/jev
2026-10-03T13:08:08.2457542Z copying jev/eval_frontier.py -> build/lib/jev
2026-10-03T13:08:08.2459760Z copying jev/api.py -> build/lib/jev
2026-10-03T13:08:08.2461836Z copying jev/mix_data.py -> build/lib/jev
2026-10-03T13:08:08.2464162Z copying jev/data.py -> build/lib/jev
2026-10-03T13:08:08.2466508Z copying jev/frontier_controls_v8.py -> build/lib/jev
2026-10-03T13:08:08.2468735Z copying jev/train_distributed.py -> build/lib/jev
2026-10-03T13:08:08.2471789Z creating build/lib/third_party
2026-10-03T13:08:08.2473573Z copying third_party/__init__.py -> build/lib/third_party
2026-10-03T13:08:08.2476523Z creating build/lib/jev/kernels
2026-10-03T13:08:08.2478283Z copying jev/kernels/triton_tail.py -> build/lib/jev/kernels
2026-10-03T13:08:08.2480397Z copying jev/kernels/final_score.py -> build/lib/jev/kernels
2026-10-03T13:08:08.2483090Z copying jev/kernels/__init__.py -> build/lib/jev/kernels
2026-10-03T13:08:08.2486370Z creating build/lib/third_party/open_jev_fast
2026-10-03T13:08:08.2501049Z copying third_party/open_jev_fast/__init__.py -> build/lib/third_party/open_jev_fast
2026-10-03T13:08:08.2502400Z creating build/lib/third_party/open_jev_fast/src
2026-10-03T13:08:08.2503296Z copying third_party/open_jev_fast/src/fastmodel.py -> build/lib/third_party/open_jev_fast/src
2026-10-03T13:08:08.2504408Z copying third_party/open_jev_fast/src/ext.py -> build/lib/third_party/open_jev_fast/src
2026-10-03T13:08:08.2505493Z copying third_party/open_jev_fast/src/lt_ext.py -> build/lib/third_party/open_jev_fast/src
2026-10-03T13:08:08.2506594Z copying third_party/open_jev_fast/src/__init__.py -> build/lib/third_party/open_jev_fast/src
2026-10-03T13:08:08.2507366Z running egg_info
2026-10-03T13:08:08.2516406Z writing open_jev.egg-info/PKG-INFO
2026-10-03T13:08:08.2534826Z writing dependency_links to open_jev.egg-info/dependency_links.txt
2026-10-03T13:08:08.2539031Z writing entry points to open_jev.egg-info/entry_points.txt
2026-10-03T13:08:08.2548466Z writing requirements to open_jev.egg-info/requires.txt
2026-10-03T13:08:08.2550399Z writing top-level names to open_jev.egg-info/top_level.txt
2026-10-03T13:08:08.2596623Z reading manifest file 'open_jev.egg-info/SOURCES.txt'
2026-10-03T13:08:08.2618782Z adding license file 'LICENSE'
2026-10-03T13:08:08.2648676Z writing manifest file 'open_jev.egg-info/SOURCES.txt'
2026-10-03T13:08:08.2668544Z copying third_party/open_jev_fast/LICENSE -> build/lib/third_party/open_jev_fast
2026-10-03T13:08:08.2671256Z copying third_party/open_jev_fast/PROVENANCE.json -> build/lib/third_party/open_jev_fast
2026-10-03T13:08:08.2674260Z copying third_party/open_jev_fast/THIRD_PARTY_NOTICES.md -> build/lib/third_party/open_jev_fast
2026-10-03T13:08:08.2677025Z copying third_party/open_jev_fast/src/kernels.cu -> build/lib/third_party/open_jev_fast/src
2026-10-03T13:08:08.2681239Z copying third_party/open_jev_fast/src/lt.cpp -> build/lib/third_party/open_jev_fast/src
2026-10-03T13:08:08.2714302Z installing to build/bdist.linux-x86_64/wheel
2026-10-03T13:08:08.2714824Z running install
2026-10-03T13:08:08.2770739Z running install_lib
2026-10-03T13:08:08.2782169Z creating build/bdist.linux-x86_64/wheel
2026-10-03T13:08:08.2785217Z creating build/bdist.linux-x86_64/wheel/jev
2026-10-03T13:08:08.2787132Z copying build/lib/jev/temporal_windows_v5.py -> build/bdist.linux-x86_64/wheel/./jev
2026-10-03T13:08:08.2789213Z copying build/lib/jev/mailroom_audit.py -> build/bdist.linux-x86_64/wheel/./jev
2026-10-03T13:08:08.2791261Z copying build/lib/jev/ir_eval.py -> build/bdist.linux-x86_64/wheel/./jev
2026-10-03T13:08:08.2793630Z copying build/lib/jev/case_doom.py -> build/bdist.linux-x86_64/wheel/./jev
2026-10-03T13:08:08.2795687Z copying build/lib/jev/server.py -> build/bdist.linux-x86_64/wheel/./jev
2026-10-03T13:08:08.2797693Z copying build/lib/jev/painting.py -> build/bdist.linux-x86_64/wheel/./jev
2026-10-03T13:08:08.2799815Z copying build/lib/jev/mailroom_probe.py -> build/bdist.linux-x86_64/wheel/./jev
2026-10-03T13:08:08.2801787Z copying build/lib/jev/silent_failure_data.py -> build/bdist.linux-x86_64/wheel/./jev
2026-10-03T13:08:08.2804091Z copying build/lib/jev/community_diversity_v2.py -> build/bdist.linux-x86_64/wheel/./jev
2026-10-03T13:08:08.2806333Z copying build/lib/jev/boundary_controls_v7.py -> build/bdist.linux-x86_64/wheel/./jev
2026-10-03T13:08:08.2808428Z copying build/lib/jev/case_workflows.py -> build/bdist.linux-x86_64/wheel/./jev
2026-10-03T13:08:08.2810482Z copying build/lib/jev/metrics.py -> build/bdist.linux-x86_64/wheel/./jev
2026-10-03T13:08:08.2812915Z copying build/lib/jev/context_retention_data.py -> build/bdist.linux-x86_64/wheel/./jev
2026-10-03T13:08:08.2815028Z copying build/lib/jev/case_customer.py -> build/bdist.linux-x86_64/wheel/./jev
2026-10-03T13:08:08.2817064Z copying build/lib/jev/public_data.py -> build/bdist.linux-x86_64/wheel/./jev
2026-10-03T13:08:08.2819008Z copying build/lib/jev/ir_data.py -> build/bdist.linux-x86_64/wheel/./jev
2026-10-03T13:08:08.2821007Z copying build/lib/jev/game_cli.py -> build/bdist.linux-x86_64/wheel/./jev
2026-10-03T13:08:08.2823380Z copying build/lib/jev/sql_semantics_v3.py -> build/bdist.linux-x86_64/wheel/./jev
2026-10-03T13:08:08.2825465Z copying build/lib/jev/sharded_model.py -> build/bdist.linux-x86_64/wheel/./jev
2026-10-03T13:08:08.2827548Z copying build/lib/jev/community_workflow_v3.py -> build/bdist.linux-x86_64/wheel/./jev
2026-10-03T13:08:08.2829627Z copying build/lib/jev/serving.py -> build/bdist.linux-x86_64/wheel/./jev
2026-10-03T13:08:08.2831772Z copying build/lib/jev/mailroom_data.py -> build/bdist.linux-x86_64/wheel/./jev
2026-10-03T13:08:08.2834038Z copying build/lib/jev/case_entity_alignment.py -> build/bdist.linux-x86_64/wheel/./jev
2026-10-03T13:08:08.2836035Z copying build/lib/jev/case_wikiracing.py -> build/bdist.linux-x86_64/wheel/./jev
2026-10-03T13:08:08.2838300Z copying build/lib/jev/doom_control.py -> build/bdist.linux-x86_64/wheel/./jev
2026-10-03T13:08:08.2840275Z copying build/lib/jev/frontier_controls_v4.py -> build/bdist.linux-x86_64/wheel/./jev
2026-10-03T13:08:08.2842597Z copying build/lib/jev/fast_backend.py -> build/bdist.linux-x86_64/wheel/./jev
2026-10-03T13:08:08.2844560Z copying build/lib/jev/case_browser.py -> build/bdist.linux-x86_64/wheel/./jev
2026-10-03T13:08:08.2846990Z copying build/lib/jev/prefix_cache.py -> build/bdist.linux-x86_64/wheel/./jev
2026-10-03T13:08:08.2848951Z copying build/lib/jev/case_sponsor_segments.py -> build/bdist.linux-x86_64/wheel/./jev
2026-10-03T13:08:08.2851435Z copying build/lib/jev/wanli_data.py -> build/bdist.linux-x86_64/wheel/./jev
2026-10-03T13:08:08.2853920Z copying build/lib/jev/model.py -> build/bdist.linux-x86_64/wheel/./jev
2026-10-03T13:08:08.2856868Z creating build/bdist.linux-x86_64/wheel/jev/kernels
2026-10-03T13:08:08.2858683Z copying build/lib/jev/kernels/triton_tail.py -> build/bdist.linux-x86_64/wheel/./jev/kernels
2026-10-03T13:08:08.2860774Z copying build/lib/jev/kernels/final_score.py -> build/bdist.linux-x86_64/wheel/./jev/kernels
2026-10-03T13:08:08.2863588Z copying build/lib/jev/kernels/__init__.py -> build/bdist.linux-x86_64/wheel/./jev/kernels
2026-10-03T13:08:08.2865243Z copying build/lib/jev/case_drone.py -> build/bdist.linux-x86_64/wheel/./jev
2026-10-03T13:08:08.2867848Z copying build/lib/jev/case_reasoning.py -> build/bdist.linux-x86_64/wheel/./jev
2026-10-03T13:08:08.2869825Z copying build/lib/jev/case_phone_extraction.py -> build/bdist.linux-x86_64/wheel/./jev
2026-10-03T13:08:08.2872232Z copying build/lib/jev/workflows.py -> build/bdist.linux-x86_64/wheel/./jev
2026-10-03T13:08:08.2874580Z copying build/lib/jev/games.py -> build/bdist.linux-x86_64/wheel/./jev
2026-10-03T13:08:08.2877270Z copying build/lib/jev/predict.py -> build/bdist.linux-x86_64/wheel/./jev
2026-10-03T13:08:08.2879025Z copying build/lib/jev/recipes.py -> build/bdist.linux-x86_64/wheel/./jev
2026-10-03T13:08:08.2881406Z copying build/lib/jev/shared_resources.py -> build/bdist.linux-x86_64/wheel/./jev
2026-10-03T13:08:08.2884010Z copying build/lib/jev/client.py -> build/bdist.linux-x86_64/wheel/./jev
2026-10-03T13:08:08.2885860Z copying build/lib/jev/train.py -> build/bdist.linux-x86_64/wheel/./jev
2026-10-03T13:08:08.2888618Z copying build/lib/jev/community.py -> build/bdist.linux-x86_64/wheel/./jev
2026-10-03T13:08:08.2890634Z copying build/lib/jev/policy_controls_v6.py -> build/bdist.linux-x86_64/wheel/./jev
2026-10-03T13:08:08.2893073Z copying build/lib/jev/inference_initialization.py -> build/bdist.linux-x86_64/wheel/./jev
2026-10-03T13:08:08.2895063Z copying build/lib/jev/community_routing_v3.py -> build/bdist.linux-x86_64/wheel/./jev
2026-10-03T13:08:08.2897396Z copying build/lib/jev/__init__.py -> build/bdist.linux-x86_64/wheel/./jev
2026-10-03T13:08:08.2899402Z copying build/lib/jev/case_email_selection.py -> build/bdist.linux-x86_64/wheel/./jev
2026-10-03T13:08:08.2901998Z copying build/lib/jev/eval_resources.py -> build/bdist.linux-x86_64/wheel/./jev
2026-10-03T13:08:08.2904554Z copying build/lib/jev/case_citation.py -> build/bdist.linux-x86_64/wheel/./jev
2026-10-03T13:08:08.2906497Z copying build/lib/jev/case_amount_extraction.py -> build/bdist.linux-x86_64/wheel/./jev
2026-10-03T13:08:08.2909027Z copying build/lib/jev/eval_frontier.py -> build/bdist.linux-x86_64/wheel/./jev
2026-10-03T13:08:08.2911078Z copying build/lib/jev/api.py -> build/bdist.linux-x86_64/wheel/./jev
2026-10-03T13:08:08.2913671Z copying build/lib/jev/mix_data.py -> build/bdist.linux-x86_64/wheel/./jev
2026-10-03T13:08:08.2915532Z copying build/lib/jev/data.py -> build/bdist.linux-x86_64/wheel/./jev
2026-10-03T13:08:08.2918229Z copying build/lib/jev/frontier_controls_v8.py -> build/bdist.linux-x86_64/wheel/./jev
2026-10-03T13:08:08.2920276Z copying build/lib/jev/train_distributed.py -> build/bdist.linux-x86_64/wheel/./jev
2026-10-03T13:08:08.2923702Z creating build/bdist.linux-x86_64/wheel/third_party
2026-10-03T13:08:08.2926131Z creating build/bdist.linux-x86_64/wheel/third_party/open_jev_fast
2026-10-03T13:08:08.2928088Z copying build/lib/third_party/open_jev_fast/LICENSE -> build/bdist.linux-x86_64/wheel/./third_party/open_jev_fast
2026-10-03T13:08:08.2930590Z copying build/lib/third_party/open_jev_fast/PROVENANCE.json -> build/bdist.linux-x86_64/wheel/./third_party/open_jev_fast
2026-10-03T13:08:08.2932808Z creating build/bdist.linux-x86_64/wheel/third_party/open_jev_fast/src
2026-10-03T13:08:08.2934942Z copying build/lib/third_party/open_jev_fast/src/fastmodel.py -> build/bdist.linux-x86_64/wheel/./third_party/open_jev_fast/src
2026-10-03T13:08:08.2937110Z copying build/lib/third_party/open_jev_fast/src/ext.py -> build/bdist.linux-x86_64/wheel/./third_party/open_jev_fast/src
2026-10-03T13:08:08.2939118Z copying build/lib/third_party/open_jev_fast/src/lt_ext.py -> build/bdist.linux-x86_64/wheel/./third_party/open_jev_fast/src
2026-10-03T13:08:08.2941083Z copying build/lib/third_party/open_jev_fast/src/kernels.cu -> build/bdist.linux-x86_64/wheel/./third_party/open_jev_fast/src
2026-10-03T13:08:08.2945406Z copying build/lib/third_party/open_jev_fast/src/lt.cpp -> build/bdist.linux-x86_64/wheel/./third_party/open_jev_fast/src
2026-10-03T13:08:08.2947183Z copying build/lib/third_party/open_jev_fast/src/__init__.py -> build/bdist.linux-x86_64/wheel/./third_party/open_jev_fast/src
2026-10-03T13:08:08.2949174Z copying build/lib/third_party/open_jev_fast/THIRD_PARTY_NOTICES.md -> build/bdist.linux-x86_64/wheel/./third_party/open_jev_fast
2026-10-03T13:08:08.2951075Z copying build/lib/third_party/open_jev_fast/__init__.py -> build/bdist.linux-x86_64/wheel/./third_party/open_jev_fast
2026-10-03T13:08:08.2953095Z copying build/lib/third_party/__init__.py -> build/bdist.linux-x86_64/wheel/./third_party
2026-10-03T13:08:08.2954555Z running install_egg_info
2026-10-03T13:08:08.2966098Z Copying open_jev.egg-info to build/bdist.linux-x86_64/wheel/./open_jev-0.1.0.dev0-py3.10.egg-info
2026-10-03T13:08:08.2975365Z running install_scripts
2026-10-03T13:08:08.2987178Z creating build/bdist.linux-x86_64/wheel/open_jev-0.1.0.dev0.dist-info/WHEEL
2026-10-03T13:08:08.2992161Z creating '/home/runner/work/Open-Jev/Open-Jev/dist/.tmp-9qj006t3/open_jev-0.1.0.dev0-py3-none-any.whl' and adding 'build/bdist.linux-x86_64/wheel' to it
2026-10-03T13:08:08.2996341Z adding 'jev/__init__.py'
2026-10-03T13:08:08.3000704Z adding 'jev/api.py'
2026-10-03T13:08:08.3009102Z adding 'jev/boundary_controls_v7.py'
2026-10-03T13:08:08.3019410Z adding 'jev/case_amount_extraction.py'
2026-10-03T13:08:08.3027693Z adding 'jev/case_browser.py'
2026-10-03T13:08:08.3033489Z adding 'jev/case_citation.py'
2026-10-03T13:08:08.3040384Z adding 'jev/case_customer.py'
2026-10-03T13:08:08.3047026Z adding 'jev/case_doom.py'
2026-10-03T13:08:08.3055141Z adding 'jev/case_drone.py'
2026-10-03T13:08:08.3061789Z adding 'jev/case_email_selection.py'
2026-10-03T13:08:08.3068833Z adding 'jev/case_entity_alignment.py'
2026-10-03T13:08:08.3078018Z adding 'jev/case_phone_extraction.py'
2026-10-03T13:08:08.3085530Z adding 'jev/case_reasoning.py'
2026-10-03T13:08:08.3091529Z adding 'jev/case_sponsor_segments.py'
2026-10-03T13:08:08.3098199Z adding 'jev/case_wikiracing.py'
2026-10-03T13:08:08.3105746Z adding 'jev/case_workflows.py'
2026-10-03T13:08:08.3108438Z adding 'jev/client.py'
2026-10-03T13:08:08.3118156Z adding 'jev/community.py'
2026-10-03T13:08:08.3140681Z adding 'jev/community_diversity_v2.py'
2026-10-03T13:08:08.3148497Z adding 'jev/community_routing_v3.py'
2026-10-03T13:08:08.3161309Z adding 'jev/community_workflow_v3.py'
2026-10-03T13:08:08.3168052Z adding 'jev/context_retention_data.py'
2026-10-03T13:08:08.3176865Z adding 'jev/data.py'
2026-10-03T13:08:08.3180376Z adding 'jev/doom_control.py'
2026-10-03T13:08:08.3188569Z adding 'jev/eval_frontier.py'
2026-10-03T13:08:08.3195055Z adding 'jev/eval_resources.py'
2026-10-03T13:08:08.3199741Z adding 'jev/fast_backend.py'
2026-10-03T13:08:08.3204988Z adding 'jev/frontier_controls_v4.py'
2026-10-03T13:08:08.3214735Z adding 'jev/frontier_controls_v8.py'
2026-10-03T13:08:08.3218450Z adding 'jev/game_cli.py'
2026-10-03T13:08:08.3234905Z adding 'jev/games.py'
2026-10-03T13:08:08.3239455Z adding 'jev/inference_initialization.py'
2026-10-03T13:08:08.3244541Z adding 'jev/ir_data.py'
2026-10-03T13:08:08.3250311Z adding 'jev/ir_eval.py'
2026-10-03T13:08:08.3256850Z adding 'jev/mailroom_audit.py'
2026-10-03T13:08:08.3264256Z adding 'jev/mailroom_data.py'
2026-10-03T13:08:08.3268239Z adding 'jev/mailroom_probe.py'
2026-10-03T13:08:08.3272914Z adding 'jev/metrics.py'
2026-10-03T13:08:08.3275795Z adding 'jev/mix_data.py'
2026-10-03T13:08:08.3281896Z adding 'jev/model.py'
2026-10-03T13:08:08.3287624Z adding 'jev/painting.py'
2026-10-03T13:08:08.3293623Z adding 'jev/policy_controls_v6.py'
2026-10-03T13:08:08.3296643Z adding 'jev/predict.py'
2026-10-03T13:08:08.3303248Z adding 'jev/prefix_cache.py'
2026-10-03T13:08:08.3306869Z adding 'jev/public_data.py'
2026-10-03T13:08:08.3312614Z adding 'jev/recipes.py'
2026-10-03T13:08:08.3316491Z adding 'jev/server.py'
2026-10-03T13:08:08.3320512Z adding 'jev/serving.py'
2026-10-03T13:08:08.3326035Z adding 'jev/sharded_model.py'
2026-10-03T13:08:08.3334461Z adding 'jev/shared_resources.py'
2026-10-03T13:08:08.3340711Z adding 'jev/silent_failure_data.py'
2026-10-03T13:08:08.3351486Z adding 'jev/sql_semantics_v3.py'
2026-10-03T13:08:08.3355508Z adding 'jev/temporal_windows_v5.py'
2026-10-03T13:08:08.3366185Z adding 'jev/train.py'
2026-10-03T13:08:08.3378472Z adding 'jev/train_distributed.py'
2026-10-03T13:08:08.3383053Z adding 'jev/wanli_data.py'
2026-10-03T13:08:08.3391972Z adding 'jev/workflows.py'
2026-10-03T13:08:08.3395087Z adding 'jev/kernels/__init__.py'
2026-10-03T13:08:08.3398125Z adding 'jev/kernels/final_score.py'
2026-10-03T13:08:08.3401045Z adding 'jev/kernels/triton_tail.py'
2026-10-03T13:08:08.3405965Z adding 'open_jev-0.1.0.dev0.dist-info/licenses/LICENSE'
2026-10-03T13:08:08.3408557Z adding 'third_party/__init__.py'
2026-10-03T13:08:08.3411608Z adding 'third_party/open_jev_fast/LICENSE'
2026-10-03T13:08:08.3414703Z adding 'third_party/open_jev_fast/PROVENANCE.json'
2026-10-03T13:08:08.3418810Z adding 'third_party/open_jev_fast/THIRD_PARTY_NOTICES.md'
2026-10-03T13:08:08.3421171Z adding 'third_party/open_jev_fast/__init__.py'
2026-10-03T13:08:08.3424219Z adding 'third_party/open_jev_fast/src/__init__.py'
2026-10-03T13:08:08.3427609Z adding 'third_party/open_jev_fast/src/ext.py'
2026-10-03T13:08:08.3438287Z adding 'third_party/open_jev_fast/src/fastmodel.py'
2026-10-03T13:08:08.3490440Z adding 'third_party/open_jev_fast/src/kernels.cu'
2026-10-03T13:08:08.3496723Z adding 'third_party/open_jev_fast/src/lt.cpp'
2026-10-03T13:08:08.3499486Z adding 'third_party/open_jev_fast/src/lt_ext.py'
2026-10-03T13:08:08.3511563Z adding 'open_jev-0.1.0.dev0.dist-info/METADATA'
2026-10-03T13:08:08.3513826Z adding 'open_jev-0.1.0.dev0.dist-info/WHEEL'
2026-10-03T13:08:08.3515516Z adding 'open_jev-0.1.0.dev0.dist-info/entry_points.txt'
2026-10-03T13:08:08.3517137Z adding 'open_jev-0.1.0.dev0.dist-info/top_level.txt'
2026-10-03T13:08:08.3522099Z adding 'open_jev-0.1.0.dev0.dist-info/RECORD'
2026-10-03T13:08:08.3526068Z removing build/bdist.linux-x86_64/wheel
2026-10-03T13:08:08.3908465Z Successfully built open_jev-0.1.0.dev0-py3-none-any.whl
2026-10-03T13:08:08.4089185Z ##[group]Run python - <<'PY'
2026-10-03T13:08:08.4089520Z [36;1mpython - <<'PY'[0m
2026-10-03T13:08:08.4089773Z [36;1mfrom pathlib import Path[0m
2026-10-03T13:08:08.4090046Z [36;1mfrom zipfile import ZipFile[0m
2026-10-03T13:08:08.4090364Z [36;1mwheel = next(Path('dist').glob('*.whl'))[0m
2026-10-03T13:08:08.4090658Z [36;1mrequired = {[0m
2026-10-03T13:08:08.4090914Z [36;1m    'jev/kernels/triton_tail.py',[0m
2026-10-03T13:08:08.4091255Z [36;1m    'third_party/open_jev_fast/src/fastmodel.py',[0m
2026-10-03T13:08:08.4091613Z [36;1m    'third_party/open_jev_fast/src/kernels.cu',[0m
2026-10-03T13:08:08.4092229Z [36;1m    'third_party/open_jev_fast/src/lt.cpp',[0m
2026-10-03T13:08:08.4092546Z [36;1m    'third_party/open_jev_fast/LICENSE',[0m
2026-10-03T13:08:08.4092873Z [36;1m    'third_party/open_jev_fast/PROVENANCE.json',[0m
2026-10-03T13:08:08.4093239Z [36;1m    'third_party/open_jev_fast/THIRD_PARTY_NOTICES.md',[0m
2026-10-03T13:08:08.4093594Z [36;1m}[0m
2026-10-03T13:08:08.4093806Z [36;1mwith ZipFile(wheel) as package:[0m
2026-10-03T13:08:08.4094229Z [36;1m    assert required <= set(package.namelist()), required - set(package.namelist())[0m
2026-10-03T13:08:08.4094653Z [36;1mPY[0m
2026-10-03T13:08:08.4158207Z shell: /usr/bin/bash -e {0}
2026-10-03T13:08:08.4158452Z env:
2026-10-03T13:08:08.4158716Z   pythonLocation: /opt/hostedtoolcache/Python/3.10.21/x64
2026-10-03T13:08:08.4159169Z   PKG_CONFIG_PATH: /opt/hostedtoolcache/Python/3.10.21/x64/lib/pkgconfig
2026-10-03T13:08:08.4159614Z   Python_ROOT_DIR: /opt/hostedtoolcache/Python/3.10.21/x64
2026-10-03T13:08:08.4159998Z   Python2_ROOT_DIR: /opt/hostedtoolcache/Python/3.10.21/x64
2026-10-03T13:08:08.4160396Z   Python3_ROOT_DIR: /opt/hostedtoolcache/Python/3.10.21/x64
2026-10-03T13:08:08.4160788Z   LD_LIBRARY_PATH: /opt/hostedtoolcache/Python/3.10.21/x64/lib
2026-10-03T13:08:08.4161112Z ##[endgroup]
2026-10-03T13:08:08.4639176Z Post job cleanup.
2026-10-03T13:08:08.5870536Z (node:3301) [DEP0040] DeprecationWarning: The `punycode` module is deprecated. Please use a userland alternative instead.
2026-10-03T13:08:08.5871491Z (Use `node --trace-deprecation ...` to show where the warning was created)
2026-10-03T13:08:08.6104656Z Post job cleanup.
2026-10-03T13:08:08.7006437Z [command]/usr/bin/git version
2026-10-03T13:08:08.7054825Z git version 2.55.0
2026-10-03T13:08:08.7106685Z Temporarily overriding HOME='/home/runner/work/_temp/80026547-4094-4b30-9579-11ae7db85d83' before making global git config changes
2026-10-03T13:08:08.7108359Z Adding repository directory to the temporary git global config as a safe directory
2026-10-03T13:08:08.7114819Z [command]/usr/bin/git config --global --add safe.directory /home/runner/work/Open-Jev/Open-Jev
2026-10-03T13:08:08.7162525Z [command]/usr/bin/git config --local --name-only --get-regexp core\.sshCommand
2026-10-03T13:08:08.7214038Z [command]/usr/bin/git submodule foreach --recursive sh -c "git config --local --name-only --get-regexp 'core\.sshCommand' && git config --local --unset-all 'core.sshCommand' || :"
2026-10-03T13:08:08.7535663Z [command]/usr/bin/git config --local --name-only --get-regexp http\.https\:\/\/github\.com\/\.extraheader
2026-10-03T13:08:08.7587362Z http.https://github.com/.extraheader
2026-10-03T13:08:08.7603338Z [command]/usr/bin/git config --local --unset-all http.https://github.com/.extraheader
2026-10-03T13:08:08.7662251Z [command]/usr/bin/git submodule foreach --recursive sh -c "git config --local --name-only --get-regexp 'http\.https\:\/\/github\.com\/\.extraheader' && git config --local --unset-all 'http.https://github.com/.extraheader' || :"
2026-10-03T13:08:08.7941124Z [command]/usr/bin/git config --local --name-only --get-regexp ^includeIf\.gitdir:
2026-10-03T13:08:08.7984427Z [command]/usr/bin/git submodule foreach --recursive git config --local --show-origin --name-only --get-regexp remote.origin.url
2026-10-03T13:08:08.8514996Z Cleaning up orphan processes
2026-10-03T13:08:08.8906841Z ##[warning]Node.js 20 is deprecated. The following actions target Node.js 20 but are being forced to run on Node.js 24: actions/checkout@v4, actions/setup-python@v5. For more information see: https://github.blog/changelog/2025-09-19-deprecation-of-node-20-on-github-actions-runners/
