package,future,year,co2_rel,car_share,bus_share,bike_share,ev_fleet_share,meets_target
no_policy,0,2025,1.0,0.6782,0.1006,0.2212,0.2825,True
no_policy,0,2026,0.9275,0.6793,0.1002,0.2205,0.3171,True
no_policy,0,2027,0.8377,0.6802,0.0999,0.2199,0.3577,True
no_policy,0,2028,0.761,0.6809,0.0996,0.2195,0.4065,True
no_policy,0,2029,0.7252,0.6821,0.099,0.2189,0.439,True
no_policy,0,2030,0.6484,0.6833,0.0985,0.2183,0.4858,True
no_policy,0,2031,0.6022,0.6847,0.0979,0.2174,0.5122,True
no_policy,0,2032,0.561,0.6864,0.0973,0.2164,0.5346,True
no_policy,0,2033,0.5318,0.6879,0.0967,0.2154,0.5488,True
no_policy,0,2034,0.4981,0.6895,0.0961,0.2143,0.5691,True
no_policy,0,2035,0.4714,0.691,0.0956,0.2134,0.5996,True
no_policy,0,2036,0.4202,0.6926,0.095,0.2124,0.6321,True
no_policy,0,2037,0.4012,0.6945,0.0943,0.2112,0.6463,True
no_policy,0,2038,0.3507,0.6965,0.0935,0.21,0.6707,True
no_policy,0,2039,0.3265,0.6982,0.0928,0.2089,0.6951,True
no_policy,0,2040,0.292,0.7003,0.092,0.2077,0.7215,True
no_policy,0,2041,0.2781,0.7025,0.0912,0.2063,0.7358,True
no_policy,0,2042,0.2547,0.7044,0.0905,0.2051,0.7663,True
no_policy,0,2043,0.2406,0.7068,0.0896,0.2036,0.7805,True
no_policy,0,2044,0.2274,0.7091,0.0887,0.2022,0.7967,True
no_policy,0,2045,0.2111,0.7117,0.0877,0.2005,0.8069,True
no_policy,0,2046,0.1966,0.7141,0.0869,0.199,0.8272,True
no_policy,0,2047,0.1844,0.7167,0.086,0.1973,0.8354,True
no_policy,0,2048,0.1702,0.7191,0.0851,0.1958,0.8577,True
no_policy,0,2049,0.1654,0.7218,0.0841,0.1941,0.8598,True
no_policy,0,2050,0.1561,0.7245,0.0831,0.1924,0.872,True
no_policy,1,2025,1.0,0.679,0.1003,0.2207,0.2642,False
no_policy,1,2026,0.9705,0.6776,0.1009,0.2215,0.2663,False
no_policy,1,2027,0.9564,0.6764,0.1013,0.2223,0.2642,False
no_policy,1,2028,0.9198,0.675,0.1018,0.2233,0.2744,False
no_policy,1,2029,0.9229,0.6733,0.1024,0.2242,0.2805,False
no_policy,1,2030,0.8492,0.6715,0.1031,0.2255,0.3211,False
no_policy,1,2031,0.8047,0.6695,0.1036,0.2269,0.3537,False
no_policy,1,2032,0.77,0.6681,0.1039,0.228,0.376,False
no_policy,1,2033,0.7324,0.6661,0.1043,0.2296,0.4085,False
no_policy,1,2034,0.6865,0.664,0.105,0.231,0.4512,False
no_policy,1,2035,0.6645,0.6622,0.1054,0.2324,0.4858,False
no_policy,1,2036,0.6105,0.6603,0.1059,0.2338,0.5285,False
no_policy,1,2037,0.5911,0.6587,0.1063,0.235,0.5569,False
no_policy,1,2038,0.5132,0.6574,0.1066,0.236,0.5894,False
no_policy,1,2039,0.4689,0.6557,0.1071,0.2372,0.624,False
no_policy,1,2040,0.4224,0.6543,0.1073,0.2384,0.6626,False
no_policy,1,2041,0.3991,0.6529,0.1077,0.2394,0.6911,False
no_policy,1,2042,0.3804,0.6517,0.1081,0.2403,0.7114,False
no_policy,1,2043,0.3628,0.6504,0.1084,0.2412,0.7337,False
no_policy,1,2044,0.3486,0.6491,0.1087,0.2422,0.7602,False
no_policy,1,2045,0.3209,0.6483,0.1089,0.2428,0.7744,False
no_policy,1,2046,0.3119,0.6474,0.1092,0.2435,0.7886,False
no_policy,1,2047,0.2864,0.6467,0.1094,0.244,0.7988,False
no_policy,1,2048,0.2659,0.6455,0.1097,0.2449,0.8272,False
no_policy,1,2049,0.2584,0.6449,0.1099,0.2453,0.8333,False
no_policy,1,2050,0.243,0.6441,0.11,0.2459,0.8496,False
no_policy,2,2025,1.0,0.6783,0.1006,0.2212,0.2703,False
no_policy,2,2026,0.9485,0.68,0.1,0.22,0.2866,False
no_policy,2,2027,0.9137,0.6817,0.0994,0.2188,0.2967,False
no_policy,2,2028,0.8556,0.6831,0.099,0.2179,0.3232,False
no_policy,2,2029,0.8104,0.6842,0.0985,0.2172,0.3659,False
no_policy,2,2030,0.723,0.6853,0.0981,0.2166,0.4207,False
no_policy,2,2031,0.6764,0.6865,0.0976,0.2159,0.4553,False
no_policy,2,2032,0.6376,0.6881,0.0969,0.2149,0.4797,False
no_policy,2,2033,0.6042,0.6894,0.0963,0.2143,0.5061,False
no_policy,2,2034,0.5707,0.6908,0.0958,0.2134,0.5305,False
no_policy,2,2035,0.5461,0.692,0.0953,0.2127,0.563,False
no_policy,2,2036,0.494,0.6932,0.0949,0.2119,0.6016,False
no_policy,2,2037,0.4731,0.6946,0.0943,0.2111,0.626,False
no_policy,2,2038,0.4058,0.6963,0.0936,0.2101,0.6524,False
no_policy,2,2039,0.3734,0.6975,0.0931,0.2094,0.685,False
no_policy,2,2040,0.3422,0.6991,0.0924,0.2085,0.7114,False
no_policy,2,2041,0.3269,0.7007,0.0918,0.2075,0.7276,False
no_policy,2,2042,0.3097,0.7024,0.0913,0.2063,0.7439,False
no_policy,2,2043,0.2931,0.7042,0.0906,0.2052,0.7622,False
no_policy,2,2044,0.2818,0.7058,0.09,0.2043,0.7825,False
no_policy,2,2045,0.2587,0.7077,0.0893,0.203,0.7927,False
no_policy,2,2046,0.2487,0.7095,0.0886,0.2019,0.8049,False
no_policy,2,2047,0.2374,0.7115,0.0879,0.2006,0.811,False
no_policy,2,2048,0.2178,0.7129,0.0873,0.1997,0.8374,False
no_policy,2,2049,0.213,0.7149,0.0866,0.1986,0.8394,False
no_policy,2,2050,0.2016,0.7168,0.0859,0.1974,0.8496,False
no_policy,3,2025,1.0,0.6794,0.1002,0.2204,0.2764,False
no_policy,3,2026,0.9815,0.6775,0.1008,0.2217,0.2805,False
no_policy,3,2027,0.9681,0.6754,0.1014,0.2232,0.2886,False
no_policy,3,2028,0.9529,0.6731,0.1022,0.2247,0.3008,False
no_policy,3,2029,0.9799,0.6708,0.103,0.2262,0.3049,False
no_policy,3,2030,0.9627,0.6685,0.1036,0.2278,0.3272,False
no_policy,3,2031,0.9401,0.6663,0.1043,0.2294,0.3435,False
no_policy,3,2032,0.9073,0.664,0.105,0.231,0.3659,False
no_policy,3,2033,0.8889,0.6617,0.1057,0.2326,0.376,False
no_policy,3,2034,0.8668,0.659,0.1065,0.2345,0.4024,False
no_policy,3,2035,0.8581,0.6566,0.1072,0.2362,0.4207,False
no_policy,3,2036,0.8068,0.6541,0.108,0.2379,0.4472,False
no_policy,3,2037,0.7922,0.6514,0.1089,0.2397,0.4675,False
no_policy,3,2038,0.7396,0.649,0.1096,0.2414,0.4858,False
no_policy,3,2039,0.6967,0.6462,0.1104,0.2434,0.5142,False
no_policy,3,2040,0.6489,0.6437,0.1111,0.2452,0.5386,False
no_policy,3,2041,0.6236,0.6414,0.1118,0.2467,0.5549,False
no_policy,3,2042,0.6025,0.6386,0.1128,0.2486,0.5772,False
no_policy,3,2043,0.576,0.6363,0.1135,0.2502,0.5935,False
no_policy,3,2044,0.5716,0.6339,0.1143,0.2519,0.6057,False
no_policy,3,2045,0.5413,0.6315,0.115,0.2535,0.6199,False
no_policy,3,2046,0.5128,0.6287,0.1158,0.2555,0.6463,False
no_policy,3,2047,0.4778,0.6263,0.1166,0.2572,0.6646,False
no_policy,3,2048,0.4596,0.6235,0.1173,0.2592,0.689,False
no_policy,3,2049,0.4524,0.621,0.1181,0.2609,0.7012,False
no_policy,3,2050,0.4504,0.6188,0.1188,0.2624,0.7033,False
no_policy,4,2025,1.0,0.6781,0.1006,0.2213,0.2785,False
no_policy,4,2026,0.9437,0.6774,0.1008,0.2218,0.2907,False
no_policy,4,2027,0.8969,0.6764,0.1011,0.2225,0.3089,False
no_policy,4,2028,0.8458,0.6752,0.1015,0.2234,0.3374,False
no_policy,4,2029,0.8001,0.6741,0.1017,0.2242,0.3679,False
no_policy,4,2030,0.747,0.6732,0.1019,0.2249,0.4004,False
no_policy,4,2031,0.7082,0.6725,0.1021,0.2255,0.4207,False
no_policy,4,2032,0.6644,0.6718,0.1022,0.226,0.4451,False
no_policy,4,2033,0.6343,0.6711,0.1023,0.2266,0.4573,False
no_policy,4,2034,0.5977,0.6703,0.1026,0.2271,0.4797,False
no_policy,4,2035,0.576,0.6697,0.1027,0.2276,0.5,False
no_policy,4,2036,0.5259,0.6691,0.1029,0.228,0.5285,False
no_policy,4,2037,0.5014,0.6683,0.1032,0.2286,0.5528,False
no_policy,4,2038,0.4525,0.6679,0.1033,0.2289,0.5691,False
no_policy,4,2039,0.4234,0.6671,0.1035,0.2294,0.6016,False
no_policy,4,2040,0.3863,0.6669,0.1034,0.2297,0.624,False
no_policy,4,2041,0.3691,0.6668,0.1034,0.2298,0.6341,False
no_policy,4,2042,0.349,0.6664,0.1035,0.2301,0.6565,False
no_policy,4,2043,0.3369,0.6664,0.1035,0.2301,0.6646,False
no_policy,4,2044,0.3279,0.6665,0.1034,0.2301,0.6768,False
no_policy,4,2045,0.3036,0.6666,0.1033,0.2301,0.6911,False
no_policy,4,2046,0.2834,0.6667,0.1032,0.2302,0.7134,False
no_policy,4,2047,0.2674,0.6671,0.103,0.2299,0.7236,False
no_policy,4,2048,0.2521,0.6672,0.1029,0.2299,0.748,False
no_policy,4,2049,0.2462,0.6678,0.1025,0.2297,0.7541,False
no_policy,4,2050,0.2408,0.6685,0.1022,0.2293,0.7561,False
no_policy,5,2025,1.0,0.6798,0.1001,0.2201,0.2744,False
no_policy,5,2026,0.9772,0.6811,0.0996,0.2193,0.2683,False
no_policy,5,2027,0.9592,0.6819,0.0993,0.2188,0.2724,False
no_policy,5,2028,0.9408,0.683,0.099,0.2181,0.2744,False
no_policy,5,2029,0.9421,0.6838,0.0988,0.2175,0.2744,False
no_policy,5,2030,0.9267,0.6846,0.0984,0.2169,0.2846,False
no_policy,5,2031,0.9016,0.6857,0.0981,0.2162,0.2866,False
no_policy,5,2032,0.8452,0.6862,0.0979,0.216,0.311,False
no_policy,5,2033,0.8126,0.6868,0.0976,0.2157,0.3272,False
no_policy,5,2034,0.7696,0.6866,0.0975,0.2159,0.3638,False
no_policy,5,2035,0.7436,0.687,0.0972,0.2158,0.3862,False
no_policy,5,2036,0.6863,0.6872,0.0971,0.2157,0.4187,False
no_policy,5,2037,0.6619,0.6872,0.0971,0.2158,0.4411,False
no_policy,5,2038,0.6065,0.6876,0.0967,0.2156,0.4654,False
no_policy,5,2039,0.5642,0.6875,0.0967,0.2157,0.4898,False
no_policy,5,2040,0.5198,0.688,0.0964,0.2155,0.5122,False
no_policy,5,2041,0.4919,0.6883,0.0963,0.2154,0.5346,False
no_policy,5,2042,0.4611,0.6879,0.0963,0.2157,0.5711,False
no_policy,5,2043,0.4384,0.6885,0.0961,0.2154,0.5854,False
no_policy,5,2044,0.4267,0.6888,0.0959,0.2153,0.6016,False
no_policy,5,2045,0.3976,0.6893,0.0957,0.2151,0.6199,False
no_policy,5,2046,0.3713,0.6894,0.0956,0.2151,0.6423,False
no_policy,5,2047,0.3488,0.6901,0.0953,0.2146,0.6565,False
no_policy,5,2048,0.3303,0.6902,0.0951,0.2147,0.6789,False
no_policy,5,2049,0.3278,0.691,0.0947,0.2142,0.6789,False
no_policy,5,2050,0.3219,0.6918,0.0944,0.2137,0.6829,False
no_policy,6,2025,1.0,0.6797,0.1001,0.2202,0.2764,True
no_policy,6,2026,0.9299,0.6779,0.1007,0.2214,0.3069,True
no_policy,6,2027,0.8477,0.6762,0.1013,0.2225,0.3435,True
no_policy,6,2028,0.7666,0.6739,0.1019,0.2242,0.3963,True
no_policy,6,2029,0.7264,0.6719,0.1024,0.2258,0.439,True
no_policy,6,2030,0.6417,0.6698,0.1029,0.2273,0.4939,True
no_policy,6,2031,0.5956,0.668,0.1034,0.2286,0.5264,True
no_policy,6,2032,0.5518,0.6665,0.1037,0.2297,0.5549,True
no_policy,6,2033,0.5202,0.6649,0.1042,0.2309,0.5793,True
no_policy,6,2034,0.4895,0.6635,0.1046,0.2319,0.6016,True
no_policy,6,2035,0.4634,0.6616,0.1051,0.2333,0.6382,True
no_policy,6,2036,0.4139,0.6599,0.1056,0.2345,0.6748,True
no_policy,6,2037,0.3979,0.6586,0.1059,0.2356,0.6951,True
no_policy,6,2038,0.3447,0.6573,0.1062,0.2366,0.7236,True
no_policy,6,2039,0.321,0.6557,0.1066,0.2377,0.75,True
no_policy,6,2040,0.2949,0.6544,0.1069,0.2387,0.7724,True
no_policy,6,2041,0.2846,0.6534,0.1072,0.2394,0.7825,True
no_policy,6,2042,0.2669,0.6521,0.1076,0.2402,0.8049,True
no_policy,6,2043,0.2536,0.651,0.108,0.241,0.8211,True
no_policy,6,2044,0.244,0.65,0.1083,0.2417,0.8354,True
no_policy,6,2045,0.228,0.6491,0.1085,0.2424,0.8476,True
no_policy,6,2046,0.2177,0.6481,0.1089,0.243,0.8618,True
no_policy,6,2047,0.2115,0.6472,0.1092,0.2436,0.8679,True
no_policy,6,2048,0.1966,0.6459,0.1095,0.2446,0.8923,True
no_policy,6,2049,0.1949,0.6452,0.1097,0.245,0.8923,True
no_policy,6,2050,0.1874,0.6444,0.11,0.2456,0.9004,True
no_policy,7,2025,1.0,0.6795,0.1002,0.2203,0.2764,False
no_policy,7,2026,0.9724,0.6785,0.1005,0.221,0.2703,False
no_policy,7,2027,0.9519,0.6772,0.101,0.2218,0.2703,False
no_policy,7,2028,0.9382,0.6759,0.1015,0.2226,0.2683,False
no_policy,7,2029,0.9515,0.6746,0.1021,0.2233,0.2642,False
no_policy,7,2030,0.943,0.6737,0.1025,0.2238,0.2541,False
no_policy,7,2031,0.9148,0.6726,0.1029,0.2244,0.2541,False
no_policy,7,2032,0.8758,0.6714,0.1033,0.2253,0.2642,False
no_policy,7,2033,0.8443,0.67,0.1037,0.2263,0.2744,False
no_policy,7,2034,0.8054,0.6683,0.1043,0.2274,0.2967,False
no_policy,7,2035,0.7756,0.6668,0.1048,0.2284,0.3191,False
no_policy,7,2036,0.7206,0.6655,0.1049,0.2295,0.3476,False
no_policy,7,2037,0.6949,0.6639,0.1055,0.2306,0.3699,False
no_policy,7,2038,0.6325,0.6623,0.106,0.2317,0.4045,False
no_policy,7,2039,0.5882,0.6608,0.1064,0.2328,0.435,False
no_policy,7,2040,0.5417,0.6597,0.1065,0.2338,0.4614,False
no_policy,7,2041,0.5129,0.6585,0.1069,0.2346,0.4817,False
no_policy,7,2042,0.4867,0.6571,0.1074,0.2355,0.5102,False
no_policy,7,2043,0.4589,0.6561,0.1076,0.2363,0.5285,False
no_policy,7,2044,0.4451,0.6551,0.1077,0.2372,0.5467,False
no_policy,7,2045,0.4137,0.6543,0.1078,0.238,0.5691,False
no_policy,7,2046,0.3883,0.6532,0.1081,0.2387,0.5976,False
no_policy,7,2047,0.3538,0.6525,0.1083,0.2393,0.622,False
no_policy,7,2048,0.3366,0.6516,0.1086,0.2399,0.6443,False
no_policy,7,2049,0.3185,0.6508,0.1088,0.2404,0.6626,False
no_policy,7,2050,0.3118,0.6501,0.109,0.2409,0.6667,False
no_policy,8,2025,1.0,0.6792,0.1003,0.2205,0.2744,False
no_policy,8,2026,0.9449,0.6775,0.1008,0.2217,0.2947,False
no_policy,8,2027,0.871,0.6758,0.1013,0.2229,0.3252,False
no_policy,8,2028,0.8229,0.6739,0.1018,0.2243,0.3557,False
no_policy,8,2029,0.814,0.672,0.1025,0.2256,0.3801,False
no_policy,8,2030,0.7465,0.6702,0.103,0.2268,0.4167,False
no_policy,8,2031,0.7193,0.6687,0.1034,0.2278,0.4309,False
no_policy,8,2032,0.6801,0.6674,0.1038,0.2288,0.4512,False
no_policy,8,2033,0.6473,0.6658,0.1042,0.23,0.4695,False
no_policy,8,2034,0.6164,0.6642,0.1048,0.231,0.4837,False
no_policy,8,2035,0.6016,0.6628,0.1051,0.2321,0.5,False
no_policy,8,2036,0.5493,0.6611,0.1056,0.2333,0.5325,False
no_policy,8,2037,0.5315,0.6595,0.1061,0.2344,0.5488,False
no_policy,8,2038,0.4795,0.6581,0.1064,0.2355,0.5691,False
no_policy,8,2039,0.4414,0.6563,0.1071,0.2366,0.5915,False
no_policy,8,2040,0.4086,0.655,0.1074,0.2376,0.6098,False
no_policy,8,2041,0.3925,0.6535,0.1078,0.2386,0.628,False
no_policy,8,2042,0.37,0.6518,0.1084,0.2398,0.6545,False
no_policy,8,2043,0.3612,0.6506,0.1087,0.2406,0.6626,False
no_policy,8,2044,0.3563,0.6495,0.1091,0.2415,0.6707,False
no_policy,8,2045,0.3331,0.6483,0.1094,0.2423,0.6829,False
no_policy,8,2046,0.3247,0.6471,0.1097,0.2432,0.6951,False
no_policy,8,2047,0.3099,0.6462,0.1099,0.2439,0.7033,False
no_policy,8,2048,0.2996,0.645,0.1102,0.2448,0.7154,False
no_policy,8,2049,0.2988,0.6441,0.1104,0.2455,0.7114,False
no_policy,8,2050,0.2927,0.6431,0.1107,0.2463,0.7195,False
no_policy,9,2025,1.0,0.6796,0.1001,0.2202,0.2764,False
no_policy,9,2026,0.967,0.6828,0.099,0.2182,0.2744,False
no_policy,9,2027,0.9412,0.6856,0.098,0.2164,0.2805,False
no_policy,9,2028,0.9026,0.6885,0.097,0.2144,0.2886,False
no_policy,9,2029,0.8987,0.6914,0.0961,0.2125,0.2886,False
no_policy,9,2030,0.8756,0.6942,0.0951,0.2107,0.3008,False
no_policy,9,2031,0.8365,0.6968,0.0941,0.2091,0.315,False
no_policy,9,2032,0.7874,0.6993,0.0931,0.2075,0.3394,False
no_policy,9,2033,0.7513,0.702,0.0922,0.2058,0.3537,False
no_policy,9,2034,0.7085,0.7043,0.0913,0.2044,0.3821,False
no_policy,9,2035,0.6792,0.7068,0.0903,0.2029,0.4024,False
no_policy,9,2036,0.6215,0.7091,0.0894,0.2015,0.4329,False
no_policy,9,2037,0.5946,0.7112,0.0887,0.2002,0.4533,False
no_policy,9,2038,0.5436,0.7136,0.0877,0.1987,0.4736,False
no_policy,9,2039,0.5008,0.7156,0.087,0.1974,0.498,False
no_policy,9,2040,0.4572,0.7181,0.086,0.1959,0.5203,False
no_policy,9,2041,0.4299,0.7204,0.0852,0.1944,0.5407,False
no_policy,9,2042,0.4017,0.7224,0.0845,0.1932,0.5691,False
no_policy,9,2043,0.3784,0.7248,0.0836,0.1916,0.5833,False
no_policy,9,2044,0.3636,0.7271,0.0827,0.1902,0.5996,False
no_policy,9,2045,0.3392,0.7296,0.0818,0.1886,0.6118,False
no_policy,9,2046,0.3119,0.7316,0.0811,0.1874,0.6382,False
no_policy,9,2047,0.2845,0.7341,0.0802,0.1858,0.6545,False
no_policy,9,2048,0.2666,0.7361,0.0794,0.1845,0.6748,False
no_policy,9,2049,0.2538,0.7385,0.0786,0.1829,0.685,False
no_policy,9,2050,0.2464,0.741,0.0777,0.1813,0.689,False
no_policy,10,2025,1.0,0.6796,0.1001,0.2202,0.2724,False
no_policy,10,2026,0.9723,0.6764,0.1013,0.2224,0.2663,False
no_policy,10,2027,0.9549,0.673,0.1024,0.2245,0.2622,False
no_policy,10,2028,0.9205,0.6695,0.1037,0.2268,0.2642,False
no_policy,10,2029,0.9189,0.6658,0.1051,0.2292,0.2642,False
no_policy,10,2030,0.8942,0.6622,0.1063,0.2315,0.2683,False
no_policy,10,2031,0.8633,0.6585,0.1076,0.2339,0.2744,False
no_policy,10,2032,0.8201,0.6547,0.1088,0.2365,0.2927,False
no_policy,10,2033,0.7834,0.6506,0.1102,0.2392,0.3089,False
no_policy,10,2034,0.7417,0.6461,0.1117,0.2422,0.3415,False
no_policy,10,2035,0.7134,0.642,0.1131,0.2449,0.3659,False
no_policy,10,2036,0.6587,0.6382,0.1139,0.2479,0.4045,False
no_policy,10,2037,0.6317,0.6338,0.1154,0.2508,0.435,False
no_policy,10,2038,0.5676,0.6297,0.1167,0.2537,0.4715,False
no_policy,10,2039,0.5235,0.6256,0.1178,0.2566,0.5102,False
no_policy,10,2040,0.4772,0.6218,0.1188,0.2594,0.5447,False
no_policy,10,2041,0.4558,0.6176,0.1202,0.2622,0.5732,False
no_policy,10,2042,0.4297,0.6133,0.1216,0.2651,0.6098,False
no_policy,10,2043,0.4005,0.6094,0.1227,0.2679,0.6362,False
no_policy,10,2044,0.3839,0.6053,0.124,0.2707,0.6646,False
no_policy,10,2045,0.358,0.6015,0.1251,0.2734,0.6829,False
no_policy,10,2046,0.3371,0.5974,0.1265,0.2761,0.7114,False
no_policy,10,2047,0.3072,0.5938,0.1276,0.2786,0.7297,False
no_policy,10,2048,0.2922,0.5896,0.1291,0.2814,0.7602,False
no_policy,10,2049,0.2878,0.5856,0.1305,0.284,0.7683,False
no_policy,10,2050,0.2847,0.5816,0.1319,0.2865,0.7724,False
no_policy,11,2025,1.0,0.679,0.1003,0.2207,0.2744,False
no_policy,11,2026,0.9854,0.6789,0.1004,0.2207,0.2683,False
no_policy,11,2027,0.9793,0.6787,0.1004,0.2209,0.2663,False
no_policy,11,2028,0.9547,0.6782,0.1006,0.2212,0.2744,False
no_policy,11,2029,0.9658,0.6777,0.1009,0.2215,0.2764,False
no_policy,11,2030,0.9541,0.6772,0.101,0.2218,0.2927,False
no_policy,11,2031,0.9257,0.6766,0.1011,0.2223,0.3089,False
no_policy,11,2032,0.8856,0.676,0.1012,0.2228,0.3374,False
no_policy,11,2033,0.8553,0.6752,0.1013,0.2235,0.3557,False
no_policy,11,2034,0.8228,0.6744,0.1016,0.2241,0.3801,False
no_policy,11,2035,0.8043,0.6738,0.1016,0.2245,0.3984,False
no_policy,11,2036,0.7497,0.673,0.1018,0.2251,0.4309,False
no_policy,11,2037,0.7293,0.6721,0.1021,0.2258,0.4553,False
no_policy,11,2038,0.6713,0.6715,0.1022,0.2263,0.4776,False
no_policy,11,2039,0.6292,0.6706,0.1026,0.2268,0.5,False
no_policy,11,2040,0.5819,0.67,0.1027,0.2273,0.5224,False
no_policy,11,2041,0.5491,0.6693,0.1028,0.2279,0.5528,False
no_policy,11,2042,0.5206,0.6683,0.1031,0.2287,0.5854,False
no_policy,11,2043,0.4976,0.6678,0.1032,0.229,0.5996,False
no_policy,11,2044,0.4922,0.6674,0.1032,0.2294,0.6118,False
no_policy,11,2045,0.4632,0.667,0.1033,0.2297,0.626,False
no_policy,11,2046,0.4389,0.6665,0.1033,0.2301,0.6463,False
no_policy,11,2047,0.4049,0.6665,0.1033,0.2302,0.6585,False
no_policy,11,2048,0.3922,0.6661,0.1033,0.2306,0.6728,False
no_policy,11,2049,0.3957,0.666,0.1032,0.2308,0.6707,False
no_policy,11,2050,0.3903,0.6657,0.1033,0.231,0.6768,False
no_policy,12,2025,1.0,0.6795,0.1002,0.2203,0.2703,False
no_policy,12,2026,0.9872,0.6799,0.1,0.2201,0.2642,False
no_policy,12,2027,0.9869,0.6802,0.0999,0.2198,0.2541,False
no_policy,12,2028,0.9867,0.6802,0.1,0.2198,0.252,False
no_policy,12,2029,1.0029,0.6803,0.1001,0.2196,0.2439,False
no_policy,12,2030,1.006,0.6808,0.1001,0.2191,0.2317,False
no_policy,12,2031,1.0018,0.6812,0.1,0.2188,0.2236,False
no_policy,12,2032,1.0114,0.6818,0.0998,0.2184,0.2175,False
no_policy,12,2033,1.003,0.6818,0.0998,0.2184,0.2154,False
no_policy,12,2034,0.9543,0.6812,0.1,0.2188,0.2398,False
no_policy,12,2035,0.951,0.6814,0.0997,0.2189,0.2459,False
no_policy,12,2036,0.8914,0.6809,0.0999,0.2192,0.2744,False
no_policy,12,2037,0.8824,0.6804,0.0999,0.2197,0.2907,False
no_policy,12,2038,0.808,0.6796,0.0998,0.2205,0.3313,False
no_policy,12,2039,0.7621,0.6785,0.1002,0.2213,0.3618,False
no_policy,12,2040,0.7055,0.6776,0.1002,0.2222,0.4024,False
no_policy,12,2041,0.6812,0.6769,0.1004,0.2227,0.4309,False
no_policy,12,2042,0.6504,0.6758,0.1007,0.2236,0.4675,False
no_policy,12,2043,0.6159,0.675,0.1008,0.2242,0.5,False
no_policy,12,2044,0.6021,0.6743,0.1009,0.2248,0.5224,False
no_policy,12,2045,0.5638,0.674,0.1009,0.2251,0.5427,False
no_policy,12,2046,0.5098,0.6732,0.1012,0.2255,0.5772,False
no_policy,12,2047,0.4771,0.6731,0.1014,0.2255,0.5955,False
no_policy,12,2048,0.4619,0.6727,0.1013,0.226,0.6159,False
no_policy,12,2049,0.4389,0.6727,0.1012,0.2261,0.624,False
no_policy,12,2050,0.4311,0.6725,0.1011,0.2264,0.6362,False
no_policy,13,2025,1.0,0.6787,0.1004,0.2209,0.2703,True
no_policy,13,2026,0.9224,0.6769,0.1011,0.222,0.3008,True
no_policy,13,2027,0.8501,0.6754,0.1015,0.2231,0.3252,True
no_policy,13,2028,0.7781,0.6732,0.102,0.2248,0.3699,True
no_policy,13,2029,0.7376,0.6711,0.1026,0.2262,0.4106,True
no_policy,13,2030,0.6553,0.6689,0.1033,0.2278,0.4654,True
no_policy,13,2031,0.6059,0.6671,0.1038,0.2292,0.498,True
no_policy,13,2032,0.5658,0.6657,0.1042,0.2302,0.5203,True
no_policy,13,2033,0.5295,0.6637,0.1046,0.2316,0.5467,True
no_policy,13,2034,0.4987,0.6621,0.1052,0.2327,0.5671,True
no_policy,13,2035,0.4772,0.6603,0.1058,0.234,0.5935,True
no_policy,13,2036,0.4214,0.6582,0.1064,0.2354,0.6362,True
no_policy,13,2037,0.4033,0.6566,0.1068,0.2366,0.6545,True
no_policy,13,2038,0.3542,0.6551,0.1071,0.2378,0.6789,True
no_policy,13,2039,0.328,0.6532,0.1077,0.2391,0.7073,True
no_policy,13,2040,0.2974,0.6518,0.108,0.2402,0.7317,True
no_policy,13,2041,0.2857,0.6503,0.1084,0.2413,0.7459,True
no_policy,13,2042,0.2688,0.6486,0.1089,0.2425,0.7703,True
no_policy,13,2043,0.2572,0.6473,0.1093,0.2434,0.7846,True
no_policy,13,2044,0.2491,0.6457,0.1098,0.2445,0.8028,True
no_policy,13,2045,0.2291,0.6444,0.1103,0.2454,0.8171,True
no_policy,13,2046,0.2206,0.6428,0.1108,0.2464,0.8333,True
no_policy,13,2047,0.2147,0.6415,0.1112,0.2473,0.8394,True
no_policy,13,2048,0.2022,0.6398,0.1117,0.2486,0.8638,True
no_policy,13,2049,0.1982,0.6386,0.112,0.2494,0.8659,True
no_policy,13,2050,0.1916,0.6374,0.1124,0.2502,0.876,True
no_policy,14,2025,1.0,0.6797,0.1001,0.2202,0.2764,False
no_policy,14,2026,0.9781,0.6824,0.0992,0.2184,0.2724,False
no_policy,14,2027,0.9614,0.6847,0.0984,0.2169,0.2764,False
no_policy,14,2028,0.9545,0.6872,0.0976,0.2152,0.2744,False
no_policy,14,2029,0.9732,0.6895,0.0969,0.2136,0.2703,False
no_policy,14,2030,0.971,0.6924,0.096,0.2116,0.2602,False
no_policy,14,2031,0.9558,0.6951,0.0951,0.2098,0.2561,False
no_policy,14,2032,0.9201,0.6974,0.0943,0.2083,0.2663,False
no_policy,14,2033,0.8954,0.6997,0.0934,0.2068,0.2724,False
no_policy,14,2034,0.8532,0.7015,0.0928,0.2057,0.2967,False
no_policy,14,2035,0.83,0.7033,0.092,0.2047,0.3191,False
no_policy,14,2036,0.7729,0.7051,0.0913,0.2036,0.3476,False
no_policy,14,2037,0.7469,0.7065,0.0907,0.2027,0.3699,False
no_policy,14,2038,0.6882,0.7081,0.09,0.2019,0.4024,False
no_policy,14,2039,0.6422,0.7094,0.0895,0.2011,0.4309,False
no_policy,14,2040,0.593,0.7112,0.0887,0.2001,0.4593,False
no_policy,14,2041,0.5618,0.713,0.088,0.199,0.4797,False
no_policy,14,2042,0.533,0.7144,0.0875,0.1981,0.5081,False
no_policy,14,2043,0.5036,0.7162,0.0869,0.1969,0.5264,False
no_policy,14,2044,0.4866,0.7178,0.0862,0.196,0.5467,False
no_policy,14,2045,0.4564,0.7197,0.0855,0.1949,0.565,False
no_policy,14,2046,0.4194,0.7209,0.085,0.1941,0.5976,False
no_policy,14,2047,0.3826,0.7227,0.0843,0.193,0.6199,False
no_policy,14,2048,0.3616,0.7242,0.0837,0.1921,0.6423,False
no_policy,14,2049,0.3374,0.7258,0.0832,0.1911,0.6646,False
no_policy,14,2050,0.3298,0.7278,0.0824,0.1898,0.6707,False
no_policy,15,2025,1.0,0.6785,0.1005,0.221,0.2785,False
no_policy,15,2026,0.9533,0.6788,0.1003,0.2209,0.2927,False
no_policy,15,2027,0.9172,0.6789,0.1003,0.2209,0.3089,False
no_policy,15,2028,0.8895,0.6787,0.1003,0.2209,0.3313,False
no_policy,15,2029,0.8653,0.6786,0.1003,0.2211,0.3598,False
no_policy,15,2030,0.8172,0.6786,0.1002,0.2212,0.3923,False
no_policy,15,2031,0.7772,0.6786,0.1001,0.2213,0.4167,False
no_policy,15,2032,0.7345,0.6788,0.0999,0.2213,0.4451,False
no_policy,15,2033,0.7052,0.6787,0.0998,0.2214,0.4614,False
no_policy,15,2034,0.6694,0.6787,0.0998,0.2215,0.4858,False
no_policy,15,2035,0.6463,0.6786,0.0998,0.2216,0.5142,False
no_policy,15,2036,0.5933,0.6787,0.0997,0.2216,0.5427,False
no_policy,15,2037,0.5724,0.6786,0.0997,0.2217,0.563,False
no_policy,15,2038,0.5177,0.6787,0.0996,0.2216,0.5874,False
no_policy,15,2039,0.4927,0.6787,0.0995,0.2217,0.6098,False
no_policy,15,2040,0.4528,0.679,0.0994,0.2216,0.6321,False
no_policy,15,2041,0.4347,0.6793,0.0992,0.2215,0.6423,False
no_policy,15,2042,0.4134,0.6795,0.0991,0.2214,0.6646,False
no_policy,15,2043,0.3975,0.6797,0.099,0.2213,0.6789,False
no_policy,15,2044,0.3809,0.68,0.0988,0.2212,0.6992,False
no_policy,15,2045,0.3534,0.6804,0.0986,0.221,0.7134,False
no_policy,15,2046,0.3293,0.6806,0.0984,0.2209,0.7358,False
no_policy,15,2047,0.3082,0.6811,0.0983,0.2207,0.75,False
no_policy,15,2048,0.2893,0.6812,0.0981,0.2206,0.7764,False
no_policy,15,2049,0.2803,0.6816,0.098,0.2205,0.7886,False
no_policy,15,2050,0.2742,0.6821,0.0978,0.2202,0.7947,False
no_policy,16,2025,1.0,0.6791,0.1003,0.2206,0.2642,False
no_policy,16,2026,1.0009,0.6754,0.1016,0.223,0.2561,False
no_policy,16,2027,0.9983,0.6717,0.1029,0.2254,0.248,False
no_policy,16,2028,0.9716,0.6678,0.1042,0.2279,0.2541,False
no_policy,16,2029,0.9923,0.6638,0.1057,0.2305,0.2541,False
no_policy,16,2030,0.9614,0.6597,0.1072,0.2331,0.2663,False
no_policy,16,2031,0.9387,0.6555,0.1086,0.2359,0.2805,False
no_policy,16,2032,0.9055,0.6514,0.1099,0.2386,0.2927,False
no_policy,16,2033,0.8643,0.6467,0.1114,0.2419,0.3313,False
no_policy,16,2034,0.8319,0.642,0.1129,0.245,0.3659,False
no_policy,16,2035,0.8129,0.6376,0.1143,0.248,0.3923,False
no_policy,16,2036,0.7706,0.6336,0.1153,0.2512,0.4248,False
no_policy,16,2037,0.7554,0.6291,0.1168,0.2541,0.4512,False
no_policy,16,2038,0.668,0.6247,0.1181,0.2572,0.4878,False
no_policy,16,2039,0.6277,0.6207,0.1192,0.26,0.5102,False
no_policy,16,2040,0.5869,0.6168,0.1202,0.263,0.5386,False
no_policy,16,2041,0.5681,0.6121,0.1217,0.2662,0.565,False
no_policy,16,2042,0.5453,0.6075,0.1232,0.2693,0.5935,False
no_policy,16,2043,0.5147,0.6032,0.1244,0.2724,0.6159,False
no_policy,16,2044,0.5117,0.5986,0.1258,0.2756,0.6321,False
no_policy,16,2045,0.4786,0.5942,0.1272,0.2786,0.6504,False
no_policy,16,2046,0.4686,0.5895,0.1287,0.2817,0.6667,False
no_policy,16,2047,0.4292,0.5854,0.1298,0.2848,0.6829,False
no_policy,16,2048,0.4109,0.5807,0.1314,0.2879,0.7073,False
no_policy,16,2049,0.4068,0.5763,0.1329,0.2908,0.7073,False
no_policy,16,2050,0.3936,0.5717,0.1345,0.2938,0.7195,False
no_policy,17,2025,1.0,0.6785,0.1005,0.221,0.2825,False
no_policy,17,2026,0.9336,0.679,0.1003,0.2207,0.3232,False
no_policy,17,2027,0.8726,0.6795,0.1001,0.2204,0.3557,False
no_policy,17,2028,0.8173,0.6799,0.0999,0.2203,0.3923,False
no_policy,17,2029,0.7986,0.6804,0.0997,0.22,0.4228,False
no_policy,17,2030,0.728,0.6809,0.0993,0.2198,0.4695,False
no_policy,17,2031,0.6968,0.6817,0.099,0.2193,0.4878,False
no_policy,17,2032,0.664,0.6827,0.0986,0.2187,0.5061,False
no_policy,17,2033,0.6417,0.6834,0.0982,0.2183,0.5183,False
no_policy,17,2034,0.6128,0.6842,0.098,0.2178,0.5346,False
no_policy,17,2035,0.6048,0.6853,0.0976,0.2171,0.5488,False
no_policy,17,2036,0.5425,0.6859,0.0972,0.2169,0.5894,False
no_policy,17,2037,0.5275,0.6868,0.0969,0.2164,0.6057,False
no_policy,17,2038,0.4708,0.6878,0.0966,0.2156,0.622,False
no_policy,17,2039,0.4463,0.6886,0.0963,0.2151,0.6423,False
no_policy,17,2040,0.4088,0.6897,0.0958,0.2145,0.6626,False
no_policy,17,2041,0.3954,0.6907,0.0955,0.2138,0.6789,False
no_policy,17,2042,0.3715,0.6916,0.0952,0.2133,0.7033,False
no_policy,17,2043,0.3608,0.6928,0.0947,0.2125,0.7093,False
no_policy,17,2044,0.3584,0.6942,0.0941,0.2117,0.7154,False
no_policy,17,2045,0.3291,0.6955,0.0936,0.2109,0.7297,False
no_policy,17,2046,0.3167,0.6969,0.0929,0.2102,0.7459,False
no_policy,17,2047,0.2985,0.6983,0.0924,0.2093,0.7541,False
no_policy,17,2048,0.2794,0.6995,0.092,0.2085,0.7744,False
no_policy,17,2049,0.2763,0.701,0.0915,0.2076,0.7724,False
no_policy,17,2050,0.2656,0.7024,0.091,0.2067,0.7825,False
no_policy,18,2025,1.0,0.6796,0.1001,0.2203,0.2744,False
no_policy,18,2026,0.97,0.6801,0.1,0.2199,0.2683,False
no_policy,18,2027,0.9475,0.6804,0.0999,0.2196,0.2683,False
no_policy,18,2028,0.9105,0.6807,0.0999,0.2194,0.2724,False
no_policy,18,2029,0.9059,0.6808,0.1,0.2192,0.2724,False
no_policy,18,2030,0.8842,0.6809,0.1,0.219,0.2825,False
no_policy,18,2031,0.851,0.6811,0.1,0.2189,0.2886,False
no_policy,18,2032,0.8005,0.681,0.0999,0.2191,0.315,False
no_policy,18,2033,0.7625,0.6808,0.1,0.2192,0.3313,False
no_policy,18,2034,0.7173,0.6804,0.1001,0.2195,0.3659,False
no_policy,18,2035,0.6852,0.6802,0.1002,0.2196,0.3902,False
no_policy,18,2036,0.6303,0.6805,0.0996,0.2199,0.4248,False
no_policy,18,2037,0.6023,0.6803,0.0997,0.22,0.4492,False
no_policy,18,2038,0.5425,0.6801,0.0998,0.2201,0.4776,False
no_policy,18,2039,0.4951,0.68,0.0997,0.2203,0.5163,False
no_policy,18,2040,0.4512,0.6804,0.0993,0.2203,0.5427,False
no_policy,18,2041,0.4212,0.6803,0.0993,0.2204,0.5711,False
no_policy,18,2042,0.3945,0.6801,0.0994,0.2205,0.6037,False
no_policy,18,2043,0.3655,0.6804,0.0991,0.2205,0.628,False
no_policy,18,2044,0.3473,0.6807,0.0988,0.2206,0.6524,False
no_policy,18,2045,0.3177,0.6813,0.0983,0.2204,0.6728,False
no_policy,18,2046,0.2951,0.6816,0.0982,0.2203,0.6951,False
no_policy,18,2047,0.2643,0.6822,0.0978,0.22,0.7134,False
no_policy,18,2048,0.2454,0.6826,0.0977,0.2196,0.7439,False
no_policy,18,2049,0.2378,0.6829,0.0977,0.2194,0.752,False
no_policy,18,2050,0.2311,0.6831,0.0977,0.2192,0.7581,False
no_policy,19,2025,1.0,0.6788,0.1004,0.2208,0.2764,False
no_policy,19,2026,0.9708,0.6758,0.1014,0.2228,0.2703,False
no_policy,19,2027,0.9494,0.6725,0.1025,0.225,0.2703,False
no_policy,19,2028,0.9365,0.6692,0.1037,0.2272,0.2663,False
no_policy,19,2029,0.952,0.6658,0.1049,0.2293,0.2581,False
no_policy,19,2030,0.9441,0.6629,0.1059,0.2312,0.2459,False
no_policy,19,2031,0.9252,0.6598,0.107,0.2332,0.2378,False
no_policy,19,2032,0.9034,0.6566,0.1079,0.2354,0.2378,False
no_policy,19,2033,0.8851,0.6532,0.1091,0.2377,0.2358,False
no_policy,19,2034,0.8552,0.6493,0.1104,0.2403,0.2561,False
no_policy,19,2035,0.8366,0.6459,0.1114,0.2428,0.2642,False
no_policy,19,2036,0.7824,0.6422,0.1124,0.2454,0.2907,False
no_policy,19,2037,0.7587,0.6382,0.1137,0.248,0.311,False
no_policy,19,2038,0.7006,0.6344,0.1149,0.2508,0.3394,False
no_policy,19,2039,0.6591,0.6304,0.1162,0.2535,0.3659,False
no_policy,19,2040,0.6125,0.6265,0.1173,0.2562,0.3943,False
no_policy,19,2041,0.5871,0.6226,0.1185,0.2589,0.4106,False
no_policy,19,2042,0.5656,0.6185,0.1199,0.2616,0.4329,False
no_policy,19,2043,0.5378,0.6143,0.1212,0.2645,0.4573,False
no_policy,19,2044,0.5231,0.6101,0.1224,0.2674,0.4756,False
no_policy,19,2045,0.4943,0.606,0.1237,0.2703,0.4939,False
no_policy,19,2046,0.4616,0.6017,0.125,0.2733,0.5244,False
no_policy,19,2047,0.428,0.5976,0.1263,0.2761,0.5508,False
no_policy,19,2048,0.417,0.5933,0.1277,0.2791,0.563,False
no_policy,19,2049,0.3939,0.589,0.1289,0.282,0.5813,False
no_policy,19,2050,0.3891,0.5849,0.1303,0.2848,0.5833,False
no_policy,20,2025,1.0,0.6793,0.1002,0.2205,0.2744,True
no_policy,20,2026,0.9355,0.6813,0.0995,0.2193,0.2907,True
no_policy,20,2027,0.897,0.6836,0.0987,0.2177,0.2967,True
no_policy,20,2028,0.8265,0.6853,0.0981,0.2166,0.3252,True
no_policy,20,2029,0.7929,0.6869,0.0975,0.2156,0.3516,True
no_policy,20,2030,0.7066,0.6882,0.097,0.2148,0.4065,True
no_policy,20,2031,0.6543,0.6898,0.0963,0.2139,0.439,True
no_policy,20,2032,0.6084,0.6917,0.0956,0.2127,0.4634,True
no_policy,20,2033,0.5728,0.6935,0.0948,0.2117,0.4837,True
no_policy,20,2034,0.5337,0.6953,0.0941,0.2106,0.5102,True
no_policy,20,2035,0.5065,0.6969,0.0935,0.2096,0.5366,True
no_policy,20,2036,0.448,0.6984,0.093,0.2087,0.5772,True
no_policy,20,2037,0.4253,0.7002,0.0922,0.2076,0.5976,True
no_policy,20,2038,0.3657,0.7022,0.0914,0.2065,0.626,True
no_policy,20,2039,0.3258,0.7036,0.0907,0.2056,0.6606,True
no_policy,20,2040,0.2912,0.7054,0.0899,0.2046,0.6911,True
no_policy,20,2041,0.276,0.7074,0.0892,0.2034,0.7073,True
no_policy,20,2042,0.2567,0.7092,0.0886,0.2022,0.7297,True
no_policy,20,2043,0.242,0.7112,0.0878,0.2009,0.748,True
no_policy,20,2044,0.2302,0.7132,0.0871,0.1997,0.7663,True
no_policy,20,2045,0.2083,0.7154,0.0863,0.1983,0.7785,True
no_policy,20,2046,0.1954,0.7172,0.0857,0.1971,0.7967,True
no_policy,20,2047,0.1833,0.7194,0.085,0.1957,0.8049,True
no_policy,20,2048,0.1692,0.7212,0.0843,0.1946,0.8293,True
no_policy,20,2049,0.1626,0.7234,0.0835,0.1931,0.8333,True
no_policy,20,2050,0.1527,0.7256,0.0827,0.1918,0.8476,True
no_policy,21,2025,1.0,0.6793,0.1002,0.2205,0.2744,False
no_policy,21,2026,0.9628,0.6768,0.101,0.2222,0.2846,False
no_policy,21,2027,0.9158,0.6743,0.1018,0.2238,0.2988,False
no_policy,21,2028,0.8708,0.6715,0.1028,0.2257,0.3252,False
no_policy,21,2029,0.8332,0.6686,0.1037,0.2277,0.3557,False
no_policy,21,2030,0.785,0.6659,0.1045,0.2296,0.3902,False
no_policy,21,2031,0.7523,0.6632,0.1054,0.2314,0.4106,False
no_policy,21,2032,0.7106,0.6606,0.1061,0.2333,0.437,False
no_policy,21,2033,0.684,0.6579,0.107,0.2352,0.4512,False
no_policy,21,2034,0.6499,0.6551,0.108,0.237,0.4736,False
no_policy,21,2035,0.6312,0.6524,0.1089,0.2387,0.4959,False
no_policy,21,2036,0.5841,0.6505,0.1089,0.2406,0.5264,False
no_policy,21,2037,0.5626,0.6478,0.1098,0.2424,0.5508,False
no_policy,21,2038,0.518,0.6454,0.1107,0.2439,0.5691,False
no_policy,21,2039,0.4906,0.6428,0.1116,0.2456,0.5935,False
no_policy,21,2040,0.4518,0.641,0.1118,0.2472,0.6159,False
no_policy,21,2041,0.4303,0.6387,0.1125,0.2488,0.6341,False
no_policy,21,2042,0.4066,0.6362,0.1133,0.2505,0.6626,False
no_policy,21,2043,0.3944,0.6338,0.1141,0.2521,0.6728,False
no_policy,21,2044,0.3883,0.6315,0.1147,0.2538,0.685,False
no_policy,21,2045,0.3591,0.6295,0.1151,0.2554,0.7033,False
no_policy,21,2046,0.3372,0.6273,0.1158,0.2568,0.7236,False
no_policy,21,2047,0.317,0.6252,0.1166,0.2582,0.7358,False
no_policy,21,2048,0.2969,0.6231,0.1174,0.2595,0.7663,False
no_policy,21,2049,0.2898,0.6209,0.1183,0.2609,0.7744,False
no_policy,21,2050,0.2846,0.6186,0.1191,0.2623,0.7785,False
no_policy,22,2025,1.0,0.6792,0.1003,0.2206,0.2764,False
no_policy,22,2026,0.992,0.6787,0.1004,0.2209,0.2703,False
no_policy,22,2027,0.992,0.6779,0.1007,0.2214,0.2683,False
no_policy,22,2028,0.9991,0.6771,0.101,0.2219,0.2642,False
no_policy,22,2029,1.0322,0.6761,0.1015,0.2225,0.2622,False
no_policy,22,2030,1.0434,0.6756,0.1017,0.2227,0.252,False
no_policy,22,2031,1.0434,0.6751,0.1019,0.223,0.2459,False
no_policy,22,2032,1.0405,0.6745,0.102,0.2234,0.2459,False
no_policy,22,2033,1.0413,0.6737,0.1023,0.224,0.2439,False
no_policy,22,2034,1.0253,0.6724,0.1028,0.2249,0.2642,False
no_policy,22,2035,1.0244,0.6716,0.1028,0.2256,0.2724,False
no_policy,22,2036,0.9754,0.6705,0.1031,0.2264,0.2967,False
no_policy,22,2037,0.964,0.6691,0.1036,0.2273,0.315,False
no_policy,22,2038,0.9057,0.6678,0.1039,0.2283,0.3435,False
no_policy,22,2039,0.8638,0.6663,0.1044,0.2293,0.3699,False
no_policy,22,2040,0.8131,0.665,0.1046,0.2304,0.3984,False
no_policy,22,2041,0.7947,0.664,0.105,0.2311,0.4106,False
no_policy,22,2042,0.7796,0.6626,0.1054,0.232,0.4329,False
no_policy,22,2043,0.7505,0.6613,0.1057,0.233,0.4593,False
no_policy,22,2044,0.7353,0.66,0.106,0.234,0.4817,False
no_policy,22,2045,0.701,0.6589,0.1062,0.2348,0.502,False
no_policy,22,2046,0.6591,0.6574,0.1067,0.2359,0.5386,False
no_policy,22,2047,0.6245,0.6564,0.1071,0.2365,0.561,False
no_policy,22,2048,0.6153,0.6554,0.1072,0.2373,0.5732,False
no_policy,22,2049,0.5847,0.6544,0.1075,0.2381,0.5874,False
no_policy,22,2050,0.5835,0.6536,0.1078,0.2386,0.5894,False
no_policy,23,2025,1.0,0.6798,0.1001,0.2202,0.2724,False
no_policy,23,2026,0.9785,0.6783,0.1006,0.2211,0.2642,False
no_policy,23,2027,0.9676,0.6769,0.1012,0.222,0.2561,False
no_policy,23,2028,0.9591,0.6751,0.1019,0.223,0.2541,False
no_policy,23,2029,0.9615,0.6732,0.1027,0.2241,0.252,False
no_policy,23,2030,0.9486,0.6719,0.1033,0.2249,0.2439,False
no_policy,23,2031,0.9229,0.6702,0.1039,0.226,0.2459,False
no_policy,23,2032,0.8729,0.6684,0.1044,0.2272,0.2602,False
no_policy,23,2033,0.8367,0.6662,0.1051,0.2287,0.2785,False
no_policy,23,2034,0.7969,0.6638,0.1059,0.2303,0.3089,False
no_policy,23,2035,0.7694,0.6616,0.1066,0.2318,0.3333,False
no_policy,23,2036,0.7148,0.6598,0.1067,0.2335,0.3699,False
no_policy,23,2037,0.689,0.6574,0.1075,0.2351,0.3984,False
no_policy,23,2038,0.6256,0.6552,0.1081,0.2367,0.4329,False
no_policy,23,2039,0.5829,0.6532,0.1087,0.2382,0.4614,False
no_policy,23,2040,0.5362,0.6515,0.109,0.2396,0.4898,False
no_policy,23,2041,0.5123,0.6493,0.1097,0.2411,0.5183,False
no_policy,23,2042,0.484,0.6469,0.1104,0.2427,0.5528,False
no_policy,23,2043,0.4556,0.6451,0.1108,0.244,0.5732,False
no_policy,23,2044,0.4458,0.6434,0.1112,0.2454,0.5894,False
no_policy,23,2045,0.4154,0.6416,0.1117,0.2466,0.6098,False
no_policy,23,2046,0.3877,0.6397,0.1122,0.2481,0.6423,False
no_policy,23,2047,0.3541,0.6382,0.1126,0.2492,0.6606,False
no_policy,23,2048,0.3377,0.6364,0.1132,0.2504,0.6809,False
no_policy,23,2049,0.327,0.6347,0.1137,0.2516,0.687,False
no_policy,23,2050,0.3213,0.633,0.1143,0.2527,0.6931,False
no_policy,24,2025,1.0,0.6798,0.1001,0.2201,0.2683,False
no_policy,24,2026,0.9758,0.6756,0.1015,0.2229,0.2622,False
no_policy,24,2027,0.9637,0.6714,0.103,0.2256,0.252,False
no_policy,24,2028,0.949,0.6667,0.1047,0.2286,0.2541,False
no_policy,24,2029,0.9512,0.6619,0.1066,0.2315,0.25,False
no_policy,24,2030,0.9316,0.6574,0.1083,0.2344,0.2459,False
no_policy,24,2031,0.9023,0.6525,0.11,0.2374,0.25,False
no_policy,24,2032,0.8563,0.6479,0.1116,0.2406,0.2561,False
no_policy,24,2033,0.8176,0.6425,0.1133,0.2441,0.2764,False
no_policy,24,2034,0.778,0.6369,0.1153,0.2478,0.3069,False
no_policy,24,2035,0.748,0.6315,0.1171,0.2514,0.3374,False
no_policy,24,2036,0.6968,0.6267,0.1182,0.2551,0.372,False
no_policy,24,2037,0.6748,0.6212,0.1201,0.2587,0.3963,False
no_policy,24,2038,0.6004,0.616,0.1217,0.2623,0.435,False
no_policy,24,2039,0.5646,0.6111,0.1232,0.2657,0.4593,False
no_policy,24,2040,0.5179,0.6062,0.1244,0.2694,0.4959,False
no_policy,24,2041,0.4974,0.6006,0.1263,0.273,0.5224,False
no_policy,24,2042,0.4745,0.595,0.1282,0.2767,0.5528,False
no_policy,24,2043,0.4515,0.5899,0.1298,0.2803,0.5752,False
no_policy,24,2044,0.4453,0.5845,0.1316,0.2839,0.5894,False
no_policy,24,2045,0.4129,0.5794,0.1332,0.2874,0.6098,False
no_policy,24,2046,0.4027,0.5738,0.1351,0.2911,0.6301,False
no_policy,24,2047,0.3734,0.5689,0.1366,0.2945,0.6484,False
no_policy,24,2048,0.3625,0.5633,0.1386,0.2981,0.6687,False
no_policy,24,2049,0.3574,0.5582,0.1403,0.3015,0.6687,False
no_policy,24,2050,0.3489,0.5528,0.1422,0.305,0.6809,False
no_policy,25,2025,1.0,0.6794,0.1002,0.2204,0.2683,True
no_policy,25,2026,0.9484,0.6797,0.1001,0.2202,0.2825,True
no_policy,25,2027,0.9191,0.6804,0.0999,0.2197,0.2886,True
no_policy,25,2028,0.861,0.6807,0.0997,0.2196,0.311,True
no_policy,25,2029,0.8397,0.6808,0.0996,0.2196,0.3354,True
no_policy,25,2030,0.7531,0.6806,0.0996,0.2198,0.3902,True
no_policy,25,2031,0.7023,0.6806,0.0995,0.2199,0.4309,True
no_policy,25,2032,0.6586,0.6811,0.0991,0.2197,0.4593,True
no_policy,25,2033,0.619,0.6812,0.0989,0.2199,0.4919,True
no_policy,25,2034,0.5668,0.6814,0.0987,0.2199,0.5346,True
no_policy,25,2035,0.5484,0.6817,0.0985,0.2198,0.5589,True
no_policy,25,2036,0.4949,0.682,0.0983,0.2197,0.5996,True
no_policy,25,2037,0.4722,0.6826,0.0979,0.2195,0.626,True
no_policy,25,2038,0.4023,0.6834,0.0975,0.2191,0.6585,True
no_policy,25,2039,0.3605,0.6838,0.0973,0.2189,0.6931,True
no_policy,25,2040,0.3301,0.6847,0.0968,0.2185,0.7195,True
no_policy,25,2041,0.3097,0.6856,0.0964,0.2179,0.7419,True
no_policy,25,2042,0.2941,0.6867,0.0961,0.2172,0.7561,True
no_policy,25,2043,0.2811,0.6878,0.0957,0.2165,0.7703,True
no_policy,25,2044,0.2677,0.6888,0.0953,0.2159,0.7927,True
no_policy,25,2045,0.2422,0.6902,0.0947,0.215,0.8069,True
no_policy,25,2046,0.2304,0.6915,0.0943,0.2142,0.8232,True
no_policy,25,2047,0.2162,0.6931,0.0938,0.2132,0.8313,True
no_policy,25,2048,0.1984,0.6942,0.0933,0.2125,0.8577,True
no_policy,25,2049,0.1914,0.6959,0.0927,0.2114,0.8618,True
no_policy,25,2050,0.1793,0.6975,0.0921,0.2104,0.876,True
no_policy,26,2025,1.0,0.6789,0.1004,0.2207,0.2764,False
no_policy,26,2026,0.9737,0.6808,0.0997,0.2195,0.2764,False
no_policy,26,2027,0.949,0.6824,0.0992,0.2184,0.2825,False
no_policy,26,2028,0.9316,0.6841,0.0987,0.2172,0.2846,False
no_policy,26,2029,0.9485,0.6856,0.0982,0.2162,0.2866,False
no_policy,26,2030,0.9347,0.6875,0.0976,0.2149,0.2947,False
no_policy,26,2031,0.9046,0.6891,0.097,0.2138,0.3049,False
no_policy,26,2032,0.8613,0.6908,0.0964,0.2129,0.3293,False
no_policy,26,2033,0.8349,0.6925,0.0957,0.2118,0.3374,False
no_policy,26,2034,0.8028,0.6938,0.0952,0.211,0.3659,False
no_policy,26,2035,0.7778,0.6953,0.0946,0.2101,0.3923,False
no_policy,26,2036,0.7212,0.6969,0.094,0.2091,0.4207,False
no_policy,26,2037,0.6982,0.6985,0.0934,0.2081,0.439,False
no_policy,26,2038,0.6373,0.7001,0.0928,0.2071,0.4695,False
no_policy,26,2039,0.5926,0.7016,0.0922,0.2062,0.498,False
no_policy,26,2040,0.544,0.7034,0.0914,0.2052,0.5264,False
no_policy,26,2041,0.5165,0.7053,0.0908,0.2039,0.5427,False
no_policy,26,2042,0.497,0.707,0.0901,0.2028,0.563,False
no_policy,26,2043,0.463,0.7089,0.0894,0.2017,0.5894,False
no_policy,26,2044,0.4413,0.7108,0.0886,0.2006,0.6138,False
no_policy,26,2045,0.4095,0.713,0.0877,0.1993,0.6301,False
no_policy,26,2046,0.3878,0.7148,0.087,0.1982,0.6545,False
no_policy,26,2047,0.3512,0.7169,0.0863,0.1968,0.6748,False
no_policy,26,2048,0.3318,0.7188,0.0855,0.1957,0.6992,False
no_policy,26,2049,0.3229,0.7209,0.0847,0.1944,0.7073,False
no_policy,26,2050,0.3157,0.7232,0.0839,0.1929,0.7114,False
no_policy,27,2025,1.0,0.6786,0.1005,0.2209,0.2622,True
no_policy,27,2026,0.9723,0.6816,0.0996,0.2188,0.2541,True
no_policy,27,2027,0.942,0.6847,0.0986,0.2168,0.2459,True
no_policy,27,2028,0.8925,0.6875,0.0977,0.2148,0.25,True
no_policy,27,2029,0.8857,0.69,0.0969,0.213,0.252,True
no_policy,27,2030,0.8298,0.6927,0.0961,0.2112,0.2744,True
no_policy,27,2031,0.7895,0.6955,0.0952,0.2093,0.2866,True
no_policy,27,2032,0.7348,0.6982,0.0942,0.2076,0.311,True
no_policy,27,2033,0.6816,0.7002,0.0933,0.2066,0.3516,True
no_policy,27,2034,0.6221,0.7021,0.0925,0.2054,0.4004,True
no_policy,27,2035,0.5895,0.7046,0.0914,0.204,0.4289,True
no_policy,27,2036,0.5377,0.7069,0.0905,0.2026,0.4634,True
no_policy,27,2037,0.5098,0.7092,0.0896,0.2012,0.4919,True
no_policy,27,2038,0.445,0.7117,0.0886,0.1996,0.5244,True
no_policy,27,2039,0.4105,0.714,0.0878,0.1982,0.5427,True
no_policy,27,2040,0.3704,0.7164,0.0868,0.1968,0.5772,True
no_policy,27,2041,0.3425,0.7188,0.0858,0.1954,0.6098,True
no_policy,27,2042,0.319,0.7211,0.085,0.1939,0.6341,True
no_policy,27,2043,0.3014,0.7236,0.0841,0.1923,0.6463,True
no_policy,27,2044,0.287,0.726,0.0831,0.1908,0.6667,True
no_policy,27,2045,0.2638,0.7286,0.0822,0.1892,0.6809,True
no_policy,27,2046,0.2528,0.7313,0.0811,0.1876,0.6911,True
no_policy,27,2047,0.2297,0.7339,0.0802,0.1859,0.7053,True
no_policy,27,2048,0.2159,0.7363,0.0793,0.1844,0.7215,True
no_policy,27,2049,0.2107,0.7388,0.0784,0.1829,0.7215,True
no_policy,27,2050,0.1981,0.7413,0.0774,0.1813,0.7358,True
no_policy,28,2025,1.0,0.6784,0.1005,0.2211,0.2683,False
no_policy,28,2026,0.9903,0.6773,0.1009,0.2218,0.2622,False
no_policy,28,2027,0.9933,0.6761,0.1013,0.2226,0.252,False
no_policy,28,2028,0.9957,0.6744,0.1019,0.2236,0.252,False
no_policy,28,2029,1.0183,0.673,0.1025,0.2244,0.2419,False
no_policy,28,2030,1.021,0.672,0.103,0.225,0.2297,False
no_policy,28,2031,1.0199,0.6709,0.1034,0.2257,0.2215,False
no_policy,28,2032,0.9989,0.6698,0.1036,0.2265,0.2256,False
no_policy,28,2033,0.9913,0.6684,0.1041,0.2275,0.2256,False
no_policy,28,2034,0.953,0.6665,0.1047,0.2288,0.2561,False
no_policy,28,2035,0.9464,0.6652,0.1051,0.2298,0.2683,False
no_policy,28,2036,0.8923,0.6637,0.1054,0.2309,0.3008,False
no_policy,28,2037,0.8771,0.662,0.1059,0.2321,0.3252,False
no_policy,28,2038,0.7906,0.6604,0.1063,0.2333,0.3679,False
no_policy,28,2039,0.7455,0.6588,0.1068,0.2344,0.3984,False
no_policy,28,2040,0.6895,0.6574,0.1071,0.2355,0.435,False
no_policy,28,2041,0.6759,0.6561,0.1074,0.2365,0.4573,False
no_policy,28,2042,0.6488,0.6547,0.1078,0.2375,0.4898,False
no_policy,28,2043,0.6198,0.6535,0.1081,0.2384,0.5122,False
no_policy,28,2044,0.6077,0.6526,0.1082,0.2391,0.5325,False
no_policy,28,2045,0.5751,0.6518,0.1084,0.2398,0.5488,False
no_policy,28,2046,0.5413,0.6509,0.1086,0.2405,0.5691,False
no_policy,28,2047,0.4949,0.6504,0.1088,0.2409,0.5915,False
no_policy,28,2048,0.4787,0.6495,0.1089,0.2416,0.6118,False
no_policy,28,2049,0.4543,0.6491,0.109,0.242,0.6199,False
no_policy,28,2050,0.4468,0.6485,0.1091,0.2424,0.6301,False
no_policy,29,2025,1.0,0.6798,0.1001,0.2202,0.2764,False
no_policy,29,2026,0.9879,0.6751,0.1017,0.2232,0.2724,False
no_policy,29,2027,0.9831,0.67,0.1035,0.2265,0.2724,False
no_policy,29,2028,0.9763,0.665,0.1053,0.2297,0.2724,False
no_policy,29,2029,1.005,0.6597,0.1072,0.2331,0.2724,False
no_policy,29,2030,1.0108,0.6548,0.109,0.2362,0.2642,False
no_policy,29,2031,0.9947,0.6495,0.1109,0.2395,0.2663,False
no_policy,29,2032,0.9669,0.6442,0.1127,0.2431,0.2764,False
no_policy,29,2033,0.9491,0.6386,0.1147,0.2467,0.2805,False
no_policy,29,2034,0.928,0.6326,0.1168,0.2506,0.3028,False
no_policy,29,2035,0.9073,0.6267,0.1189,0.2544,0.3252,False
no_policy,29,2036,0.8618,0.6215,0.1202,0.2583,0.3496,False
no_policy,29,2037,0.8478,0.6155,0.1224,0.2621,0.3679,False
no_policy,29,2038,0.7837,0.6096,0.1244,0.266,0.3984,False
no_policy,29,2039,0.738,0.6037,0.1262,0.2702,0.437,False
no_policy,29,2040,0.6878,0.5981,0.1277,0.2741,0.4695,False
no_policy,29,2041,0.6617,0.5923,0.1298,0.2779,0.4878,False
no_policy,29,2042,0.6469,0.5861,0.132,0.2819,0.5081,False
no_policy,29,2043,0.6136,0.5803,0.1338,0.2859,0.5366,False
no_policy,29,2044,0.6033,0.5741,0.1359,0.29,0.5589,False
no_policy,29,2045,0.568,0.5681,0.1379,0.294,0.5813,False
no_policy,29,2046,0.5382,0.5619,0.1401,0.298,0.6138,False
no_policy,29,2047,0.4957,0.5563,0.1419,0.3018,0.6382,False
no_policy,29,2048,0.4783,0.5502,0.1441,0.3057,0.6646,False
no_policy,29,2049,0.469,0.5442,0.1463,0.3095,0.6809,False
no_policy,29,2050,0.4655,0.5384,0.1484,0.3132,0.685,False
P12,0,2025,1.0,0.6782,0.1006,0.2212,0.3293,True
P12,0,2026,0.8862,0.6704,0.0931,0.2364,0.3943,True
P12,0,2027,0.7778,0.6625,0.0864,0.251,0.435,True
P12,0,2028,0.6799,0.6543,0.0803,0.2655,0.4898,True
P12,0,2029,0.6304,0.6458,0.0747,0.2795,0.5244,True
P12,0,2030,0.5342,0.637,0.0696,0.2934,0.5793,True
P12,0,2031,0.4888,0.6388,0.0693,0.2919,0.6077,True
P12,0,2032,0.4425,0.6413,0.0687,0.29,0.6402,True
P12,0,2033,0.4118,0.6434,0.0683,0.2883,0.6626,True
P12,0,2034,0.3797,0.6456,0.0679,0.2865,0.687,True
P12,0,2035,0.3553,0.6479,0.0676,0.2845,0.7154,True
P12,0,2036,0.3102,0.6504,0.0668,0.2828,0.7398,True
P12,0,2037,0.2971,0.6526,0.0664,0.2809,0.752,True
P12,0,2038,0.2507,0.6553,0.066,0.2787,0.7785,True
P12,0,2039,0.2328,0.6579,0.0656,0.2765,0.7988,True
P12,0,2040,0.2066,0.6607,0.0651,0.2742,0.815,True
P12,0,2041,0.1978,0.6631,0.0647,0.2722,0.8252,True
P12,0,2042,0.181,0.6661,0.0641,0.2698,0.8557,True
P12,0,2043,0.1703,0.6686,0.0637,0.2677,0.8679,True
P12,0,2044,0.1632,0.6713,0.0632,0.2656,0.8801,True
P12,0,2045,0.1488,0.6743,0.0623,0.2634,0.8923,True
P12,0,2046,0.1379,0.6773,0.0618,0.261,0.9106,True
P12,0,2047,0.1282,0.6801,0.0612,0.2587,0.9187,True
P12,0,2048,0.1213,0.6831,0.0606,0.2563,0.9309,True
P12,0,2049,0.1181,0.6859,0.0601,0.2541,0.935,True
P12,0,2050,0.1123,0.6887,0.0595,0.2518,0.9411,True
P12,1,2025,1.0,0.679,0.1003,0.2207,0.3211,True
P12,1,2026,0.8977,0.6667,0.0944,0.2389,0.3821,True
P12,1,2027,0.7935,0.6542,0.0889,0.2569,0.4268,True
P12,1,2028,0.6873,0.6414,0.0837,0.275,0.4898,True
P12,1,2029,0.6324,0.6286,0.0789,0.2925,0.5366,True
P12,1,2030,0.5244,0.6157,0.0744,0.3099,0.5955,True
P12,1,2031,0.4784,0.6151,0.0747,0.3103,0.6321,True
P12,1,2032,0.4316,0.6153,0.0744,0.3102,0.6707,True
P12,1,2033,0.4032,0.6151,0.0746,0.3103,0.6992,True
P12,1,2034,0.3721,0.6147,0.0748,0.3105,0.7276,True
P12,1,2035,0.3497,0.6146,0.075,0.3104,0.7622,True
P12,1,2036,0.3078,0.6147,0.0747,0.3106,0.7927,True
P12,1,2037,0.2949,0.6143,0.0749,0.3108,0.815,True
P12,1,2038,0.2443,0.6141,0.075,0.3109,0.8374,True
P12,1,2039,0.2281,0.6138,0.0752,0.311,0.8577,True
P12,1,2040,0.2102,0.6134,0.0752,0.3113,0.8659,True
P12,1,2041,0.2013,0.6129,0.0754,0.3117,0.876,True
P12,1,2042,0.1902,0.6126,0.0755,0.312,0.8943,True
P12,1,2043,0.1872,0.6118,0.0756,0.3125,0.8984,True
P12,1,2044,0.182,0.6114,0.0758,0.3128,0.9106,True
P12,1,2045,0.1671,0.611,0.0756,0.3134,0.9187,True
P12,1,2046,0.159,0.6109,0.0758,0.3133,0.935,True
P12,1,2047,0.1545,0.6106,0.0759,0.3136,0.9411,True
P12,1,2048,0.148,0.6104,0.076,0.3136,0.9533,True
P12,1,2049,0.1468,0.6099,0.0761,0.314,0.9553,True
P12,1,2050,0.1398,0.6095,0.0762,0.3143,0.9614,True
P12,2,2025,1.0,0.6783,0.1006,0.2211,0.3252,True
P12,2,2026,0.8899,0.6691,0.0933,0.2377,0.3862,True
P12,2,2027,0.7775,0.6592,0.0866,0.2542,0.4309,True
P12,2,2028,0.6647,0.6489,0.0805,0.2706,0.4919,True
P12,2,2029,0.612,0.6381,0.0751,0.2868,0.5325,True
P12,2,2030,0.5008,0.6271,0.0703,0.3026,0.5935,True
P12,2,2031,0.4539,0.6297,0.0699,0.3004,0.6301,True
P12,2,2032,0.4103,0.6333,0.0691,0.2975,0.6646,True
P12,2,2033,0.3805,0.6363,0.0687,0.2949,0.6931,True
P12,2,2034,0.3545,0.6391,0.0683,0.2926,0.7175,True
P12,2,2035,0.3304,0.6424,0.0679,0.2897,0.752,True
P12,2,2036,0.2895,0.6454,0.0671,0.2876,0.7805,True
P12,2,2037,0.2766,0.6481,0.0668,0.2851,0.8008,True
P12,2,2038,0.2287,0.6509,0.0664,0.2827,0.8252,True
P12,2,2039,0.2085,0.6537,0.066,0.2803,0.8476,True
P12,2,2040,0.191,0.656,0.0656,0.2784,0.8557,True
P12,2,2041,0.186,0.6581,0.0653,0.2766,0.8618,True
P12,2,2042,0.1731,0.6608,0.0648,0.2744,0.8841,True
P12,2,2043,0.1633,0.6629,0.0644,0.2727,0.8943,True
P12,2,2044,0.1569,0.6652,0.0639,0.2708,0.9085,True
P12,2,2045,0.1427,0.6675,0.0632,0.2693,0.9167,True
P12,2,2046,0.1337,0.6703,0.0628,0.267,0.9329,True
P12,2,2047,0.1286,0.6725,0.0624,0.2652,0.939,True
P12,2,2048,0.1216,0.675,0.0619,0.2631,0.9512,True
P12,2,2049,0.1196,0.6769,0.0615,0.2615,0.9533,True
P12,2,2050,0.1139,0.6789,0.0611,0.26,0.9573,True
P12,3,2025,1.0,0.6794,0.1002,0.2204,0.311,False
P12,3,2026,0.9201,0.6666,0.0948,0.2385,0.3577,False
P12,3,2027,0.8507,0.6537,0.0897,0.2566,0.3902,False
P12,3,2028,0.7922,0.6402,0.0849,0.2749,0.4289,False
P12,3,2029,0.7545,0.6264,0.0804,0.2931,0.4593,False
P12,3,2030,0.6934,0.612,0.0763,0.3117,0.4959,False
P12,3,2031,0.658,0.6105,0.0766,0.3129,0.5224,False
P12,3,2032,0.6167,0.6095,0.0767,0.3138,0.5549,False
P12,3,2033,0.5926,0.6079,0.0771,0.315,0.5752,False
P12,3,2034,0.5744,0.6064,0.0775,0.3162,0.5976,False
P12,3,2035,0.5485,0.6049,0.0778,0.3172,0.6341,False
P12,3,2036,0.4997,0.6035,0.078,0.3185,0.6565,False
P12,3,2037,0.4899,0.6018,0.0784,0.3198,0.6728,False
P12,3,2038,0.436,0.6002,0.0787,0.3211,0.6931,False
P12,3,2039,0.4185,0.5985,0.0791,0.3223,0.7134,False
P12,3,2040,0.3824,0.5971,0.0795,0.3235,0.7297,False
P12,3,2041,0.3693,0.5953,0.0799,0.3249,0.7378,False
P12,3,2042,0.3562,0.5934,0.0803,0.3263,0.7581,False
P12,3,2043,0.3441,0.5916,0.0807,0.3277,0.7724,False
P12,3,2044,0.3364,0.5899,0.0811,0.329,0.7866,False
P12,3,2045,0.3179,0.5881,0.0814,0.3305,0.7988,False
P12,3,2046,0.2955,0.5863,0.0818,0.3319,0.8191,False
P12,3,2047,0.2802,0.5845,0.0822,0.3333,0.8313,False
P12,3,2048,0.2718,0.5827,0.0827,0.3346,0.8476,False
P12,3,2049,0.2661,0.5808,0.0831,0.336,0.8598,False
P12,3,2050,0.2649,0.5789,0.0836,0.3376,0.8638,False
P12,4,2025,1.0,0.6781,0.1006,0.2213,0.315,True
P12,4,2026,0.8873,0.6659,0.094,0.2401,0.3699,True
P12,4,2027,0.7932,0.6529,0.0878,0.2593,0.4045,True
P12,4,2028,0.6983,0.6392,0.0821,0.2787,0.4512,True
P12,4,2029,0.643,0.6245,0.0771,0.2984,0.4797,True
P12,4,2030,0.5665,0.6088,0.0727,0.3185,0.5163,True
P12,4,2031,0.5235,0.6093,0.0728,0.3179,0.5427,True
P12,4,2032,0.4779,0.6108,0.0725,0.3168,0.5752,True
P12,4,2033,0.4489,0.6114,0.0724,0.3162,0.5955,True
P12,4,2034,0.4168,0.6125,0.0723,0.3152,0.624,True
P12,4,2035,0.3903,0.6137,0.0723,0.314,0.6585,True
P12,4,2036,0.3472,0.6146,0.0718,0.3136,0.6829,True
P12,4,2037,0.3338,0.6151,0.0718,0.3131,0.6972,True
P12,4,2038,0.2906,0.6157,0.0718,0.3125,0.7154,True
P12,4,2039,0.274,0.6167,0.0718,0.3115,0.7358,True
P12,4,2040,0.2456,0.6178,0.0717,0.3105,0.752,True
P12,4,2041,0.2322,0.6184,0.0717,0.3099,0.7622,True
P12,4,2042,0.2194,0.6197,0.0717,0.3086,0.7886,True
P12,4,2043,0.2101,0.6204,0.0716,0.308,0.7988,True
P12,4,2044,0.2029,0.6213,0.0716,0.3072,0.813,True
P12,4,2045,0.1895,0.6222,0.0712,0.3066,0.8252,True
P12,4,2046,0.1751,0.6236,0.0711,0.3053,0.8455,True
P12,4,2047,0.1652,0.6247,0.0709,0.3044,0.8557,True
P12,4,2048,0.1586,0.6264,0.0708,0.3028,0.874,True
P12,4,2049,0.1549,0.6274,0.0707,0.3019,0.8821,True
P12,4,2050,0.1521,0.6284,0.0706,0.3011,0.8862,True
P12,5,2025,1.0,0.6798,0.1001,0.2201,0.3089,True
P12,5,2026,0.9078,0.6673,0.095,0.2378,0.3537,True
P12,5,2027,0.8088,0.6541,0.0901,0.2558,0.3902,True
P12,5,2028,0.7234,0.6398,0.0857,0.2745,0.437,True
P12,5,2029,0.6746,0.6247,0.0817,0.2937,0.4675,True
P12,5,2030,0.6017,0.6082,0.078,0.3138,0.5061,True
P12,5,2031,0.5621,0.6099,0.0776,0.3125,0.5346,True
P12,5,2032,0.5163,0.6122,0.0771,0.3107,0.5671,True
P12,5,2033,0.4879,0.6138,0.0767,0.3095,0.5915,True
P12,5,2034,0.4564,0.6155,0.0764,0.308,0.6199,True
P12,5,2035,0.4288,0.6174,0.0761,0.3065,0.6565,True
P12,5,2036,0.38,0.6192,0.0755,0.3053,0.6829,True
P12,5,2037,0.3665,0.6204,0.0752,0.3044,0.6992,True
P12,5,2038,0.3323,0.622,0.0749,0.3031,0.7175,True
P12,5,2039,0.3143,0.6234,0.0747,0.3019,0.7378,True
P12,5,2040,0.2829,0.6251,0.0743,0.3006,0.7541,True
P12,5,2041,0.2673,0.6263,0.0741,0.2996,0.7663,True
P12,5,2042,0.2499,0.6278,0.0738,0.2983,0.7947,True
P12,5,2043,0.2392,0.6291,0.0736,0.2973,0.8069,True
P12,5,2044,0.2311,0.6304,0.0733,0.2964,0.8191,True
P12,5,2045,0.2128,0.6317,0.0729,0.2954,0.8333,True
P12,5,2046,0.194,0.6329,0.0727,0.2944,0.8516,True
P12,5,2047,0.1819,0.6341,0.0724,0.2935,0.8618,True
P12,5,2048,0.1728,0.6356,0.0722,0.2922,0.878,True
P12,5,2049,0.1689,0.6366,0.072,0.2914,0.8841,True
P12,5,2050,0.1659,0.6376,0.0718,0.2906,0.8882,True
P12,6,2025,1.0,0.6797,0.1001,0.2202,0.3354,True
P12,6,2026,0.8812,0.6662,0.0952,0.2387,0.4024,True
P12,6,2027,0.7671,0.6526,0.0904,0.257,0.4492,True
P12,6,2028,0.6549,0.6384,0.0859,0.2756,0.5122,True
P12,6,2029,0.5985,0.6243,0.0817,0.294,0.5549,True
P12,6,2030,0.493,0.61,0.0776,0.3124,0.6159,True
P12,6,2031,0.4487,0.6097,0.0777,0.3126,0.6504,True
P12,6,2032,0.4012,0.6103,0.0776,0.3121,0.687,True
P12,6,2033,0.3741,0.6103,0.0776,0.312,0.7114,True
P12,6,2034,0.3474,0.6101,0.0778,0.3121,0.7358,True
P12,6,2035,0.3238,0.6102,0.0779,0.3119,0.7683,True
P12,6,2036,0.2859,0.6104,0.0775,0.3122,0.7927,True
P12,6,2037,0.2732,0.6102,0.0776,0.3122,0.813,True
P12,6,2038,0.2275,0.6104,0.0776,0.312,0.8374,True
P12,6,2039,0.2115,0.6103,0.0777,0.312,0.8577,True
P12,6,2040,0.1954,0.6101,0.0777,0.3122,0.8659,True
P12,6,2041,0.1909,0.6096,0.0778,0.3126,0.872,True
P12,6,2042,0.1796,0.6094,0.0779,0.3127,0.8923,True
P12,6,2043,0.1709,0.6089,0.078,0.3131,0.9024,True
P12,6,2044,0.1648,0.6086,0.078,0.3134,0.9167,True
P12,6,2045,0.1518,0.6083,0.0778,0.3139,0.9248,True
P12,6,2046,0.1448,0.6081,0.0779,0.314,0.939,True
P12,6,2047,0.1409,0.6076,0.078,0.3143,0.9451,True
P12,6,2048,0.1353,0.6074,0.0781,0.3145,0.9573,True
P12,6,2049,0.1342,0.6068,0.0783,0.3149,0.9593,True
P12,6,2050,0.1296,0.6062,0.0784,0.3154,0.9634,True
P12,7,2025,1.0,0.6795,0.1002,0.2203,0.3049,True
P12,7,2026,0.9069,0.6655,0.0951,0.2395,0.3455,True
P12,7,2027,0.8192,0.6506,0.0903,0.2591,0.378,True
P12,7,2028,0.7457,0.6346,0.086,0.2794,0.4126,True
P12,7,2029,0.6913,0.6176,0.0822,0.3002,0.4411,True
P12,7,2030,0.6155,0.5991,0.0789,0.322,0.4756,True
P12,7,2031,0.5721,0.5986,0.0791,0.3223,0.502,True
P12,7,2032,0.5279,0.5992,0.0789,0.3219,0.5325,True
P12,7,2033,0.4971,0.5989,0.0791,0.3221,0.5549,True
P12,7,2034,0.4633,0.5988,0.0793,0.3219,0.5813,True
P12,7,2035,0.4323,0.5991,0.0796,0.3213,0.6199,True
P12,7,2036,0.3891,0.5998,0.0787,0.3215,0.6443,True
P12,7,2037,0.3737,0.5995,0.079,0.3215,0.6626,True
P12,7,2038,0.3265,0.5999,0.0789,0.3212,0.685,True
P12,7,2039,0.309,0.6,0.079,0.321,0.7033,True
P12,7,2040,0.2799,0.6012,0.0785,0.3203,0.7215,True
P12,7,2041,0.2652,0.6013,0.0785,0.3203,0.7337,True
P12,7,2042,0.2513,0.6014,0.0785,0.3201,0.7561,True
P12,7,2043,0.2388,0.6016,0.0786,0.3198,0.7724,True
P12,7,2044,0.2302,0.6015,0.0787,0.3198,0.7866,True
P12,7,2045,0.2157,0.6013,0.0784,0.3203,0.7967,True
P12,7,2046,0.1989,0.6019,0.0785,0.3197,0.8171,True
P12,7,2047,0.1877,0.6022,0.0784,0.3194,0.8272,True
P12,7,2048,0.1799,0.6027,0.0785,0.3188,0.8455,True
P12,7,2049,0.174,0.603,0.0786,0.3184,0.8598,True
P12,7,2050,0.1707,0.6026,0.0788,0.3186,0.8638,True
P12,8,2025,1.0,0.6792,0.1003,0.2205,0.315,True
P12,8,2026,0.8948,0.666,0.0946,0.2394,0.374,True
P12,8,2027,0.7918,0.6524,0.0894,0.2582,0.4126,True
P12,8,2028,0.6979,0.6383,0.0844,0.2773,0.4634,True
P12,8,2029,0.6475,0.6235,0.08,0.2965,0.4959,True
P12,8,2030,0.5512,0.6082,0.0758,0.316,0.5447,True
P12,8,2031,0.5113,0.6077,0.076,0.3163,0.5711,True
P12,8,2032,0.4653,0.6081,0.0758,0.3161,0.6057,True
P12,8,2033,0.4352,0.6078,0.076,0.3162,0.6321,True
P12,8,2034,0.4053,0.6076,0.0761,0.3163,0.6565,True
P12,8,2035,0.3796,0.6077,0.0763,0.316,0.6911,True
P12,8,2036,0.3368,0.6076,0.0759,0.3165,0.7134,True
P12,8,2037,0.3261,0.607,0.0761,0.3169,0.7256,True
P12,8,2038,0.2792,0.6071,0.0762,0.3168,0.75,True
P12,8,2039,0.2606,0.607,0.0763,0.3167,0.7744,True
P12,8,2040,0.2346,0.607,0.0763,0.3166,0.7907,True
P12,8,2041,0.2276,0.6065,0.0766,0.317,0.8008,True
P12,8,2042,0.2125,0.6066,0.0767,0.3168,0.8313,True
P12,8,2043,0.202,0.606,0.0769,0.3171,0.8455,True
P12,8,2044,0.1974,0.6054,0.077,0.3176,0.8557,True
P12,8,2045,0.1826,0.6051,0.0769,0.318,0.8699,True
P12,8,2046,0.1727,0.6049,0.0771,0.318,0.8902,True
P12,8,2047,0.1635,0.6043,0.0772,0.3185,0.8963,True
P12,8,2048,0.1575,0.604,0.0773,0.3187,0.9106,True
P12,8,2049,0.156,0.6032,0.0775,0.3193,0.9126,True
P12,8,2050,0.1542,0.6024,0.0777,0.3198,0.9167,True
P12,9,2025,1.0,0.6796,0.1001,0.2202,0.3089,True
P12,9,2026,0.8966,0.668,0.0942,0.2378,0.3537,True
P12,9,2027,0.8026,0.655,0.0888,0.2561,0.3882,True
P12,9,2028,0.7071,0.6405,0.0841,0.2754,0.435,True
P12,9,2029,0.648,0.6243,0.0801,0.2956,0.4654,True
P12,9,2030,0.5665,0.6062,0.0766,0.3171,0.5041,True
P12,9,2031,0.5259,0.61,0.0758,0.3141,0.5305,True
P12,9,2032,0.4802,0.6153,0.0747,0.31,0.563,True
P12,9,2033,0.4516,0.6191,0.0739,0.307,0.5854,True
P12,9,2034,0.4194,0.6235,0.0731,0.3034,0.6138,True
P12,9,2035,0.3916,0.6283,0.0723,0.2994,0.6504,True
P12,9,2036,0.3471,0.6326,0.0711,0.2962,0.6748,True
P12,9,2037,0.3335,0.6359,0.0705,0.2935,0.689,True
P12,9,2038,0.2885,0.64,0.0697,0.2903,0.7114,True
P12,9,2039,0.2708,0.644,0.069,0.287,0.7317,True
P12,9,2040,0.2423,0.648,0.0682,0.2838,0.748,True
P12,9,2041,0.2286,0.6514,0.0676,0.281,0.7581,True
P12,9,2042,0.2137,0.6555,0.0668,0.2777,0.7825,True
P12,9,2043,0.2032,0.6589,0.0662,0.2749,0.7947,True
P12,9,2044,0.1938,0.6627,0.0653,0.272,0.8089,True
P12,9,2045,0.179,0.6657,0.0645,0.2698,0.8191,True
P12,9,2046,0.1617,0.6697,0.0638,0.2665,0.8394,True
P12,9,2047,0.1511,0.6729,0.0631,0.264,0.8476,True
P12,9,2048,0.1422,0.6771,0.0625,0.2605,0.8659,True
P12,9,2049,0.1352,0.6809,0.0616,0.2576,0.878,True
P12,9,2050,0.1316,0.6837,0.061,0.2553,0.8821,True
P12,10,2025,1.0,0.6796,0.1001,0.2202,0.3089,True
P12,10,2026,0.897,0.6622,0.0961,0.2418,0.3577,True
P12,10,2027,0.7901,0.6439,0.0922,0.2639,0.3943,True
P12,10,2028,0.691,0.6247,0.0886,0.2867,0.4431,True
P12,10,2029,0.6311,0.6045,0.0854,0.31,0.4776,True
P12,10,2030,0.5396,0.5838,0.0824,0.3339,0.5203,True
P12,10,2031,0.4987,0.5816,0.0831,0.3354,0.5467,True
P12,10,2032,0.4518,0.5809,0.0833,0.3358,0.5833,True
P12,10,2033,0.4217,0.579,0.0839,0.3371,0.6098,True
P12,10,2034,0.3911,0.5773,0.0845,0.3382,0.6362,True
P12,10,2035,0.3648,0.5757,0.0852,0.339,0.6728,True
P12,10,2036,0.3269,0.5747,0.0845,0.3408,0.6992,True
P12,10,2037,0.3149,0.5721,0.0853,0.3425,0.7154,True
P12,10,2038,0.2839,0.5708,0.0856,0.3437,0.7358,True
P12,10,2039,0.2677,0.5687,0.0862,0.3451,0.7561,True
P12,10,2040,0.248,0.5676,0.086,0.3464,0.7703,True
P12,10,2041,0.2406,0.5652,0.0868,0.3479,0.7825,True
P12,10,2042,0.2275,0.5636,0.0875,0.3489,0.813,True
P12,10,2043,0.2181,0.5611,0.0882,0.3507,0.8272,True
P12,10,2044,0.2136,0.5584,0.0891,0.3526,0.8394,True
P12,10,2045,0.2012,0.5558,0.0894,0.3547,0.8537,True
P12,10,2046,0.1877,0.5537,0.0901,0.3562,0.876,True
P12,10,2047,0.1803,0.5512,0.0907,0.3581,0.8841,True
P12,10,2048,0.1763,0.5486,0.0916,0.3598,0.9004,True
P12,10,2049,0.1755,0.5453,0.0925,0.3622,0.9045,True
P12,10,2050,0.1749,0.5421,0.0934,0.3646,0.9085,True
P12,11,2025,1.0,0.679,0.1003,0.2207,0.3089,True
P12,11,2026,0.9169,0.6676,0.0942,0.2383,0.3537,True
P12,11,2027,0.8247,0.6556,0.0884,0.256,0.3902,True
P12,11,2028,0.7445,0.643,0.0831,0.2739,0.437,True
P12,11,2029,0.7018,0.6299,0.0783,0.2918,0.4675,True
P12,11,2030,0.6306,0.616,0.074,0.31,0.5081,True
P12,11,2031,0.5926,0.6162,0.074,0.3098,0.5346,True
P12,11,2032,0.5467,0.6172,0.0737,0.309,0.5711,True
P12,11,2033,0.5179,0.6176,0.0737,0.3087,0.5976,True
P12,11,2034,0.4873,0.6182,0.0737,0.3082,0.626,True
P12,11,2035,0.4608,0.6189,0.0737,0.3075,0.6626,True
P12,11,2036,0.4118,0.6195,0.0733,0.3073,0.689,True
P12,11,2037,0.4002,0.6196,0.0733,0.3071,0.7053,True
P12,11,2038,0.3623,0.6201,0.0733,0.3066,0.7256,True
P12,11,2039,0.3433,0.6205,0.0733,0.3062,0.7459,True
P12,11,2040,0.3071,0.6213,0.0732,0.3056,0.7642,True
P12,11,2041,0.2894,0.6216,0.0732,0.3052,0.7785,True
P12,11,2042,0.2724,0.6222,0.0732,0.3047,0.8069,True
P12,11,2043,0.2616,0.6224,0.0732,0.3044,0.8191,True
P12,11,2044,0.2554,0.6226,0.0732,0.3042,0.8313,True
P12,11,2045,0.2367,0.623,0.0729,0.304,0.8455,True
P12,11,2046,0.2157,0.6235,0.0729,0.3036,0.8659,True
P12,11,2047,0.2039,0.6236,0.0728,0.3036,0.872,True
P12,11,2048,0.1949,0.6241,0.0728,0.3031,0.8882,True
P12,11,2049,0.1918,0.6242,0.0729,0.3029,0.8943,True
P12,11,2050,0.1895,0.6243,0.0729,0.3029,0.8984,True
P12,12,2025,1.0,0.6795,0.1002,0.2203,0.3069,True
P12,12,2026,0.9228,0.6684,0.0943,0.2373,0.3516,True
P12,12,2027,0.8341,0.657,0.0888,0.2542,0.3882,True
P12,12,2028,0.7548,0.6449,0.0837,0.2713,0.4329,True
P12,12,2029,0.7146,0.6325,0.079,0.2885,0.4654,True
P12,12,2030,0.6168,0.6194,0.0747,0.3059,0.5224,True
P12,12,2031,0.5804,0.6198,0.0746,0.3056,0.5488,True
P12,12,2032,0.539,0.6206,0.0743,0.3051,0.5793,True
P12,12,2033,0.5108,0.621,0.0743,0.3047,0.6057,True
P12,12,2034,0.4817,0.6214,0.0742,0.3043,0.6301,True
P12,12,2035,0.4551,0.622,0.0742,0.3039,0.6667,True
P12,12,2036,0.4028,0.6225,0.0739,0.3036,0.6951,True
P12,12,2037,0.3917,0.6228,0.0739,0.3033,0.7114,True
P12,12,2038,0.3357,0.6236,0.0738,0.3026,0.7398,True
P12,12,2039,0.314,0.624,0.0738,0.3022,0.7642,True
P12,12,2040,0.2801,0.6247,0.0737,0.3017,0.7846,True
P12,12,2041,0.2719,0.6249,0.0737,0.3014,0.7967,True
P12,12,2042,0.2522,0.6253,0.0736,0.301,0.8272,True
P12,12,2043,0.2399,0.6256,0.0736,0.3008,0.8415,True
P12,12,2044,0.2352,0.6257,0.0736,0.3007,0.8496,True
P12,12,2045,0.2143,0.6261,0.0734,0.3005,0.8638,True
P12,12,2046,0.1991,0.6264,0.0734,0.3002,0.8841,True
P12,12,2047,0.187,0.6266,0.0733,0.3001,0.8902,True
P12,12,2048,0.1764,0.6268,0.0733,0.2998,0.9065,True
P12,12,2049,0.174,0.627,0.0733,0.2997,0.9106,True
P12,12,2050,0.1717,0.6271,0.0733,0.2996,0.9146,True
P12,13,2025,1.0,0.6787,0.1004,0.2209,0.3293,True
P12,13,2026,0.8791,0.668,0.0941,0.238,0.3943,True
P12,13,2027,0.772,0.6572,0.0882,0.2546,0.439,True
P12,13,2028,0.6601,0.6461,0.0828,0.2712,0.5,True
P12,13,2029,0.61,0.6351,0.0777,0.2873,0.5386,True
P12,13,2030,0.5143,0.6238,0.073,0.3032,0.5976,True
P12,13,2031,0.4653,0.6227,0.0733,0.304,0.6321,True
P12,13,2032,0.4205,0.6221,0.0733,0.3046,0.6646,True
P12,13,2033,0.39,0.6212,0.0735,0.3052,0.689,True
P12,13,2034,0.3622,0.6203,0.0738,0.3059,0.7134,True
P12,13,2035,0.3411,0.6194,0.074,0.3066,0.7398,True
P12,13,2036,0.2964,0.6187,0.074,0.3073,0.7663,True
P12,13,2037,0.2834,0.6177,0.0743,0.308,0.7825,True
P12,13,2038,0.2384,0.617,0.0745,0.3086,0.8089,True
P12,13,2039,0.2188,0.6161,0.0747,0.3092,0.8333,True
P12,13,2040,0.1966,0.6152,0.0749,0.3099,0.8435,True
P12,13,2041,0.1898,0.6142,0.0751,0.3107,0.8537,True
P12,13,2042,0.1773,0.6132,0.0754,0.3114,0.8801,True
P12,13,2043,0.1691,0.6121,0.0756,0.3123,0.8902,True
P12,13,2044,0.1638,0.6111,0.0758,0.313,0.9045,True
P12,13,2045,0.1516,0.6102,0.0759,0.3139,0.9167,True
P12,13,2046,0.1447,0.6093,0.0761,0.3146,0.9329,True
P12,13,2047,0.1411,0.6082,0.0764,0.3154,0.939,True
P12,13,2048,0.1363,0.6072,0.0766,0.3162,0.9512,True
P12,13,2049,0.1353,0.6061,0.0768,0.3171,0.9533,True
P12,13,2050,0.1316,0.605,0.077,0.3179,0.9573,True
P12,14,2025,1.0,0.6797,0.1001,0.2202,0.3089,True
P12,14,2026,0.9097,0.6694,0.0941,0.2365,0.3537,True
P12,14,2027,0.8278,0.6584,0.0885,0.253,0.3882,True
P12,14,2028,0.7456,0.6464,0.0835,0.2701,0.4309,True
P12,14,2029,0.6977,0.6334,0.079,0.2875,0.4614,True
P12,14,2030,0.6268,0.619,0.075,0.306,0.498,True
P12,14,2031,0.5877,0.6217,0.0745,0.3038,0.5244,True
P12,14,2032,0.5548,0.6253,0.0736,0.3011,0.5549,True
P12,14,2033,0.5267,0.628,0.0731,0.2989,0.5772,True
P12,14,2034,0.4941,0.631,0.0725,0.2965,0.6057,True
P12,14,2035,0.4653,0.6342,0.072,0.2939,0.6423,True
P12,14,2036,0.4163,0.6372,0.0712,0.2916,0.6667,True
P12,14,2037,0.4022,0.6398,0.0707,0.2895,0.6829,True
P12,14,2038,0.352,0.6427,0.0701,0.2872,0.7053,True
P12,14,2039,0.3345,0.6454,0.0696,0.2849,0.7236,True
P12,14,2040,0.3019,0.6483,0.069,0.2826,0.7398,True
P12,14,2041,0.2861,0.6509,0.0685,0.2806,0.752,True
P12,14,2042,0.2702,0.6536,0.068,0.2784,0.7744,True
P12,14,2043,0.2586,0.6561,0.0675,0.2764,0.7866,True
P12,14,2044,0.2481,0.6588,0.0669,0.2744,0.8008,True
P12,14,2045,0.2309,0.6611,0.0662,0.2727,0.811,True
P12,14,2046,0.2096,0.6639,0.0657,0.2704,0.8313,True
P12,14,2047,0.195,0.6664,0.0652,0.2684,0.8435,True
P12,14,2048,0.1839,0.6693,0.0647,0.266,0.8618,True
P12,14,2049,0.1753,0.6721,0.064,0.2639,0.874,True
P12,14,2050,0.1715,0.6743,0.0636,0.2621,0.878,True
P12,15,2025,1.0,0.6785,0.1005,0.221,0.3171,True
P12,15,2026,0.8987,0.6678,0.0937,0.2385,0.372,True
P12,15,2027,0.8158,0.6564,0.0875,0.256,0.4045,True
P12,15,2028,0.7443,0.6444,0.0819,0.2737,0.4451,True
P12,15,2029,0.696,0.6315,0.0769,0.2916,0.4736,True
P12,15,2030,0.6227,0.6175,0.0725,0.3101,0.5122,True
P12,15,2031,0.5819,0.6184,0.0724,0.3092,0.5386,True
P12,15,2032,0.5382,0.6204,0.0719,0.3077,0.5711,True
P12,15,2033,0.5103,0.6214,0.0718,0.3068,0.5915,True
P12,15,2034,0.4782,0.6228,0.0716,0.3056,0.6179,True
P12,15,2035,0.451,0.6244,0.0715,0.3041,0.6524,True
P12,15,2036,0.4057,0.6257,0.0709,0.3035,0.6728,True
P12,15,2037,0.3935,0.6266,0.0708,0.3026,0.687,True
P12,15,2038,0.344,0.6278,0.0706,0.3016,0.7073,True
P12,15,2039,0.3266,0.629,0.0705,0.3005,0.7256,True
P12,15,2040,0.2942,0.6305,0.0703,0.2993,0.7419,True
P12,15,2041,0.2794,0.6314,0.0701,0.2985,0.752,True
P12,15,2042,0.2654,0.6326,0.0699,0.2974,0.7744,True
P12,15,2043,0.2531,0.6337,0.0698,0.2965,0.7886,True
P12,15,2044,0.2448,0.6347,0.0697,0.2956,0.8028,True
P12,15,2045,0.2294,0.6355,0.0692,0.2953,0.813,True
P12,15,2046,0.2107,0.637,0.069,0.2939,0.8333,True
P12,15,2047,0.1976,0.6382,0.0688,0.293,0.8455,True
P12,15,2048,0.189,0.6398,0.0687,0.2915,0.8638,True
P12,15,2049,0.1835,0.641,0.0685,0.2905,0.876,True
P12,15,2050,0.1805,0.6417,0.0684,0.2899,0.8801,True
P12,16,2025,1.0,0.6791,0.1003,0.2206,0.3089,True
P12,16,2026,0.9104,0.6623,0.0955,0.2422,0.3598,True
P12,16,2027,0.8072,0.6446,0.0909,0.2645,0.4024,True
P12,16,2028,0.7027,0.6262,0.0866,0.2873,0.4573,True
P12,16,2029,0.6467,0.6072,0.083,0.3099,0.5,True
P12,16,2030,0.5249,0.5887,0.0794,0.332,0.563,True
P12,16,2031,0.4782,0.5866,0.0801,0.3334,0.5996,True
P12,16,2032,0.4368,0.5851,0.0805,0.3344,0.6321,True
P12,16,2033,0.4078,0.5834,0.0811,0.3355,0.6626,True
P12,16,2034,0.3786,0.5814,0.0818,0.3368,0.689,True
P12,16,2035,0.3557,0.5796,0.0827,0.3377,0.7256,True
P12,16,2036,0.3232,0.5786,0.082,0.3394,0.7561,True
P12,16,2037,0.3119,0.576,0.083,0.341,0.7764,True
P12,16,2038,0.2601,0.5749,0.083,0.3421,0.8028,True
P12,16,2039,0.2394,0.5732,0.0837,0.3431,0.8293,True
P12,16,2040,0.2269,0.5714,0.0836,0.345,0.8415,True
P12,16,2041,0.223,0.5681,0.0845,0.3474,0.8496,True
P12,16,2042,0.2124,0.5655,0.0853,0.3492,0.872,True
P12,16,2043,0.2029,0.5624,0.0861,0.3514,0.8841,True
P12,16,2044,0.1995,0.5593,0.087,0.3537,0.8984,True
P12,16,2045,0.1849,0.5562,0.0875,0.3563,0.9106,True
P12,16,2046,0.1788,0.5533,0.0885,0.3583,0.9289,True
P12,16,2047,0.1771,0.5496,0.0894,0.361,0.9329,True
P12,16,2048,0.1732,0.5462,0.0904,0.3634,0.9451,True
P12,16,2049,0.1741,0.5422,0.0913,0.3665,0.9451,True
P12,16,2050,0.1685,0.5385,0.0922,0.3693,0.9492,True
P12,17,2025,1.0,0.6786,0.1005,0.221,0.3293,True
P12,17,2026,0.8873,0.6682,0.0936,0.2382,0.3984,True
P12,17,2027,0.7944,0.6574,0.0874,0.2553,0.437,True
P12,17,2028,0.685,0.6461,0.0816,0.2723,0.4959,True
P12,17,2029,0.6383,0.634,0.0765,0.2895,0.5305,True
P12,17,2030,0.5368,0.6217,0.0719,0.3064,0.5874,True
P12,17,2031,0.4948,0.6234,0.0717,0.3049,0.6179,True
P12,17,2032,0.4522,0.626,0.0711,0.3028,0.6504,True
P12,17,2033,0.4243,0.6281,0.0709,0.3011,0.6748,True
P12,17,2034,0.3985,0.63,0.0706,0.2994,0.6972,True
P12,17,2035,0.3789,0.632,0.0704,0.2976,0.7236,True
P12,17,2036,0.3303,0.6347,0.0693,0.296,0.752,True
P12,17,2037,0.3187,0.6366,0.0692,0.2942,0.7683,True
P12,17,2038,0.2655,0.6393,0.0688,0.2919,0.7947,True
P12,17,2039,0.2476,0.6417,0.0685,0.2898,0.8171,True
P12,17,2040,0.2208,0.6439,0.0681,0.2881,0.8293,True
P12,17,2041,0.2136,0.6457,0.0678,0.2865,0.8394,True
P12,17,2042,0.198,0.6482,0.0674,0.2844,0.8659,True
P12,17,2043,0.1874,0.6498,0.0671,0.2831,0.876,True
P12,17,2044,0.1814,0.6517,0.0668,0.2815,0.8882,True
P12,17,2045,0.1642,0.6538,0.0661,0.2801,0.9004,True
P12,17,2046,0.1528,0.6563,0.0657,0.2781,0.9187,True
P12,17,2047,0.1412,0.6581,0.0653,0.2766,0.9248,True
P12,17,2048,0.1341,0.6603,0.0649,0.2748,0.937,True
P12,17,2049,0.1315,0.662,0.0646,0.2734,0.9411,True
P12,17,2050,0.1243,0.6636,0.0643,0.272,0.9472,True
P12,18,2025,1.0,0.6796,0.1001,0.2203,0.3089,True
P12,18,2026,0.8955,0.6651,0.095,0.2399,0.3537,True
P12,18,2027,0.7838,0.6492,0.0904,0.2604,0.3902,True
P12,18,2028,0.6852,0.6317,0.0863,0.282,0.437,True
P12,18,2029,0.6219,0.6123,0.0832,0.3045,0.4675,True
P12,18,2030,0.5336,0.5912,0.0805,0.3284,0.5081,True
P12,18,2031,0.4911,0.5923,0.0805,0.3272,0.5346,True
P12,18,2032,0.4432,0.5957,0.0799,0.3244,0.5711,True
P12,18,2033,0.4132,0.5973,0.0798,0.3229,0.5955,True
P12,18,2034,0.3805,0.5993,0.0797,0.321,0.624,True
P12,18,2035,0.3537,0.6017,0.0797,0.3186,0.6585,True
P12,18,2036,0.3154,0.6048,0.0779,0.3173,0.685,True
P12,18,2037,0.2998,0.6058,0.078,0.3162,0.7033,True
P12,18,2038,0.2695,0.6081,0.0774,0.3146,0.7215,True
P12,18,2039,0.2508,0.6102,0.0772,0.3126,0.7439,True
P12,18,2040,0.2274,0.6135,0.0759,0.3106,0.7602,True
P12,18,2041,0.2134,0.6157,0.0754,0.3089,0.7744,True
P12,18,2042,0.1989,0.6183,0.0751,0.3066,0.8028,True
P12,18,2043,0.189,0.6198,0.075,0.3053,0.815,True
P12,18,2044,0.1824,0.621,0.0749,0.3042,0.8272,True
P12,18,2045,0.1682,0.6229,0.0741,0.3029,0.8415,True
P12,18,2046,0.1531,0.6252,0.0738,0.301,0.8618,True
P12,18,2047,0.1443,0.6269,0.0733,0.2998,0.8699,True
P12,18,2048,0.1387,0.6294,0.0732,0.2973,0.8862,True
P12,18,2049,0.1354,0.6303,0.0733,0.2964,0.8923,True
P12,18,2050,0.1326,0.6308,0.0734,0.2958,0.8963,True
P12,19,2025,1.0,0.6788,0.1004,0.2208,0.3008,False
P12,19,2026,0.9071,0.6642,0.0949,0.2408,0.3415,False
P12,19,2027,0.82,0.6489,0.0898,0.2613,0.374,False
P12,19,2028,0.7499,0.6329,0.085,0.2821,0.4045,False
P12,19,2029,0.6962,0.6161,0.0807,0.3032,0.435,False
P12,19,2030,0.6226,0.5982,0.0769,0.3249,0.4695,False
P12,19,2031,0.5799,0.5957,0.0775,0.3268,0.4939,False
P12,19,2032,0.5387,0.5939,0.0778,0.3284,0.5224,False
P12,19,2033,0.509,0.5914,0.0784,0.3302,0.5427,False
P12,19,2034,0.4856,0.5891,0.079,0.3319,0.565,False
P12,19,2035,0.4572,0.5868,0.0797,0.3335,0.6016,False
P12,19,2036,0.413,0.5847,0.0797,0.3356,0.626,False
P12,19,2037,0.3987,0.5821,0.0804,0.3375,0.6443,False
P12,19,2038,0.3512,0.5798,0.081,0.3393,0.6667,False
P12,19,2039,0.3347,0.5771,0.0817,0.3412,0.685,False
P12,19,2040,0.3028,0.5752,0.0821,0.3427,0.7073,False
P12,19,2041,0.2887,0.5721,0.0828,0.3451,0.7195,False
P12,19,2042,0.2784,0.5691,0.0835,0.3474,0.7378,False
P12,19,2043,0.2663,0.5664,0.0843,0.3493,0.7561,False
P12,19,2044,0.2595,0.5634,0.0851,0.3515,0.7703,False
P12,19,2045,0.2454,0.5604,0.0857,0.3539,0.7846,False
P12,19,2046,0.231,0.5575,0.0865,0.356,0.8049,False
P12,19,2047,0.2214,0.5544,0.0872,0.3583,0.815,False
P12,19,2048,0.2148,0.5515,0.0881,0.3604,0.8354,False
P12,19,2049,0.2117,0.5483,0.089,0.3627,0.8476,False
P12,19,2050,0.2108,0.5449,0.0898,0.3653,0.8516,False
P12,20,2025,1.0,0.6793,0.1002,0.2205,0.3191,True
P12,20,2026,0.8806,0.6702,0.0936,0.2363,0.378,True
P12,20,2027,0.7714,0.6607,0.0875,0.2518,0.4187,True
P12,20,2028,0.6573,0.6506,0.0819,0.2675,0.4776,True
P12,20,2029,0.6044,0.64,0.0768,0.2832,0.5122,True
P12,20,2030,0.5033,0.629,0.0722,0.2988,0.5732,True
P12,20,2031,0.455,0.6316,0.0717,0.2967,0.6077,True
P12,20,2032,0.4092,0.6348,0.0709,0.2942,0.6402,True
P12,20,2033,0.3782,0.6375,0.0704,0.292,0.6646,True
P12,20,2034,0.3499,0.6401,0.07,0.2899,0.687,True
P12,20,2035,0.3256,0.6432,0.0694,0.2874,0.7154,True
P12,20,2036,0.2779,0.6463,0.0686,0.2851,0.748,True
P12,20,2037,0.264,0.649,0.0681,0.2829,0.7642,True
P12,20,2038,0.2212,0.6521,0.0676,0.2803,0.7907,True
P12,20,2039,0.2037,0.655,0.0671,0.2779,0.813,True
P12,20,2040,0.1815,0.6577,0.0666,0.2757,0.8252,True
P12,20,2041,0.1736,0.6603,0.0661,0.2736,0.8354,True
P12,20,2042,0.1596,0.6631,0.0656,0.2713,0.8618,True
P12,20,2043,0.1505,0.6655,0.0651,0.2694,0.872,True
P12,20,2044,0.1438,0.6681,0.0645,0.2674,0.8841,True
P12,20,2045,0.1304,0.6708,0.0638,0.2654,0.8963,True
P12,20,2046,0.1195,0.6737,0.0632,0.263,0.9167,True
P12,20,2047,0.1133,0.6762,0.0627,0.261,0.9228,True
P12,20,2048,0.1073,0.6789,0.0622,0.2589,0.935,True
P12,20,2049,0.1044,0.6813,0.0618,0.257,0.939,True
P12,20,2050,0.0994,0.6837,0.0613,0.2551,0.9451,True
P12,21,2025,1.0,0.6793,0.1002,0.2205,0.311,True
P12,21,2026,0.9014,0.663,0.0954,0.2416,0.3618,True
P12,21,2027,0.7963,0.6455,0.0909,0.2636,0.3984,True
P12,21,2028,0.7025,0.6269,0.0869,0.2863,0.4451,True
P12,21,2029,0.6438,0.6068,0.0836,0.3096,0.4756,True
P12,21,2030,0.557,0.5857,0.0807,0.3335,0.5163,True
P12,21,2031,0.5164,0.5847,0.0813,0.3339,0.5427,True
P12,21,2032,0.4694,0.5855,0.0813,0.3332,0.5793,True
P12,21,2033,0.4392,0.585,0.0817,0.3333,0.6057,True
P12,21,2034,0.4072,0.5847,0.0822,0.3331,0.6341,True
P12,21,2035,0.3807,0.5846,0.0827,0.3327,0.6687,True
P12,21,2036,0.3424,0.585,0.0816,0.3334,0.6951,True
P12,21,2037,0.3301,0.5836,0.0822,0.3342,0.7093,True
P12,21,2038,0.298,0.5835,0.0821,0.3344,0.7276,True
P12,21,2039,0.2803,0.583,0.0824,0.3346,0.748,True
P12,21,2040,0.2556,0.5841,0.0816,0.3344,0.7642,True
P12,21,2041,0.2414,0.5839,0.0816,0.3344,0.7785,True
P12,21,2042,0.2276,0.5839,0.082,0.3342,0.8069,True
P12,21,2043,0.2181,0.5828,0.0824,0.3348,0.8171,True
P12,21,2044,0.2125,0.5816,0.083,0.3354,0.8293,True
P12,21,2045,0.1976,0.5808,0.0829,0.3363,0.8435,True
P12,21,2046,0.1818,0.5805,0.0831,0.3365,0.8638,True
P12,21,2047,0.1723,0.5799,0.0832,0.3369,0.872,True
P12,21,2048,0.1663,0.5797,0.0837,0.3366,0.8902,True
P12,21,2049,0.1639,0.5782,0.0843,0.3375,0.8963,True
P12,21,2050,0.1618,0.5766,0.0848,0.3386,0.9004,True
P12,22,2025,1.0,0.6792,0.1003,0.2206,0.3028,False
P12,22,2026,0.9272,0.6669,0.0944,0.2387,0.3435,False
P12,22,2027,0.8611,0.6541,0.0889,0.2571,0.3699,False
P12,22,2028,0.8074,0.6404,0.0838,0.2758,0.3984,False
P12,22,2029,0.7676,0.626,0.0792,0.2947,0.4289,False
P12,22,2030,0.7039,0.6105,0.0751,0.3144,0.4634,False
P12,22,2031,0.6707,0.6103,0.0752,0.3146,0.4858,False
P12,22,2032,0.6325,0.6108,0.0749,0.3143,0.5163,False
P12,22,2033,0.6087,0.6107,0.075,0.3144,0.5366,False
P12,22,2034,0.5917,0.6107,0.0751,0.3142,0.5589,False
P12,22,2035,0.5664,0.6109,0.0751,0.314,0.5955,False
P12,22,2036,0.5157,0.6111,0.0749,0.3141,0.622,False
P12,22,2037,0.5064,0.6109,0.075,0.3141,0.6382,False
P12,22,2038,0.4492,0.6109,0.075,0.314,0.6626,False
P12,22,2039,0.4359,0.6106,0.0752,0.3142,0.6768,False
P12,22,2040,0.3965,0.6109,0.0752,0.3139,0.6972,False
P12,22,2041,0.3827,0.6104,0.0753,0.3143,0.7073,False
P12,22,2042,0.3711,0.61,0.0753,0.3147,0.7256,False
P12,22,2043,0.3588,0.6099,0.0755,0.3146,0.7419,False
P12,22,2044,0.3513,0.6096,0.0756,0.3148,0.7561,False
P12,22,2045,0.3307,0.6094,0.0755,0.3151,0.7703,False
P12,22,2046,0.3168,0.6094,0.0756,0.315,0.7907,False
P12,22,2047,0.3017,0.6091,0.0757,0.3152,0.8008,False
P12,22,2048,0.2904,0.6091,0.0758,0.3151,0.8211,False
P12,22,2049,0.2863,0.6086,0.0759,0.3155,0.8313,False
P12,22,2050,0.2851,0.608,0.076,0.316,0.8354,False
P12,23,2025,1.0,0.6798,0.1001,0.2202,0.3008,True
P12,23,2026,0.9035,0.6617,0.0963,0.2421,0.3435,True
P12,23,2027,0.7943,0.6419,0.0928,0.2653,0.3801,True
P12,23,2028,0.6927,0.6204,0.0896,0.29,0.4268,True
P12,23,2029,0.627,0.5971,0.0872,0.3157,0.4614,True
P12,23,2030,0.5299,0.5728,0.0847,0.3425,0.5041,True
P12,23,2031,0.4903,0.5731,0.0848,0.3421,0.5325,True
P12,23,2032,0.4455,0.5754,0.0844,0.3402,0.5691,True
P12,23,2033,0.4178,0.5761,0.0844,0.3396,0.5955,True
P12,23,2034,0.3885,0.5769,0.0845,0.3386,0.622,True
P12,23,2035,0.3614,0.5782,0.0846,0.3372,0.6606,True
P12,23,2036,0.3232,0.58,0.0831,0.3369,0.689,True
P12,23,2037,0.311,0.58,0.0834,0.3366,0.7073,True
P12,23,2038,0.28,0.5816,0.083,0.3354,0.7297,True
P12,23,2039,0.2637,0.582,0.083,0.3349,0.75,True
P12,23,2040,0.2437,0.5839,0.0822,0.3339,0.7663,True
P12,23,2041,0.2356,0.584,0.0825,0.3335,0.7805,True
P12,23,2042,0.2214,0.5851,0.0825,0.3324,0.811,True
P12,23,2043,0.2115,0.5851,0.0827,0.3323,0.8252,True
P12,23,2044,0.2064,0.5846,0.0829,0.3325,0.8374,True
P12,23,2045,0.1923,0.5846,0.0826,0.3327,0.8516,True
P12,23,2046,0.1764,0.5852,0.0827,0.3322,0.874,True
P12,23,2047,0.1681,0.5849,0.0826,0.3325,0.8801,True
P12,23,2048,0.1627,0.5849,0.0829,0.3322,0.8963,True
P12,23,2049,0.1609,0.5838,0.0832,0.333,0.9004,True
P12,23,2050,0.1592,0.5827,0.0836,0.3337,0.9045,True
P12,24,2025,1.0,0.6798,0.1001,0.2201,0.3028,True
P12,24,2026,0.9019,0.6592,0.0971,0.2437,0.3476,True
P12,24,2027,0.7872,0.6372,0.0943,0.2685,0.3882,True
P12,24,2028,0.6833,0.6139,0.0916,0.2945,0.437,True
P12,24,2029,0.6187,0.5893,0.0895,0.3212,0.4715,True
P12,24,2030,0.506,0.5654,0.087,0.3477,0.5285,True
P12,24,2031,0.4629,0.5633,0.0876,0.3491,0.5589,True
P12,24,2032,0.4225,0.5622,0.0878,0.35,0.5894,True
P12,24,2033,0.3953,0.5602,0.0884,0.3514,0.6159,True
P12,24,2034,0.3671,0.5582,0.0891,0.3527,0.6402,True
P12,24,2035,0.3433,0.5566,0.0899,0.3536,0.6768,True
P12,24,2036,0.3063,0.5556,0.0891,0.3553,0.7073,True
P12,24,2037,0.2957,0.5526,0.0901,0.3573,0.7236,True
P12,24,2038,0.2549,0.552,0.0901,0.358,0.752,True
P12,24,2039,0.2417,0.5495,0.0908,0.3596,0.7744,True
P12,24,2040,0.2245,0.5485,0.0907,0.3609,0.7927,True
P12,24,2041,0.2191,0.5452,0.0917,0.3632,0.8049,True
P12,24,2042,0.2088,0.5427,0.0925,0.3648,0.8333,True
P12,24,2043,0.2015,0.5395,0.0934,0.367,0.8476,True
P12,24,2044,0.199,0.5359,0.0945,0.3696,0.8598,True
P12,24,2045,0.1893,0.5324,0.095,0.3726,0.872,True
P12,24,2046,0.1843,0.5292,0.096,0.3747,0.8923,True
P12,24,2047,0.1799,0.5257,0.0969,0.3774,0.8984,True
P12,24,2048,0.1778,0.5219,0.098,0.3801,0.9126,True
P12,24,2049,0.1792,0.5175,0.0991,0.3834,0.9146,True
P12,24,2050,0.1773,0.5134,0.1002,0.3865,0.9207,True
P12,25,2025,1.0,0.6794,0.1002,0.2204,0.3272,True
P12,25,2026,0.8838,0.6667,0.0944,0.2388,0.3902,True
P12,25,2027,0.7651,0.6535,0.0891,0.2574,0.439,True
P12,25,2028,0.6435,0.6398,0.0841,0.2761,0.5081,True
P12,25,2029,0.581,0.6257,0.0797,0.2945,0.5528,True
P12,25,2030,0.4693,0.6116,0.0755,0.3129,0.6118,True
P12,25,2031,0.4226,0.6138,0.0752,0.311,0.6504,True
P12,25,2032,0.3765,0.6173,0.0743,0.3084,0.689,True
P12,25,2033,0.3507,0.6195,0.074,0.3066,0.7134,True
P12,25,2034,0.3247,0.6216,0.0736,0.3048,0.7378,True
P12,25,2035,0.3042,0.6243,0.0733,0.3024,0.7663,True
P12,25,2036,0.2659,0.6273,0.0722,0.3005,0.7967,True
P12,25,2037,0.2521,0.6298,0.072,0.2982,0.8211,True
P12,25,2038,0.2068,0.6323,0.0715,0.2961,0.8455,True
P12,25,2039,0.1926,0.6344,0.0712,0.2944,0.8638,True
P12,25,2040,0.1768,0.6364,0.0708,0.2928,0.872,True
P12,25,2041,0.1684,0.6382,0.0705,0.2913,0.8821,True
P12,25,2042,0.1591,0.6404,0.0701,0.2896,0.8984,True
P12,25,2043,0.1555,0.6418,0.0698,0.2885,0.9024,True
P12,25,2044,0.15,0.6438,0.0694,0.2868,0.9146,True
P12,25,2045,0.1367,0.6457,0.0687,0.2856,0.9228,True
P12,25,2046,0.1287,0.6483,0.0683,0.2834,0.939,True
P12,25,2047,0.1242,0.6503,0.0679,0.2818,0.9451,True
P12,25,2048,0.1181,0.6527,0.0675,0.2798,0.9573,True
P12,25,2049,0.1161,0.6544,0.0672,0.2784,0.9593,True
P12,25,2050,0.11,0.6562,0.0668,0.277,0.9654,True
P12,26,2025,1.0,0.6789,0.1004,0.2207,0.3089,True
P12,26,2026,0.9098,0.6705,0.0934,0.2361,0.3557,True
P12,26,2027,0.8356,0.6618,0.0869,0.2512,0.3821,True
P12,26,2028,0.7749,0.6525,0.0811,0.2664,0.4126,True
P12,26,2029,0.7287,0.6426,0.0759,0.2815,0.4451,True
P12,26,2030,0.6623,0.6318,0.0712,0.297,0.4817,True
P12,26,2031,0.6227,0.6336,0.0708,0.2955,0.5041,True
P12,26,2032,0.577,0.6362,0.0702,0.2936,0.5366,True
P12,26,2033,0.5471,0.6382,0.0698,0.292,0.5569,True
P12,26,2034,0.5235,0.6403,0.0695,0.2902,0.5793,True
P12,26,2035,0.4934,0.6428,0.0691,0.2882,0.6159,True
P12,26,2036,0.4436,0.6453,0.0684,0.2864,0.6402,True
P12,26,2037,0.4297,0.6474,0.068,0.2846,0.6545,True
P12,26,2038,0.3781,0.6497,0.0676,0.2828,0.6768,True
P12,26,2039,0.3602,0.6519,0.0672,0.2809,0.6931,True
P12,26,2040,0.3249,0.6545,0.0667,0.2789,0.7114,True
P12,26,2041,0.3103,0.6565,0.0663,0.2772,0.7195,True
P12,26,2042,0.2959,0.6587,0.0658,0.2755,0.7378,True
P12,26,2043,0.2818,0.6612,0.0654,0.2734,0.7541,True
P12,26,2044,0.2715,0.6637,0.065,0.2714,0.7663,True
P12,26,2045,0.2532,0.6662,0.0642,0.2696,0.7785,True
P12,26,2046,0.2379,0.6691,0.0637,0.2672,0.7988,True
P12,26,2047,0.2228,0.6716,0.0632,0.2651,0.811,True
P12,26,2048,0.2115,0.6746,0.0627,0.2627,0.8293,True
P12,26,2049,0.2045,0.6771,0.0621,0.2608,0.8394,True
P12,26,2050,0.1998,0.6795,0.0616,0.2588,0.8435,True
P12,27,2025,1.0,0.6786,0.1005,0.2209,0.311,True
P12,27,2026,0.8843,0.6705,0.093,0.2365,0.3679,True
P12,27,2027,0.766,0.6618,0.0863,0.2519,0.4146,True
P12,27,2028,0.6509,0.6525,0.0803,0.2672,0.4776,True
P12,27,2029,0.5886,0.643,0.0749,0.2822,0.5224,True
P12,27,2030,0.4786,0.6329,0.07,0.2971,0.5833,True
P12,27,2031,0.4283,0.6363,0.0694,0.2943,0.622,True
P12,27,2032,0.3803,0.6407,0.0683,0.291,0.6606,True
P12,27,2033,0.3508,0.6443,0.0677,0.2879,0.687,True
P12,27,2034,0.317,0.648,0.0671,0.2849,0.7175,True
P12,27,2035,0.2935,0.652,0.0665,0.2815,0.75,True
P12,27,2036,0.253,0.656,0.0654,0.2785,0.7825,True
P12,27,2037,0.2374,0.6598,0.0649,0.2753,0.8069,True
P12,27,2038,0.1945,0.6636,0.0643,0.2721,0.8333,True
P12,27,2039,0.1753,0.6677,0.0633,0.269,0.8598,True
P12,27,2040,0.1576,0.6712,0.0627,0.2661,0.872,True
P12,27,2041,0.1481,0.6744,0.0621,0.2635,0.8841,True
P12,27,2042,0.1386,0.6778,0.0614,0.2608,0.9004,True
P12,27,2043,0.1334,0.6809,0.0609,0.2583,0.9085,True
P12,27,2044,0.1275,0.6841,0.0602,0.2557,0.9207,True
P12,27,2045,0.1173,0.6868,0.0597,0.2535,0.9268,True
P12,27,2046,0.1091,0.6905,0.059,0.2505,0.9431,True
P12,27,2047,0.1047,0.6935,0.0584,0.2481,0.9472,True
P12,27,2048,0.0987,0.6968,0.0578,0.2454,0.9593,True
P12,27,2049,0.0969,0.6994,0.0572,0.2434,0.9593,True
P12,27,2050,0.0922,0.7021,0.0567,0.2413,0.9634,True
P12,28,2025,1.0,0.6784,0.1005,0.2211,0.3028,True
P12,28,2026,0.9257,0.6669,0.0941,0.239,0.3476,True
P12,28,2027,0.8382,0.6549,0.0882,0.2569,0.3841,True
P12,28,2028,0.7591,0.6423,0.0827,0.275,0.4289,True
P12,28,2029,0.7192,0.6293,0.0777,0.2929,0.4614,True
P12,28,2030,0.624,0.6157,0.0732,0.3111,0.5122,True
P12,28,2031,0.5871,0.6148,0.0734,0.3118,0.5386,True
P12,28,2032,0.5473,0.6144,0.0734,0.3122,0.5691,True
P12,28,2033,0.5189,0.6138,0.0736,0.3126,0.5955,True
P12,28,2034,0.4903,0.6133,0.0738,0.313,0.6199,True
P12,28,2035,0.4646,0.6129,0.074,0.3131,0.6565,True
P12,28,2036,0.4139,0.6126,0.0737,0.3137,0.685,True
P12,28,2037,0.4031,0.612,0.074,0.314,0.7012,True
P12,28,2038,0.3456,0.6119,0.0741,0.314,0.7276,True
P12,28,2039,0.3251,0.6117,0.0743,0.314,0.752,True
P12,28,2040,0.2893,0.6119,0.0743,0.3138,0.7744,True
P12,28,2041,0.2813,0.6114,0.0745,0.3141,0.7866,True
P12,28,2042,0.263,0.6115,0.0746,0.3139,0.8171,True
P12,28,2043,0.2503,0.6111,0.0748,0.3142,0.8313,True
P12,28,2044,0.2458,0.6107,0.0749,0.3145,0.8415,True
P12,28,2045,0.2253,0.6107,0.0747,0.3146,0.8577,True
P12,28,2046,0.2124,0.6108,0.0748,0.3144,0.878,True
P12,28,2047,0.1997,0.6105,0.0748,0.3146,0.8841,True
P12,28,2048,0.1884,0.6107,0.0749,0.3144,0.9024,True
P12,28,2049,0.187,0.6103,0.075,0.3147,0.9045,True
P12,28,2050,0.185,0.6101,0.0751,0.3149,0.9085,True
P12,29,2025,1.0,0.6798,0.1001,0.2202,0.3069,False
P12,29,2026,0.915,0.6605,0.0968,0.2427,0.3516,False
P12,29,2027,0.8385,0.6403,0.0936,0.2661,0.3801,False
P12,29,2028,0.7729,0.619,0.0906,0.2904,0.4106,False
P12,29,2029,0.7195,0.5965,0.0881,0.3154,0.4431,False
P12,29,2030,0.643,0.5728,0.0857,0.3415,0.4776,False
P12,29,2031,0.6045,0.5693,0.0867,0.344,0.5041,False
P12,29,2032,0.563,0.5673,0.0871,0.3456,0.5386,False
P12,29,2033,0.539,0.5637,0.0881,0.3483,0.5569,False
P12,29,2034,0.5192,0.5603,0.0892,0.3505,0.5793,False
P12,29,2035,0.4926,0.5572,0.0903,0.3525,0.6159,False
P12,29,2036,0.4533,0.5545,0.0901,0.3555,0.6382,False
P12,29,2037,0.4411,0.5505,0.0913,0.3582,0.6565,False
P12,29,2038,0.3891,0.5477,0.0917,0.3606,0.6809,False
P12,29,2039,0.3737,0.5439,0.0928,0.3633,0.6972,False
P12,29,2040,0.3453,0.5415,0.0929,0.3656,0.7154,False
P12,29,2041,0.3329,0.5373,0.0938,0.3689,0.7256,False
P12,29,2042,0.3217,0.533,0.0949,0.372,0.7439,False
P12,29,2043,0.3099,0.5292,0.0962,0.3746,0.7602,False
P12,29,2044,0.3029,0.5249,0.0974,0.3776,0.7744,False
P12,29,2045,0.287,0.5206,0.0982,0.3812,0.7866,False
P12,29,2046,0.2682,0.5169,0.0994,0.3838,0.8089,False
P12,29,2047,0.2562,0.513,0.1005,0.3866,0.8211,False
P12,29,2048,0.2496,0.5089,0.1018,0.3893,0.8394,False
P12,29,2049,0.2469,0.5044,0.1031,0.3925,0.8496,False
P12,29,2050,0.2465,0.4996,0.1044,0.396,0.8537,False
P21,0,2025,1.0,0.6782,0.1006,0.2212,0.3293,True
P21,0,2026,0.8903,0.6687,0.0879,0.2434,0.3923,True
P21,0,2027,0.7843,0.6583,0.077,0.2647,0.435,True
P21,0,2028,0.6904,0.6464,0.0673,0.2862,0.4898,True
P21,0,2029,0.6459,0.6338,0.0589,0.3073,0.5244,True
P21,0,2030,0.556,0.6195,0.0516,0.329,0.5772,True
P21,0,2031,0.5106,0.6206,0.0514,0.3281,0.6037,True
P21,0,2032,0.4615,0.6215,0.0511,0.3274,0.6362,True
P21,0,2033,0.4293,0.6225,0.0509,0.3265,0.6585,True
P21,0,2034,0.3953,0.6236,0.0508,0.3256,0.6829,True
P21,0,2035,0.3685,0.6247,0.0506,0.3247,0.7114,True
P21,0,2036,0.3207,0.6261,0.0503,0.3235,0.7358,True
P21,0,2037,0.3064,0.6276,0.0501,0.3223,0.748,True
P21,0,2038,0.2585,0.629,0.0498,0.3212,0.7744,True
P21,0,2039,0.2385,0.6304,0.0496,0.32,0.7947,True
P21,0,2040,0.2111,0.6321,0.0493,0.3186,0.811,True
P21,0,2041,0.2015,0.6339,0.049,0.3171,0.8211,True
P21,0,2042,0.1824,0.6352,0.0488,0.316,0.8516,True
P21,0,2043,0.1703,0.637,0.0485,0.3145,0.8659,True
P21,0,2044,0.1621,0.639,0.0482,0.3128,0.878,True
P21,0,2045,0.1464,0.6411,0.0478,0.311,0.8902,True
P21,0,2046,0.1336,0.643,0.0476,0.3094,0.9085,True
P21,0,2047,0.1239,0.6453,0.0472,0.3074,0.9146,True
P21,0,2048,0.1164,0.6475,0.0469,0.3056,0.9268,True
P21,0,2049,0.1135,0.65,0.0466,0.3034,0.9289,True
P21,0,2050,0.1076,0.6524,0.0462,0.3013,0.935,True
P21,1,2025,1.0,0.679,0.1003,0.2207,0.3191,True
P21,1,2026,0.9045,0.6648,0.0896,0.2456,0.378,True
P21,1,2027,0.8062,0.6499,0.0799,0.2702,0.4228,True
P21,1,2028,0.7122,0.6331,0.0713,0.2956,0.4776,True
P21,1,2029,0.6668,0.615,0.0635,0.3215,0.5224,True
P21,1,2030,0.5685,0.595,0.0567,0.3483,0.5793,True
P21,1,2031,0.5223,0.5929,0.057,0.3501,0.6138,True
P21,1,2032,0.4732,0.5909,0.0572,0.3519,0.6504,True
P21,1,2033,0.4428,0.5889,0.0574,0.3536,0.6789,True
P21,1,2034,0.408,0.587,0.0577,0.3553,0.7093,True
P21,1,2035,0.3841,0.5851,0.0579,0.357,0.7419,True
P21,1,2036,0.3367,0.5835,0.058,0.3585,0.7724,True
P21,1,2037,0.3207,0.5817,0.0582,0.3601,0.7967,True
P21,1,2038,0.2668,0.5804,0.0583,0.3614,0.8211,True
P21,1,2039,0.2435,0.5787,0.0585,0.3628,0.8476,True
P21,1,2040,0.223,0.5777,0.0586,0.3637,0.8577,True
P21,1,2041,0.2133,0.5766,0.0587,0.3647,0.8679,True
P21,1,2042,0.1988,0.5753,0.0589,0.3658,0.8862,True
P21,1,2043,0.1944,0.5744,0.059,0.3666,0.8923,True
P21,1,2044,0.1872,0.5734,0.0591,0.3674,0.9045,True
P21,1,2045,0.1685,0.5726,0.0592,0.3681,0.9146,True
P21,1,2046,0.1564,0.5716,0.0594,0.369,0.9309,True
P21,1,2047,0.1514,0.5709,0.0595,0.3696,0.935,True
P21,1,2048,0.1415,0.57,0.0596,0.3704,0.9492,True
P21,1,2049,0.1409,0.5695,0.0597,0.3708,0.9492,True
P21,1,2050,0.1319,0.5689,0.0598,0.3713,0.9573,True
P21,2,2025,1.0,0.6783,0.1006,0.2211,0.3211,True
P21,2,2026,0.8977,0.6673,0.0881,0.2446,0.378,True
P21,2,2027,0.7953,0.655,0.0772,0.2678,0.4207,True
P21,2,2028,0.6953,0.6404,0.0677,0.2918,0.4797,True
P21,2,2029,0.6506,0.6243,0.0594,0.3164,0.5224,True
P21,2,2030,0.5485,0.6055,0.0523,0.3422,0.5833,True
P21,2,2031,0.5014,0.6063,0.0521,0.3416,0.6179,True
P21,2,2032,0.4536,0.6071,0.0518,0.3411,0.6524,True
P21,2,2033,0.4197,0.6078,0.0516,0.3406,0.6829,True
P21,2,2034,0.3873,0.6086,0.0515,0.3399,0.7093,True
P21,2,2035,0.3591,0.6092,0.0513,0.3395,0.7459,True
P21,2,2036,0.3132,0.6101,0.0511,0.3388,0.7744,True
P21,2,2037,0.2974,0.611,0.0509,0.3381,0.7967,True
P21,2,2038,0.2473,0.612,0.0507,0.3373,0.8211,True
P21,2,2039,0.2233,0.613,0.0505,0.3365,0.8435,True
P21,2,2040,0.2045,0.6144,0.0502,0.3354,0.8516,True
P21,2,2041,0.1987,0.6158,0.05,0.3342,0.8577,True
P21,2,2042,0.1824,0.6167,0.0499,0.3334,0.8801,True
P21,2,2043,0.1709,0.618,0.0497,0.3323,0.8923,True
P21,2,2044,0.1609,0.6192,0.0495,0.3312,0.9065,True
P21,2,2045,0.1431,0.6207,0.0493,0.33,0.9167,True
P21,2,2046,0.1312,0.6218,0.0492,0.329,0.9309,True
P21,2,2047,0.1258,0.6233,0.049,0.3277,0.935,True
P21,2,2048,0.1173,0.6246,0.0488,0.3266,0.9472,True
P21,2,2049,0.1158,0.6263,0.0486,0.3251,0.9472,True
P21,2,2050,0.11,0.628,0.0483,0.3237,0.9512,True
P21,3,2025,1.0,0.6794,0.1002,0.2204,0.3089,False
P21,3,2026,0.9282,0.665,0.0903,0.2447,0.3516,False
P21,3,2027,0.8632,0.6498,0.0813,0.2689,0.3841,False
P21,3,2028,0.8125,0.6331,0.0732,0.2938,0.4187,False
P21,3,2029,0.7827,0.6153,0.0657,0.319,0.4472,False
P21,3,2030,0.7303,0.596,0.0592,0.3448,0.4817,False
P21,3,2031,0.6944,0.5935,0.0595,0.347,0.5081,False
P21,3,2032,0.6534,0.5908,0.0599,0.3493,0.5386,False
P21,3,2033,0.6291,0.5883,0.0602,0.3515,0.5589,False
P21,3,2034,0.6106,0.5857,0.0606,0.3537,0.5813,False
P21,3,2035,0.5854,0.5828,0.061,0.3563,0.6159,False
P21,3,2036,0.5348,0.5804,0.0613,0.3583,0.6382,False
P21,3,2037,0.5243,0.578,0.0617,0.3603,0.6545,False
P21,3,2038,0.4681,0.5756,0.062,0.3624,0.6768,False
P21,3,2039,0.4501,0.5731,0.0623,0.3646,0.6972,False
P21,3,2040,0.4109,0.5707,0.0626,0.3666,0.7154,False
P21,3,2041,0.3966,0.5686,0.0629,0.3684,0.7256,False
P21,3,2042,0.3815,0.566,0.0634,0.3706,0.7459,False
P21,3,2043,0.3678,0.5636,0.0637,0.3726,0.7622,False
P21,3,2044,0.3584,0.5613,0.0641,0.3746,0.7764,False
P21,3,2045,0.3361,0.559,0.0645,0.3765,0.7907,False
P21,3,2046,0.3121,0.5564,0.0649,0.3787,0.8089,False
P21,3,2047,0.2961,0.5542,0.0653,0.3805,0.8191,False
P21,3,2048,0.2842,0.5517,0.0657,0.3827,0.8374,False
P21,3,2049,0.2773,0.5495,0.0661,0.3845,0.8476,False
P21,3,2050,0.275,0.5475,0.0664,0.3861,0.8516,False
P21,4,2025,1.0,0.6781,0.1006,0.2213,0.311,True
P21,4,2026,0.9002,0.6644,0.0887,0.247,0.3598,True
P21,4,2027,0.8143,0.6491,0.0781,0.2728,0.3943,True
P21,4,2028,0.7289,0.6319,0.0688,0.2994,0.4411,True
P21,4,2029,0.6826,0.6131,0.0605,0.3264,0.4715,True
P21,4,2030,0.6156,0.5921,0.0534,0.3545,0.5081,True
P21,4,2031,0.5723,0.5912,0.0534,0.3554,0.5325,True
P21,4,2032,0.5248,0.5902,0.0534,0.3564,0.563,True
P21,4,2033,0.4923,0.5892,0.0535,0.3573,0.5854,True
P21,4,2034,0.4572,0.5881,0.0536,0.3583,0.6138,True
P21,4,2035,0.4284,0.587,0.0537,0.3593,0.6463,True
P21,4,2036,0.3801,0.5863,0.0537,0.36,0.6728,True
P21,4,2037,0.3633,0.5856,0.0538,0.3606,0.689,True
P21,4,2038,0.318,0.5852,0.0538,0.361,0.7073,True
P21,4,2039,0.2985,0.5845,0.0538,0.3617,0.7276,True
P21,4,2040,0.2677,0.5841,0.0538,0.3621,0.7439,True
P21,4,2041,0.2527,0.5839,0.0538,0.3623,0.7541,True
P21,4,2042,0.2361,0.5832,0.0539,0.363,0.7805,True
P21,4,2043,0.2246,0.583,0.0539,0.3632,0.7927,True
P21,4,2044,0.2149,0.5828,0.0538,0.3633,0.8069,True
P21,4,2045,0.198,0.5828,0.0538,0.3634,0.8211,True
P21,4,2046,0.1808,0.5826,0.0538,0.3636,0.8394,True
P21,4,2047,0.1698,0.5828,0.0538,0.3634,0.8476,True
P21,4,2048,0.1603,0.5828,0.0537,0.3635,0.8659,True
P21,4,2049,0.1558,0.5832,0.0536,0.3631,0.872,True
P21,4,2050,0.1522,0.5838,0.0535,0.3627,0.876,True
P21,5,2025,1.0,0.6798,0.1001,0.2201,0.3049,True
P21,5,2026,0.9177,0.6656,0.091,0.2434,0.3455,True
P21,5,2027,0.8274,0.6498,0.0827,0.2675,0.3801,True
P21,5,2028,0.7512,0.6313,0.0755,0.2932,0.4228,True
P21,5,2029,0.7111,0.6107,0.0689,0.3204,0.4512,True
P21,5,2030,0.651,0.5872,0.0632,0.3497,0.4858,True
P21,5,2031,0.6126,0.587,0.0631,0.3499,0.5102,True
P21,5,2032,0.5678,0.5865,0.0631,0.3504,0.5386,True
P21,5,2033,0.5397,0.5862,0.0631,0.3508,0.561,True
P21,5,2034,0.5048,0.5854,0.0631,0.3515,0.5915,True
P21,5,2035,0.4721,0.5841,0.0632,0.3527,0.6301,True
P21,5,2036,0.4183,0.5837,0.0633,0.353,0.6585,True
P21,5,2037,0.4032,0.5835,0.0633,0.3532,0.6748,True
P21,5,2038,0.3629,0.5834,0.0632,0.3534,0.6972,True
P21,5,2039,0.3432,0.583,0.0632,0.3538,0.7175,True
P21,5,2040,0.3085,0.5829,0.0631,0.354,0.7358,True
P21,5,2041,0.2911,0.5829,0.0631,0.354,0.75,True
P21,5,2042,0.2713,0.5819,0.0632,0.3549,0.7785,True
P21,5,2043,0.2598,0.582,0.0632,0.3549,0.7907,True
P21,5,2044,0.2488,0.582,0.0632,0.3549,0.8028,True
P21,5,2045,0.2271,0.5819,0.0632,0.355,0.8191,True
P21,5,2046,0.2074,0.5816,0.0632,0.3552,0.8354,True
P21,5,2047,0.1948,0.582,0.0631,0.3549,0.8435,True
P21,5,2048,0.1807,0.5814,0.0632,0.3554,0.8638,True
P21,5,2049,0.1762,0.5817,0.0631,0.3552,0.8699,True
P21,5,2050,0.1745,0.5823,0.0629,0.3548,0.872,True
P21,6,2025,1.0,0.6797,0.1001,0.2202,0.3333,True
P21,6,2026,0.8887,0.664,0.091,0.2451,0.3984,True
P21,6,2027,0.7815,0.6472,0.0827,0.2701,0.4431,True
P21,6,2028,0.6756,0.628,0.0753,0.2967,0.5061,True
P21,6,2029,0.6262,0.6073,0.0685,0.3243,0.5488,True
P21,6,2030,0.5288,0.5838,0.0625,0.3538,0.6077,True
P21,6,2031,0.4832,0.5817,0.0628,0.3556,0.6402,True
P21,6,2032,0.4319,0.5795,0.063,0.3575,0.6768,True
P21,6,2033,0.4018,0.5777,0.0632,0.3591,0.7033,True
P21,6,2034,0.3731,0.576,0.0635,0.3605,0.7276,True
P21,6,2035,0.3463,0.574,0.0637,0.3623,0.7602,True
P21,6,2036,0.3025,0.5725,0.0639,0.3636,0.7866,True
P21,6,2037,0.2882,0.5709,0.064,0.3651,0.8069,True
P21,6,2038,0.2405,0.5695,0.0642,0.3663,0.8313,True
P21,6,2039,0.2217,0.5681,0.0643,0.3676,0.8516,True
P21,6,2040,0.2043,0.5673,0.0644,0.3683,0.8598,True
P21,6,2041,0.1991,0.5663,0.0645,0.3691,0.8659,True
P21,6,2042,0.1852,0.5648,0.0648,0.3704,0.8862,True
P21,6,2043,0.1748,0.5638,0.065,0.3713,0.8984,True
P21,6,2044,0.1656,0.5627,0.0651,0.3722,0.9126,True
P21,6,2045,0.1509,0.562,0.0652,0.3728,0.9207,True
P21,6,2046,0.1412,0.5609,0.0654,0.3737,0.935,True
P21,6,2047,0.1369,0.5602,0.0655,0.3743,0.939,True
P21,6,2048,0.13,0.5592,0.0656,0.3752,0.9512,True
P21,6,2049,0.1286,0.5586,0.0657,0.3757,0.9533,True
P21,6,2050,0.1238,0.558,0.0659,0.3762,0.9573,True
P21,7,2025,1.0,0.6795,0.1002,0.2203,0.3008,True
P21,7,2026,0.9152,0.664,0.0906,0.2454,0.3374,True
P21,7,2027,0.8392,0.6472,0.0819,0.2709,0.3659,True
P21,7,2028,0.7877,0.6281,0.0742,0.2977,0.3943,True
P21,7,2029,0.7409,0.6069,0.0673,0.3258,0.4248,True
P21,7,2030,0.6829,0.5834,0.0613,0.3553,0.4492,True
P21,7,2031,0.6428,0.5815,0.0616,0.357,0.4736,True
P21,7,2032,0.5996,0.5797,0.0618,0.3585,0.5,True
P21,7,2033,0.5682,0.5779,0.0621,0.3601,0.5203,True
P21,7,2034,0.5321,0.576,0.0625,0.3616,0.5447,True
P21,7,2035,0.4991,0.5737,0.0629,0.3634,0.5793,True
P21,7,2036,0.4506,0.5725,0.0627,0.3648,0.6057,True
P21,7,2037,0.4323,0.5709,0.063,0.3662,0.624,True
P21,7,2038,0.3814,0.5696,0.063,0.3674,0.6504,True
P21,7,2039,0.359,0.5679,0.0633,0.3688,0.6728,True
P21,7,2040,0.3255,0.5671,0.0631,0.3697,0.6931,True
P21,7,2041,0.3088,0.5661,0.0632,0.3707,0.7053,True
P21,7,2042,0.2886,0.5646,0.0635,0.3719,0.7297,True
P21,7,2043,0.2736,0.5633,0.0637,0.373,0.748,True
P21,7,2044,0.2619,0.5622,0.0638,0.374,0.7642,True
P21,7,2045,0.2375,0.5615,0.0638,0.3747,0.7785,True
P21,7,2046,0.2184,0.5606,0.0639,0.3755,0.7967,True
P21,7,2047,0.2051,0.56,0.0641,0.3759,0.8069,True
P21,7,2048,0.1927,0.559,0.0643,0.3767,0.8293,True
P21,7,2049,0.1853,0.5584,0.0643,0.3773,0.8415,True
P21,7,2050,0.1811,0.5577,0.0645,0.3778,0.8455,True
P21,8,2025,1.0,0.6792,0.1003,0.2205,0.313,True
P21,8,2026,0.9053,0.6643,0.0899,0.2458,0.3679,True
P21,8,2027,0.8104,0.6483,0.0806,0.2711,0.4045,True
P21,8,2028,0.7243,0.6303,0.0723,0.2975,0.4553,True
P21,8,2029,0.6809,0.6108,0.0648,0.3244,0.4898,True
P21,8,2030,0.5921,0.589,0.0583,0.3527,0.5386,True
P21,8,2031,0.5527,0.5873,0.0585,0.3542,0.563,True
P21,8,2032,0.5076,0.5854,0.0587,0.3558,0.5935,True
P21,8,2033,0.4774,0.5836,0.0589,0.3575,0.6179,True
P21,8,2034,0.4436,0.5817,0.0592,0.3591,0.6443,True
P21,8,2035,0.4248,0.5797,0.0594,0.3609,0.6728,True
P21,8,2036,0.3754,0.5782,0.0596,0.3623,0.6992,True
P21,8,2037,0.363,0.5767,0.0598,0.3635,0.7114,True
P21,8,2038,0.3139,0.5752,0.0599,0.3649,0.7358,True
P21,8,2039,0.2911,0.5734,0.0601,0.3665,0.7602,True
P21,8,2040,0.2618,0.572,0.0602,0.3678,0.7785,True
P21,8,2041,0.2533,0.5707,0.0604,0.369,0.7886,True
P21,8,2042,0.234,0.5687,0.0607,0.3707,0.8191,True
P21,8,2043,0.222,0.5673,0.0608,0.3719,0.8333,True
P21,8,2044,0.2151,0.5662,0.061,0.3728,0.8435,True
P21,8,2045,0.1973,0.565,0.0612,0.3739,0.8577,True
P21,8,2046,0.1848,0.5636,0.0614,0.3751,0.874,True
P21,8,2047,0.1745,0.5627,0.0615,0.3758,0.8801,True
P21,8,2048,0.1641,0.5612,0.0617,0.3771,0.8984,True
P21,8,2049,0.1616,0.5604,0.0618,0.3778,0.9004,True
P21,8,2050,0.1594,0.5595,0.0619,0.3786,0.9045,True
P21,9,2025,1.0,0.6796,0.1001,0.2202,0.3069,True
P21,9,2026,0.9091,0.6665,0.0899,0.2437,0.3476,True
P21,9,2027,0.824,0.6511,0.0809,0.268,0.3821,True
P21,9,2028,0.7411,0.6327,0.073,0.2943,0.4248,True
P21,9,2029,0.6943,0.6111,0.0662,0.3227,0.4533,True
P21,9,2030,0.6252,0.5854,0.0604,0.3542,0.4898,True
P21,9,2031,0.5834,0.5868,0.0601,0.3531,0.5142,True
P21,9,2032,0.5367,0.5881,0.0597,0.3522,0.5427,True
P21,9,2033,0.5054,0.5894,0.0595,0.3511,0.565,True
P21,9,2034,0.4702,0.5905,0.0592,0.3503,0.5935,True
P21,9,2035,0.4384,0.591,0.059,0.3499,0.6301,True
P21,9,2036,0.3896,0.5925,0.0587,0.3488,0.6545,True
P21,9,2037,0.3735,0.594,0.0584,0.3476,0.6687,True
P21,9,2038,0.3259,0.5956,0.058,0.3464,0.6911,True
P21,9,2039,0.3056,0.5968,0.0578,0.3454,0.7114,True
P21,9,2040,0.2729,0.5984,0.0574,0.3442,0.7297,True
P21,9,2041,0.2568,0.6,0.0571,0.3428,0.7419,True
P21,9,2042,0.2392,0.6009,0.057,0.3421,0.7663,True
P21,9,2043,0.2271,0.6025,0.0567,0.3408,0.7785,True
P21,9,2044,0.2144,0.6041,0.0564,0.3395,0.7927,True
P21,9,2045,0.1968,0.6058,0.0561,0.3381,0.8049,True
P21,9,2046,0.1776,0.6071,0.0559,0.337,0.8232,True
P21,9,2047,0.1657,0.609,0.0556,0.3354,0.8313,True
P21,9,2048,0.1522,0.61,0.0554,0.3346,0.8537,True
P21,9,2049,0.1428,0.6115,0.0552,0.3333,0.8659,True
P21,9,2050,0.14,0.6135,0.0549,0.3316,0.8679,True
P21,10,2025,1.0,0.6796,0.1001,0.2202,0.3069,True
P21,10,2026,0.9109,0.6606,0.0917,0.2477,0.3496,True
P21,10,2027,0.8125,0.6401,0.0839,0.2761,0.3862,True
P21,10,2028,0.7262,0.617,0.0768,0.3061,0.4309,True
P21,10,2029,0.6791,0.5919,0.0704,0.3377,0.4634,True
P21,10,2030,0.6045,0.564,0.0647,0.3713,0.502,True
P21,10,2031,0.5622,0.5601,0.0654,0.3745,0.5285,True
P21,10,2032,0.5155,0.5562,0.066,0.3778,0.561,True
P21,10,2033,0.4831,0.5523,0.0666,0.3811,0.5874,True
P21,10,2034,0.4499,0.5484,0.0674,0.3842,0.6138,True
P21,10,2035,0.4198,0.5442,0.0682,0.3877,0.6504,True
P21,10,2036,0.3765,0.5414,0.068,0.3906,0.6768,True
P21,10,2037,0.3615,0.5377,0.0687,0.3936,0.6951,True
P21,10,2038,0.3226,0.5346,0.069,0.3964,0.7195,True
P21,10,2039,0.303,0.531,0.0697,0.3993,0.7398,True
P21,10,2040,0.2785,0.5284,0.0698,0.4018,0.7561,True
P21,10,2041,0.2685,0.525,0.0704,0.4047,0.7703,True
P21,10,2042,0.2506,0.5211,0.0711,0.4078,0.8008,True
P21,10,2043,0.2392,0.5178,0.0717,0.4105,0.815,True
P21,10,2044,0.2322,0.5146,0.0723,0.4132,0.8272,True
P21,10,2045,0.2157,0.5116,0.0727,0.4157,0.8435,True
P21,10,2046,0.1975,0.5083,0.0733,0.4184,0.8659,True
P21,10,2047,0.1887,0.5055,0.0739,0.4207,0.872,True
P21,10,2048,0.1793,0.5022,0.0745,0.4233,0.8923,True
P21,10,2049,0.1773,0.4991,0.0751,0.4257,0.8963,True
P21,10,2050,0.1755,0.496,0.0758,0.4282,0.9004,True
P21,11,2025,1.0,0.679,0.1003,0.2207,0.3028,False
P21,11,2026,0.9266,0.6661,0.0893,0.2446,0.3435,False
P21,11,2027,0.8406,0.652,0.0794,0.2686,0.3801,False
P21,11,2028,0.7705,0.6361,0.0707,0.2932,0.4228,False
P21,11,2029,0.7378,0.6189,0.0629,0.3182,0.4512,False
P21,11,2030,0.6766,0.5996,0.0561,0.3442,0.4919,False
P21,11,2031,0.6401,0.5987,0.0562,0.3451,0.5163,False
P21,11,2032,0.5964,0.5976,0.0563,0.3462,0.5488,False
P21,11,2033,0.567,0.5964,0.0564,0.3472,0.5752,False
P21,11,2034,0.5353,0.5953,0.0565,0.3482,0.6037,False
P21,11,2035,0.508,0.594,0.0566,0.3494,0.6382,False
P21,11,2036,0.454,0.5931,0.0567,0.3502,0.6667,False
P21,11,2037,0.4411,0.5923,0.0568,0.351,0.6829,False
P21,11,2038,0.402,0.5916,0.0568,0.3517,0.7033,False
P21,11,2039,0.3801,0.5906,0.0569,0.3525,0.7236,False
P21,11,2040,0.3401,0.5899,0.0569,0.3532,0.7439,False
P21,11,2041,0.3204,0.5892,0.057,0.3539,0.7602,False
P21,11,2042,0.3001,0.588,0.0571,0.3549,0.7886,False
P21,11,2043,0.2884,0.5875,0.0572,0.3554,0.8008,False
P21,11,2044,0.2801,0.5869,0.0572,0.3558,0.813,False
P21,11,2045,0.2583,0.5865,0.0573,0.3563,0.8272,False
P21,11,2046,0.2346,0.5858,0.0574,0.3569,0.8455,False
P21,11,2047,0.2219,0.5855,0.0574,0.3571,0.8516,False
P21,11,2048,0.2057,0.5847,0.0575,0.3579,0.874,False
P21,11,2049,0.2027,0.5845,0.0575,0.3581,0.878,False
P21,11,2050,0.2013,0.5843,0.0575,0.3582,0.8801,False
P21,12,2025,1.0,0.6795,0.1002,0.2203,0.3028,True
P21,12,2026,0.9308,0.6669,0.0898,0.2432,0.3394,True
P21,12,2027,0.8536,0.6535,0.0805,0.266,0.3699,True
P21,12,2028,0.7987,0.6384,0.0721,0.2895,0.4065,True
P21,12,2029,0.7685,0.6217,0.0647,0.3136,0.437,True
P21,12,2030,0.686,0.6027,0.0583,0.339,0.4837,True
P21,12,2031,0.6532,0.6019,0.0583,0.3398,0.5102,True
P21,12,2032,0.6156,0.6012,0.0584,0.3405,0.5346,True
P21,12,2033,0.5915,0.6004,0.0584,0.3412,0.5549,True
P21,12,2034,0.5623,0.5996,0.0585,0.3418,0.5772,True
P21,12,2035,0.541,0.5983,0.0586,0.3431,0.6098,True
P21,12,2036,0.483,0.5972,0.0588,0.344,0.6443,True
P21,12,2037,0.4699,0.5965,0.0588,0.3447,0.6606,True
P21,12,2038,0.4067,0.5954,0.0589,0.3457,0.6951,True
P21,12,2039,0.3782,0.5942,0.059,0.3469,0.7236,True
P21,12,2040,0.3393,0.5931,0.059,0.3478,0.75,True
P21,12,2041,0.3294,0.5926,0.0591,0.3484,0.7642,True
P21,12,2042,0.3022,0.5912,0.0593,0.3496,0.7967,True
P21,12,2043,0.2883,0.5906,0.0593,0.3501,0.813,True
P21,12,2044,0.2807,0.5902,0.0594,0.3504,0.8232,True
P21,12,2045,0.2476,0.5897,0.0595,0.3508,0.8394,True
P21,12,2046,0.2313,0.589,0.0596,0.3514,0.8557,True
P21,12,2047,0.2131,0.5888,0.0596,0.3516,0.8638,True
P21,12,2048,0.1961,0.5878,0.0597,0.3525,0.8862,True
P21,12,2049,0.1954,0.5879,0.0597,0.3524,0.8862,True
P21,12,2050,0.1916,0.5877,0.0597,0.3526,0.8923,True
P21,13,2025,1.0,0.6787,0.1004,0.2209,0.3293,True
P21,13,2026,0.8866,0.6662,0.089,0.2448,0.3902,True
P21,13,2027,0.7838,0.653,0.079,0.268,0.4329,True
P21,13,2028,0.6754,0.6382,0.07,0.2918,0.4939,True
P21,13,2029,0.6293,0.6228,0.0619,0.3152,0.5325,True
P21,13,2030,0.5361,0.6058,0.0549,0.3393,0.5915,True
P21,13,2031,0.4881,0.6039,0.0551,0.341,0.622,True
P21,13,2032,0.4403,0.6019,0.0553,0.3428,0.6545,True
P21,13,2033,0.407,0.6,0.0555,0.3445,0.6809,True
P21,13,2034,0.3772,0.5981,0.0558,0.3461,0.7053,True
P21,13,2035,0.3535,0.5962,0.056,0.3478,0.7317,True
P21,13,2036,0.3036,0.5944,0.0563,0.3494,0.7622,True
P21,13,2037,0.2892,0.5927,0.0564,0.3508,0.7785,True
P21,13,2038,0.2427,0.591,0.0566,0.3524,0.8049,True
P21,13,2039,0.2205,0.5892,0.0568,0.354,0.8293,True
P21,13,2040,0.1974,0.5879,0.057,0.3552,0.8394,True
P21,13,2041,0.1896,0.5864,0.0571,0.3564,0.8496,True
P21,13,2042,0.1747,0.5845,0.0574,0.3581,0.876,True
P21,13,2043,0.165,0.5831,0.0576,0.3593,0.8882,True
P21,13,2044,0.1578,0.5816,0.0579,0.3605,0.9024,True
P21,13,2045,0.1439,0.5803,0.0581,0.3616,0.9146,True
P21,13,2046,0.1348,0.5786,0.0583,0.363,0.9309,True
P21,13,2047,0.131,0.5774,0.0585,0.3641,0.935,True
P21,13,2048,0.1251,0.576,0.0587,0.3653,0.9472,True
P21,13,2049,0.1244,0.575,0.0588,0.3662,0.9472,True
P21,13,2050,0.1205,0.5739,0.059,0.3671,0.9512,True
P21,14,2025,1.0,0.6797,0.1001,0.2202,0.3049,True
P21,14,2026,0.9207,0.6678,0.0899,0.2423,0.3435,True
P21,14,2027,0.8474,0.6544,0.0807,0.2648,0.376,True
P21,14,2028,0.7863,0.6386,0.0728,0.2886,0.4126,True
P21,14,2029,0.7469,0.6206,0.0657,0.3137,0.4411,True
P21,14,2030,0.6898,0.5998,0.0596,0.3406,0.4715,True
P21,14,2031,0.6552,0.6009,0.0593,0.3398,0.4939,True
P21,14,2032,0.6259,0.6019,0.0591,0.339,0.5163,True
P21,14,2033,0.598,0.603,0.0588,0.3382,0.5366,True
P21,14,2034,0.5626,0.6036,0.0587,0.3377,0.565,True
P21,14,2035,0.5369,0.6038,0.0586,0.3376,0.5996,True
P21,14,2036,0.4827,0.6046,0.0584,0.337,0.628,True
P21,14,2037,0.4656,0.6057,0.0581,0.3362,0.6443,True
P21,14,2038,0.4127,0.6067,0.0579,0.3354,0.6687,True
P21,14,2039,0.3902,0.6075,0.0577,0.3348,0.6911,True
P21,14,2040,0.3538,0.6087,0.0574,0.3339,0.7093,True
P21,14,2041,0.3367,0.61,0.0572,0.3328,0.7215,True
P21,14,2042,0.3147,0.6107,0.0571,0.3323,0.7459,True
P21,14,2043,0.3019,0.6119,0.0568,0.3313,0.7581,True
P21,14,2044,0.2874,0.613,0.0566,0.3304,0.7744,True
P21,14,2045,0.2592,0.6144,0.0564,0.3292,0.7886,True
P21,14,2046,0.2367,0.6153,0.0563,0.3285,0.8069,True
P21,14,2047,0.2212,0.6167,0.056,0.3272,0.8171,True
P21,14,2048,0.2049,0.6173,0.0559,0.3268,0.8394,True
P21,14,2049,0.1939,0.6185,0.0557,0.3258,0.8516,True
P21,14,2050,0.1895,0.6201,0.0554,0.3245,0.8557,True
P21,15,2025,1.0,0.6785,0.1005,0.221,0.313,True
P21,15,2026,0.9105,0.6662,0.0887,0.2452,0.3618,True
P21,15,2027,0.8345,0.6526,0.0782,0.2692,0.3943,True
P21,15,2028,0.7713,0.6371,0.069,0.2938,0.435,True
P21,15,2029,0.7326,0.6202,0.0609,0.3189,0.4634,True
P21,15,2030,0.6681,0.6011,0.0539,0.345,0.502,True
P21,15,2031,0.6279,0.6008,0.0539,0.3453,0.5264,True
P21,15,2032,0.5816,0.6004,0.0538,0.3458,0.5589,True
P21,15,2033,0.5511,0.6001,0.0538,0.3461,0.5813,True
P21,15,2034,0.517,0.5997,0.0539,0.3465,0.6077,True
P21,15,2035,0.487,0.5991,0.0539,0.347,0.6423,True
P21,15,2036,0.4376,0.5991,0.0538,0.3471,0.6646,True
P21,15,2037,0.4229,0.5989,0.0538,0.3473,0.6809,True
P21,15,2038,0.3719,0.599,0.0537,0.3474,0.7012,True
P21,15,2039,0.353,0.5988,0.0536,0.3476,0.7195,True
P21,15,2040,0.3187,0.5989,0.0535,0.3476,0.7358,True
P21,15,2041,0.3028,0.599,0.0535,0.3475,0.7459,True
P21,15,2042,0.286,0.5988,0.0535,0.3477,0.7683,True
P21,15,2043,0.2717,0.5987,0.0535,0.3478,0.7846,True
P21,15,2044,0.2613,0.5988,0.0534,0.3478,0.7988,True
P21,15,2045,0.2442,0.5991,0.0533,0.3476,0.8089,True
P21,15,2046,0.2224,0.5991,0.0533,0.3476,0.8293,True
P21,15,2047,0.2079,0.5993,0.0533,0.3474,0.8394,True
P21,15,2048,0.1965,0.5994,0.0532,0.3474,0.8577,True
P21,15,2049,0.1886,0.5996,0.0531,0.3472,0.8699,True
P21,15,2050,0.1849,0.6,0.0531,0.3469,0.874,True
P21,16,2025,1.0,0.6791,0.1003,0.2206,0.3089,True
P21,16,2026,0.9221,0.6609,0.0906,0.2485,0.3537,True
P21,16,2027,0.8337,0.6412,0.0818,0.2771,0.3923,True
P21,16,2028,0.7572,0.6191,0.0739,0.3071,0.4411,True
P21,16,2029,0.7195,0.5949,0.0667,0.3383,0.4797,True
P21,16,2030,0.6188,0.568,0.0605,0.3715,0.5407,True
P21,16,2031,0.5758,0.5637,0.0612,0.3751,0.5711,True
P21,16,2032,0.5378,0.5598,0.0618,0.3784,0.5976,True
P21,16,2033,0.5082,0.5556,0.0625,0.3819,0.626,True
P21,16,2034,0.4737,0.5513,0.0633,0.3854,0.6565,True
P21,16,2035,0.4448,0.5469,0.0641,0.389,0.6951,True
P21,16,2036,0.4042,0.5437,0.0638,0.3925,0.7276,True
P21,16,2037,0.3916,0.5397,0.0645,0.3958,0.748,True
P21,16,2038,0.3292,0.5363,0.0648,0.3989,0.7764,True
P21,16,2039,0.3002,0.5324,0.0655,0.4021,0.8049,True
P21,16,2040,0.2793,0.5294,0.0656,0.4051,0.8232,True
P21,16,2041,0.2742,0.5257,0.0662,0.4081,0.8313,True
P21,16,2042,0.2581,0.5219,0.0669,0.4113,0.8537,True
P21,16,2043,0.246,0.5183,0.0675,0.4142,0.8659,True
P21,16,2044,0.2371,0.5147,0.0681,0.4172,0.8821,True
P21,16,2045,0.2064,0.5115,0.0684,0.4201,0.8963,True
P21,16,2046,0.1956,0.5079,0.0691,0.4229,0.9106,True
P21,16,2047,0.1918,0.5045,0.0698,0.4257,0.9146,True
P21,16,2048,0.1794,0.5009,0.0705,0.4286,0.9329,True
P21,16,2049,0.1799,0.4976,0.0711,0.4313,0.9329,True
P21,16,2050,0.1731,0.4941,0.0718,0.4341,0.937,True
P21,17,2025,1.0,0.6786,0.1005,0.221,0.3272,True
P21,17,2026,0.8957,0.6663,0.0886,0.2451,0.3923,True
P21,17,2027,0.8109,0.6529,0.0781,0.269,0.4309,True
P21,17,2028,0.7147,0.6373,0.069,0.2937,0.4878,True
P21,17,2029,0.6788,0.6202,0.0609,0.3189,0.5224,True
P21,17,2030,0.589,0.6003,0.054,0.3458,0.5793,True
P21,17,2031,0.5488,0.6005,0.0539,0.3456,0.6057,True
P21,17,2032,0.5072,0.6008,0.0537,0.3454,0.6341,True
P21,17,2033,0.4775,0.601,0.0537,0.3453,0.6585,True
P21,17,2034,0.4455,0.6013,0.0536,0.3451,0.6829,True
P21,17,2035,0.4264,0.6017,0.0536,0.3447,0.7053,True
P21,17,2036,0.3704,0.6023,0.0532,0.3445,0.7358,True
P21,17,2037,0.3571,0.6027,0.0531,0.3441,0.752,True
P21,17,2038,0.3011,0.6033,0.0529,0.3438,0.7785,True
P21,17,2039,0.2776,0.6037,0.0529,0.3435,0.8028,True
P21,17,2040,0.2474,0.6046,0.0526,0.3428,0.8171,True
P21,17,2041,0.2388,0.6053,0.0525,0.3422,0.8272,True
P21,17,2042,0.2189,0.6057,0.0524,0.3419,0.8537,True
P21,17,2043,0.2062,0.6065,0.0523,0.3412,0.8659,True
P21,17,2044,0.198,0.6073,0.0521,0.3406,0.878,True
P21,17,2045,0.1764,0.6085,0.0518,0.3397,0.8923,True
P21,17,2046,0.1623,0.6094,0.0517,0.3389,0.9065,True
P21,17,2047,0.1496,0.6106,0.0515,0.3378,0.9126,True
P21,17,2048,0.1383,0.6116,0.0514,0.337,0.9268,True
P21,17,2049,0.1371,0.6128,0.0512,0.3359,0.9268,True
P21,17,2050,0.1283,0.614,0.051,0.335,0.935,True
P21,18,2025,1.0,0.6796,0.1001,0.2203,0.3069,True
P21,18,2026,0.9086,0.6637,0.0906,0.2457,0.3476,True
P21,18,2027,0.807,0.6456,0.082,0.2723,0.3841,True
P21,18,2028,0.7227,0.6245,0.0746,0.3009,0.4268,True
P21,18,2029,0.6739,0.6002,0.0681,0.3316,0.4553,True
P21,18,2030,0.6031,0.5716,0.0627,0.3657,0.4939,True
P21,18,2031,0.5599,0.5707,0.0629,0.3665,0.5183,True
P21,18,2032,0.5114,0.5696,0.0629,0.3674,0.5508,True
P21,18,2033,0.4784,0.5686,0.0632,0.3682,0.5752,True
P21,18,2034,0.4425,0.5675,0.0634,0.3691,0.6037,True
P21,18,2035,0.4115,0.5662,0.0638,0.3701,0.6382,True
P21,18,2036,0.3676,0.5665,0.0629,0.3706,0.6646,True
P21,18,2037,0.3492,0.5657,0.0631,0.3712,0.6829,True
P21,18,2038,0.312,0.5657,0.0629,0.3714,0.7033,True
P21,18,2039,0.2897,0.565,0.0631,0.3719,0.7256,True
P21,18,2040,0.2612,0.5658,0.0625,0.3718,0.7439,True
P21,18,2041,0.2438,0.5656,0.0624,0.372,0.7602,True
P21,18,2042,0.2252,0.5648,0.0625,0.3727,0.7886,True
P21,18,2043,0.2134,0.5645,0.0626,0.3729,0.8008,True
P21,18,2044,0.2042,0.5645,0.0625,0.373,0.813,True
P21,18,2045,0.1864,0.5648,0.0623,0.3729,0.8293,True
P21,18,2046,0.168,0.5649,0.0623,0.3728,0.8476,True
P21,18,2047,0.1579,0.5653,0.0622,0.3724,0.8537,True
P21,18,2048,0.1471,0.5656,0.0623,0.3721,0.874,True
P21,18,2049,0.1425,0.5656,0.0624,0.372,0.8801,True
P21,18,2050,0.1387,0.5655,0.0625,0.372,0.8841,True
P21,19,2025,1.0,0.6788,0.1004,0.2208,0.2988,False
P21,19,2026,0.9191,0.663,0.0899,0.247,0.3272,False
P21,19,2027,0.8463,0.6461,0.0804,0.2735,0.3516,False
P21,19,2028,0.8046,0.6276,0.0719,0.3005,0.3679,False
P21,19,2029,0.7624,0.6074,0.0643,0.3284,0.3984,False
P21,19,2030,0.7053,0.5856,0.0576,0.3568,0.4228,False
P21,19,2031,0.6648,0.582,0.0581,0.36,0.4472,False
P21,19,2032,0.6243,0.5786,0.0585,0.3629,0.4695,False
P21,19,2033,0.596,0.5751,0.059,0.3658,0.4837,False
P21,19,2034,0.5671,0.5712,0.0596,0.3692,0.5102,False
P21,19,2035,0.5422,0.5671,0.0602,0.3726,0.5427,False
P21,19,2036,0.4912,0.5636,0.0606,0.3759,0.5732,False
P21,19,2037,0.4732,0.5599,0.0611,0.379,0.5935,False
P21,19,2038,0.4205,0.5562,0.0616,0.3822,0.622,False
P21,19,2039,0.3984,0.5524,0.0622,0.3854,0.6443,False
P21,19,2040,0.364,0.549,0.0626,0.3884,0.6646,False
P21,19,2041,0.3484,0.5456,0.0631,0.3912,0.6748,False
P21,19,2042,0.3313,0.5419,0.0638,0.3942,0.6951,False
P21,19,2043,0.3159,0.5382,0.0644,0.3974,0.7154,False
P21,19,2044,0.305,0.5345,0.065,0.4005,0.7337,False
P21,19,2045,0.2808,0.5311,0.0655,0.4033,0.75,False
P21,19,2046,0.2628,0.5274,0.0662,0.4064,0.7703,False
P21,19,2047,0.2468,0.524,0.0668,0.4092,0.7825,False
P21,19,2048,0.2354,0.5202,0.0674,0.4124,0.8069,False
P21,19,2049,0.2308,0.5168,0.068,0.4152,0.8171,False
P21,19,2050,0.228,0.5134,0.0686,0.4179,0.8211,False
P21,20,2025,1.0,0.6793,0.1002,0.2205,0.315,True
P21,20,2026,0.8863,0.6683,0.089,0.2427,0.3699,True
P21,20,2027,0.7844,0.6564,0.0791,0.2646,0.4085,True
P21,20,2028,0.6796,0.6421,0.0704,0.2875,0.4654,True
P21,20,2029,0.6306,0.6264,0.0627,0.3109,0.502,True
P21,20,2030,0.5345,0.6078,0.0561,0.3361,0.563,True
P21,20,2031,0.4853,0.6086,0.0559,0.3355,0.5955,True
P21,20,2032,0.4362,0.6095,0.0556,0.3349,0.628,True
P21,20,2033,0.4022,0.6104,0.0554,0.3342,0.6545,True
P21,20,2034,0.3689,0.6115,0.0552,0.3333,0.6789,True
P21,20,2035,0.3423,0.6123,0.055,0.3327,0.7093,True
P21,20,2036,0.2909,0.6132,0.0548,0.3319,0.7419,True
P21,20,2037,0.275,0.6144,0.0546,0.331,0.7602,True
P21,20,2038,0.2305,0.6155,0.0543,0.3301,0.7866,True
P21,20,2039,0.2108,0.6166,0.0541,0.3293,0.8089,True
P21,20,2040,0.1876,0.6183,0.0538,0.328,0.8211,True
P21,20,2041,0.1788,0.6198,0.0535,0.3267,0.8313,True
P21,20,2042,0.1628,0.6206,0.0534,0.326,0.8577,True
P21,20,2043,0.1525,0.6222,0.0531,0.3247,0.8699,True
P21,20,2044,0.1441,0.6237,0.0528,0.3234,0.8821,True
P21,20,2045,0.1283,0.6253,0.0526,0.3221,0.8963,True
P21,20,2046,0.1156,0.6264,0.0524,0.3212,0.9167,True
P21,20,2047,0.1095,0.6283,0.0521,0.3195,0.9207,True
P21,20,2048,0.1028,0.6299,0.0519,0.3182,0.9329,True
P21,20,2049,0.1002,0.6319,0.0516,0.3166,0.935,True
P21,20,2050,0.095,0.6337,0.0513,0.315,0.9411,True
P21,21,2025,1.0,0.6793,0.1002,0.2205,0.3089,True
P21,21,2026,0.9134,0.6615,0.0907,0.2478,0.3537,True
P21,21,2027,0.8193,0.6419,0.082,0.276,0.3902,True
P21,21,2028,0.7386,0.6197,0.0744,0.3059,0.437,True
P21,21,2029,0.6951,0.595,0.0676,0.3374,0.4675,True
P21,21,2030,0.625,0.5671,0.0618,0.3711,0.5061,True
P21,21,2031,0.5832,0.5642,0.0623,0.3735,0.5325,True
P21,21,2032,0.5348,0.5612,0.0627,0.376,0.5671,True
P21,21,2033,0.5025,0.5583,0.0633,0.3785,0.5935,True
P21,21,2034,0.4679,0.5553,0.0639,0.3808,0.622,True
P21,21,2035,0.4387,0.5522,0.0645,0.3833,0.6565,True
P21,21,2036,0.3955,0.5508,0.0639,0.3853,0.6829,True
P21,21,2037,0.38,0.5481,0.0644,0.3874,0.6992,True
P21,21,2038,0.3434,0.5462,0.0646,0.3892,0.7195,True
P21,21,2039,0.3216,0.5438,0.065,0.3912,0.7398,True
P21,21,2040,0.2931,0.5427,0.0646,0.3927,0.7561,True
P21,21,2041,0.2761,0.5408,0.0648,0.3944,0.7703,True
P21,21,2042,0.2568,0.5384,0.0652,0.3964,0.7988,True
P21,21,2043,0.2447,0.5363,0.0656,0.3981,0.811,True
P21,21,2044,0.2364,0.5342,0.066,0.3998,0.8232,True
P21,21,2045,0.2173,0.5327,0.0661,0.4012,0.8394,True
P21,21,2046,0.197,0.531,0.0664,0.4026,0.8577,True
P21,21,2047,0.1859,0.5296,0.0667,0.4038,0.8638,True
P21,21,2048,0.1758,0.5279,0.0671,0.405,0.8821,True
P21,21,2049,0.1724,0.5262,0.0675,0.4063,0.8862,True
P21,21,2050,0.1689,0.5244,0.0679,0.4077,0.8902,True
P21,22,2025,1.0,0.6792,0.1003,0.2206,0.2988,False
P21,22,2026,0.9368,0.6656,0.0896,0.2448,0.3313,False
P21,22,2027,0.8821,0.651,0.08,0.269,0.3537,False
P21,22,2028,0.8551,0.6347,0.0714,0.2939,0.374,False
P21,22,2029,0.8261,0.6165,0.0638,0.3197,0.4065,False
P21,22,2030,0.782,0.5967,0.0572,0.3461,0.4309,False
P21,22,2031,0.7533,0.5954,0.0573,0.3473,0.4533,False
P21,22,2032,0.7199,0.5941,0.0574,0.3485,0.4776,False
P21,22,2033,0.7028,0.5931,0.0575,0.3494,0.4898,False
P21,22,2034,0.6848,0.5916,0.0577,0.3507,0.5122,False
P21,22,2035,0.6665,0.5897,0.0579,0.3523,0.5447,False
P21,22,2036,0.6115,0.5883,0.0581,0.3536,0.5752,False
P21,22,2037,0.6007,0.587,0.0582,0.3548,0.5915,False
P21,22,2038,0.5415,0.5856,0.0583,0.3561,0.6199,False
P21,22,2039,0.5225,0.5842,0.0585,0.3573,0.6402,False
P21,22,2040,0.4801,0.5829,0.0586,0.3585,0.6626,False
P21,22,2041,0.4664,0.582,0.0587,0.3593,0.6728,False
P21,22,2042,0.4532,0.5806,0.059,0.3604,0.6911,False
P21,22,2043,0.4394,0.5793,0.0591,0.3616,0.7093,False
P21,22,2044,0.4291,0.5781,0.0592,0.3626,0.7256,False
P21,22,2045,0.3949,0.577,0.0594,0.3636,0.7419,False
P21,22,2046,0.3792,0.5757,0.0596,0.3648,0.7602,False
P21,22,2047,0.3561,0.5747,0.0597,0.3656,0.7724,False
P21,22,2048,0.3405,0.5732,0.0599,0.3669,0.7947,False
P21,22,2049,0.3355,0.5723,0.06,0.3677,0.8028,False
P21,22,2050,0.3348,0.5716,0.0601,0.3683,0.8049,False
P21,23,2025,1.0,0.6798,0.1001,0.2202,0.2988,True
P21,23,2026,0.9155,0.6604,0.092,0.2476,0.3374,True
P21,23,2027,0.8228,0.6389,0.0846,0.2765,0.3699,True
P21,23,2028,0.7492,0.6139,0.0781,0.308,0.4106,True
P21,23,2029,0.7008,0.5855,0.0723,0.3422,0.4411,True
P21,23,2030,0.6249,0.5532,0.0672,0.3796,0.4756,True
P21,23,2031,0.585,0.5508,0.0676,0.3816,0.502,True
P21,23,2032,0.5415,0.5484,0.0679,0.3837,0.5325,True
P21,23,2033,0.5109,0.546,0.0683,0.3858,0.5589,True
P21,23,2034,0.4772,0.5435,0.0687,0.3878,0.5874,True
P21,23,2035,0.4464,0.5407,0.0692,0.3901,0.624,True
P21,23,2036,0.4009,0.5394,0.0687,0.3918,0.6545,True
P21,23,2037,0.3858,0.5373,0.0691,0.3936,0.6728,True
P21,23,2038,0.3461,0.5358,0.0691,0.3951,0.6992,True
P21,23,2039,0.3229,0.5337,0.0695,0.3968,0.7236,True
P21,23,2040,0.2964,0.5327,0.0692,0.3981,0.7439,True
P21,23,2041,0.2853,0.5307,0.0696,0.3997,0.7602,True
P21,23,2042,0.2659,0.5284,0.0699,0.4016,0.7907,True
P21,23,2043,0.2537,0.5268,0.0702,0.403,0.8049,True
P21,23,2044,0.2447,0.5252,0.0704,0.4044,0.8191,True
P21,23,2045,0.2182,0.5241,0.0704,0.4055,0.8374,True
P21,23,2046,0.1978,0.5226,0.0707,0.4067,0.8577,True
P21,23,2047,0.1877,0.5216,0.0709,0.4075,0.8638,True
P21,23,2048,0.1762,0.52,0.0712,0.4088,0.8841,True
P21,23,2049,0.1748,0.5189,0.0714,0.4097,0.8841,True
P21,23,2050,0.1721,0.5176,0.0717,0.4107,0.8882,True
P21,24,2025,1.0,0.6798,0.1001,0.2201,0.3008,True
P21,24,2026,0.9164,0.658,0.0929,0.2491,0.3354,True
P21,24,2027,0.8197,0.634,0.0862,0.2798,0.3699,True
P21,24,2028,0.7466,0.607,0.0801,0.3129,0.4106,True
P21,24,2029,0.6943,0.5771,0.0745,0.3484,0.4451,True
P21,24,2030,0.6023,0.5434,0.0695,0.3871,0.4919,True
P21,24,2031,0.5623,0.5388,0.0704,0.3908,0.5183,True
P21,24,2032,0.5224,0.5346,0.071,0.3944,0.5427,True
P21,24,2033,0.4953,0.5303,0.0718,0.3979,0.563,True
P21,24,2034,0.4628,0.5258,0.0727,0.4015,0.5874,True
P21,24,2035,0.4398,0.5207,0.0737,0.4056,0.622,True
P21,24,2036,0.3945,0.517,0.0736,0.4094,0.6585,True
P21,24,2037,0.38,0.5126,0.0744,0.413,0.6768,True
P21,24,2038,0.3293,0.5088,0.0748,0.4164,0.7093,True
P21,24,2039,0.3067,0.5044,0.0756,0.42,0.7378,True
P21,24,2040,0.2815,0.5009,0.0758,0.4233,0.7622,True
P21,24,2041,0.2714,0.4966,0.0766,0.4268,0.7785,True
P21,24,2042,0.2515,0.4921,0.0775,0.4304,0.8089,True
P21,24,2043,0.2404,0.488,0.0782,0.4338,0.8252,True
P21,24,2044,0.2338,0.4839,0.079,0.4371,0.8394,True
P21,24,2045,0.2128,0.4804,0.0795,0.4401,0.8537,True
P21,24,2046,0.2032,0.4763,0.0803,0.4434,0.8699,True
P21,24,2047,0.1954,0.4728,0.081,0.4462,0.876,True
P21,24,2048,0.1867,0.4686,0.0819,0.4495,0.8963,True
P21,24,2049,0.1863,0.4649,0.0826,0.4525,0.8984,True
P21,24,2050,0.1816,0.461,0.0834,0.4556,0.9065,True
P21,25,2025,1.0,0.6794,0.1002,0.2204,0.3232,True
P21,25,2026,0.8939,0.6647,0.0899,0.2454,0.3821,True
P21,25,2027,0.7864,0.6486,0.0807,0.2707,0.4289,True
P21,25,2028,0.681,0.6296,0.0726,0.2978,0.4919,True
P21,25,2029,0.6292,0.6085,0.0654,0.3262,0.5366,True
P21,25,2030,0.5265,0.584,0.0592,0.3569,0.5955,True
P21,25,2031,0.4788,0.5833,0.0592,0.3575,0.6321,True
P21,25,2032,0.4266,0.5828,0.0591,0.3581,0.6707,True
P21,25,2033,0.3965,0.5826,0.0591,0.3583,0.6972,True
P21,25,2034,0.3622,0.5824,0.0591,0.3586,0.7256,True
P21,25,2035,0.3378,0.582,0.059,0.3589,0.7561,True
P21,25,2036,0.2922,0.5821,0.0588,0.3591,0.7866,True
P21,25,2037,0.2755,0.5819,0.0587,0.3593,0.811,True
P21,25,2038,0.2264,0.5821,0.0586,0.3593,0.8374,True
P21,25,2039,0.2065,0.5823,0.0585,0.3592,0.8598,True
P21,25,2040,0.1889,0.5831,0.0583,0.3586,0.8679,True
P21,25,2041,0.1794,0.5837,0.0582,0.3581,0.878,True
P21,25,2042,0.167,0.5841,0.0581,0.3578,0.8943,True
P21,25,2043,0.1629,0.585,0.058,0.357,0.8984,True
P21,25,2044,0.154,0.5857,0.0578,0.3566,0.9126,True
P21,25,2045,0.1373,0.5867,0.0576,0.3557,0.9228,True
P21,25,2046,0.1256,0.5873,0.0575,0.3553,0.939,True
P21,25,2047,0.1206,0.5884,0.0573,0.3543,0.9431,True
P21,25,2048,0.113,0.5892,0.0572,0.3536,0.9553,True
P21,25,2049,0.1115,0.5906,0.057,0.3524,0.9553,True
P21,25,2050,0.1051,0.5918,0.0568,0.3514,0.9614,True
P21,26,2025,1.0,0.6789,0.1004,0.2207,0.3089,False
P21,26,2026,0.915,0.6689,0.0885,0.2425,0.3537,False
P21,26,2027,0.8448,0.6582,0.078,0.2638,0.3801,False
P21,26,2028,0.7913,0.646,0.0689,0.2851,0.4065,False
P21,26,2029,0.7522,0.6325,0.0608,0.3068,0.437,False
P21,26,2030,0.6935,0.6172,0.0538,0.329,0.4715,False
P21,26,2031,0.6546,0.6183,0.0536,0.3281,0.4919,False
P21,26,2032,0.611,0.6192,0.0534,0.3275,0.5203,False
P21,26,2033,0.5801,0.6201,0.0532,0.3267,0.5407,False
P21,26,2034,0.5556,0.621,0.0531,0.3259,0.563,False
P21,26,2035,0.5255,0.6217,0.0529,0.3254,0.5976,False
P21,26,2036,0.4734,0.6229,0.0526,0.3244,0.622,False
P21,26,2037,0.4572,0.6241,0.0524,0.3235,0.6382,False
P21,26,2038,0.4031,0.6253,0.0522,0.3225,0.6626,False
P21,26,2039,0.3843,0.6266,0.0519,0.3214,0.6789,False
P21,26,2040,0.3477,0.6281,0.0517,0.3203,0.6972,False
P21,26,2041,0.3317,0.6296,0.0514,0.3189,0.7073,False
P21,26,2042,0.3157,0.6309,0.0513,0.3178,0.7256,False
P21,26,2043,0.3008,0.6323,0.051,0.3167,0.7419,False
P21,26,2044,0.2893,0.6339,0.0508,0.3154,0.7541,False
P21,26,2045,0.2679,0.6356,0.0505,0.314,0.7683,False
P21,26,2046,0.2509,0.637,0.0502,0.3128,0.7886,False
P21,26,2047,0.2351,0.6388,0.05,0.3113,0.7988,False
P21,26,2048,0.2211,0.6402,0.0497,0.31,0.8191,False
P21,26,2049,0.2126,0.6421,0.0494,0.3085,0.8293,False
P21,26,2050,0.207,0.6441,0.0491,0.3068,0.8333,False
P21,27,2025,1.0,0.6786,0.1005,0.2209,0.311,True
P21,27,2026,0.8917,0.6688,0.0881,0.2431,0.3638,True
P21,27,2027,0.784,0.6579,0.0772,0.2648,0.4045,True
P21,27,2028,0.6917,0.6449,0.0679,0.2873,0.4573,True
P21,27,2029,0.6373,0.6302,0.0596,0.3102,0.5,True
P21,27,2030,0.5382,0.6129,0.0526,0.3345,0.5589,True
P21,27,2031,0.4882,0.6145,0.0524,0.3332,0.5915,True
P21,27,2032,0.4399,0.6162,0.052,0.3318,0.622,True
P21,27,2033,0.4061,0.6178,0.0517,0.3305,0.6504,True
P21,27,2034,0.365,0.6192,0.0515,0.3294,0.687,True
P21,27,2035,0.3432,0.6207,0.0512,0.3282,0.7175,True
P21,27,2036,0.2962,0.6223,0.0508,0.3269,0.752,True
P21,27,2037,0.2793,0.624,0.0505,0.3255,0.7744,True
P21,27,2038,0.2304,0.6258,0.0501,0.3241,0.8028,True
P21,27,2039,0.2035,0.6273,0.0499,0.3228,0.8354,True
P21,27,2040,0.182,0.6293,0.0495,0.3212,0.8516,True
P21,27,2041,0.1711,0.6314,0.0492,0.3194,0.8638,True
P21,27,2042,0.1589,0.6333,0.0489,0.3177,0.8801,True
P21,27,2043,0.1529,0.6356,0.0486,0.3158,0.8862,True
P21,27,2044,0.1411,0.6376,0.0483,0.3142,0.9045,True
P21,27,2045,0.1242,0.6399,0.0479,0.3121,0.9126,True
P21,27,2046,0.114,0.6419,0.0476,0.3104,0.9268,True
P21,27,2047,0.109,0.6442,0.0473,0.3084,0.9309,True
P21,27,2048,0.0993,0.6462,0.047,0.3068,0.9492,True
P21,27,2049,0.097,0.6486,0.0467,0.3047,0.9492,True
P21,27,2050,0.092,0.651,0.0463,0.3027,0.9553,True
P21,28,2025,1.0,0.6784,0.1005,0.2211,0.3008,False
P21,28,2026,0.9365,0.6657,0.0889,0.2454,0.3333,False
P21,28,2027,0.8627,0.652,0.0786,0.2695,0.3618,False
P21,28,2028,0.8131,0.6368,0.0694,0.2938,0.3923,False
P21,28,2029,0.7845,0.6203,0.0614,0.3183,0.4248,False
P21,28,2030,0.708,0.6024,0.0543,0.3434,0.4634,False
P21,28,2031,0.6756,0.6005,0.0545,0.345,0.4898,False
P21,28,2032,0.638,0.5988,0.0547,0.3465,0.5163,False
P21,28,2033,0.6129,0.597,0.0549,0.3481,0.5386,False
P21,28,2034,0.5807,0.5951,0.0551,0.3498,0.565,False
P21,28,2035,0.5614,0.5931,0.0554,0.3516,0.5976,False
P21,28,2036,0.5045,0.5914,0.0555,0.3531,0.6321,False
P21,28,2037,0.4916,0.5899,0.0557,0.3545,0.6504,False
P21,28,2038,0.4265,0.5883,0.0558,0.3559,0.6829,False
P21,28,2039,0.3984,0.5866,0.056,0.3575,0.7114,False
P21,28,2040,0.3612,0.5853,0.056,0.3587,0.7337,False
P21,28,2041,0.3521,0.5841,0.0562,0.3597,0.7459,False
P21,28,2042,0.324,0.5825,0.0564,0.3612,0.7805,False
P21,28,2043,0.3093,0.5814,0.0565,0.3622,0.7967,False
P21,28,2044,0.3019,0.5804,0.0566,0.363,0.8089,False
P21,28,2045,0.2688,0.5797,0.0567,0.3637,0.8252,False
P21,28,2046,0.2525,0.5786,0.0568,0.3646,0.8435,False
P21,28,2047,0.2328,0.5781,0.0569,0.365,0.8516,False
P21,28,2048,0.2147,0.577,0.057,0.366,0.876,False
P21,28,2049,0.2124,0.5766,0.057,0.3664,0.878,False
P21,28,2050,0.2071,0.5761,0.0571,0.3669,0.8862,False
P21,29,2025,1.0,0.6798,0.1001,0.2202,0.3049,False
P21,29,2026,0.9271,0.659,0.0925,0.2485,0.3455,False
P21,29,2027,0.8626,0.6368,0.0854,0.2779,0.372,False
P21,29,2028,0.8123,0.6123,0.0789,0.3088,0.3984,False
P21,29,2029,0.774,0.5854,0.073,0.3417,0.4289,False
P21,29,2030,0.7176,0.556,0.0676,0.3764,0.4593,False
P21,29,2031,0.6813,0.5509,0.0686,0.3806,0.4837,False
P21,29,2032,0.6446,0.546,0.0693,0.3847,0.5102,False
P21,29,2033,0.6219,0.5411,0.0702,0.3886,0.5264,False
P21,29,2034,0.6008,0.5359,0.0713,0.3928,0.5488,False
P21,29,2035,0.571,0.5302,0.0724,0.3973,0.5854,False
P21,29,2036,0.529,0.5262,0.0725,0.4013,0.6077,False
P21,29,2037,0.5152,0.5211,0.0735,0.4054,0.626,False
P21,29,2038,0.4598,0.5166,0.0741,0.4093,0.6524,False
P21,29,2039,0.4399,0.5115,0.0751,0.4133,0.6728,False
P21,29,2040,0.407,0.5076,0.0755,0.4169,0.6931,False
P21,29,2041,0.3938,0.5031,0.0763,0.4206,0.7033,False
P21,29,2042,0.3799,0.4981,0.0773,0.4246,0.7215,False
P21,29,2043,0.3665,0.4933,0.0782,0.4285,0.7378,False
P21,29,2044,0.3571,0.4885,0.0792,0.4323,0.752,False
P21,29,2045,0.3375,0.4841,0.0799,0.436,0.7663,False
P21,29,2046,0.3145,0.4794,0.0808,0.4398,0.7866,False
P21,29,2047,0.2997,0.4751,0.0818,0.4432,0.7967,False
P21,29,2048,0.2861,0.4703,0.0828,0.447,0.8191,False
P21,29,2049,0.2807,0.4657,0.0837,0.4506,0.8293,False
P21,29,2050,0.2781,0.4613,0.0846,0.4541,0.8333,False
P04,0,2025,1.0,0.6782,0.1006,0.2212,0.2927,True
P04,0,2026,0.9045,0.6705,0.0878,0.2417,0.3394,True
P04,0,2027,0.7979,0.6621,0.0766,0.2614,0.3801,True
P04,0,2028,0.7023,0.6529,0.0666,0.2805,0.4329,True
P04,0,2029,0.6527,0.6434,0.0578,0.2988,0.4675,True
P04,0,2030,0.5557,0.633,0.0501,0.3169,0.5244,True
P04,0,2031,0.5086,0.6345,0.0499,0.3156,0.5528,True
P04,0,2032,0.4642,0.6364,0.0495,0.3141,0.5833,True
P04,0,2033,0.4334,0.6381,0.0493,0.3126,0.6057,True
P04,0,2034,0.3991,0.6398,0.0491,0.3111,0.6321,True
P04,0,2035,0.3721,0.6417,0.0488,0.3095,0.6646,True
P04,0,2036,0.3226,0.6438,0.0484,0.3078,0.6972,True
P04,0,2037,0.3064,0.6457,0.0481,0.3062,0.7134,True
P04,0,2038,0.259,0.6479,0.0478,0.3043,0.7419,True
P04,0,2039,0.2393,0.65,0.0475,0.3024,0.7642,True
P04,0,2040,0.2098,0.6524,0.0472,0.3004,0.7866,True
P04,0,2041,0.2,0.6546,0.0469,0.2985,0.7988,True
P04,0,2042,0.1824,0.6569,0.0466,0.2965,0.8293,True
P04,0,2043,0.1708,0.6592,0.0463,0.2945,0.8435,True
P04,0,2044,0.1633,0.6616,0.046,0.2924,0.8557,True
P04,0,2045,0.1474,0.6643,0.0455,0.2902,0.8699,True
P04,0,2046,0.1357,0.6669,0.0451,0.288,0.8882,True
P04,0,2047,0.1255,0.6695,0.0447,0.2857,0.8963,True
P04,0,2048,0.1173,0.6722,0.0444,0.2834,0.9106,True
P04,0,2049,0.115,0.6748,0.044,0.2811,0.9106,True
P04,0,2050,0.1092,0.6776,0.0436,0.2788,0.9167,True
P04,1,2025,1.0,0.679,0.1003,0.2207,0.2703,True
P04,1,2026,0.9285,0.667,0.0895,0.2435,0.2967,True
P04,1,2027,0.8627,0.6543,0.0796,0.2661,0.315,True
P04,1,2028,0.79,0.6402,0.0707,0.289,0.3496,True
P04,1,2029,0.7192,0.6255,0.0627,0.3118,0.3984,True
P04,1,2030,0.6131,0.6099,0.0555,0.3346,0.4573,True
P04,1,2031,0.5638,0.6087,0.0557,0.3356,0.498,True
P04,1,2032,0.517,0.6081,0.0557,0.3363,0.5366,True
P04,1,2033,0.4838,0.6071,0.0558,0.337,0.5732,True
P04,1,2034,0.4447,0.6062,0.056,0.3378,0.6118,True
P04,1,2035,0.4183,0.6054,0.0562,0.3384,0.6504,True
P04,1,2036,0.3682,0.6047,0.0561,0.3392,0.6911,True
P04,1,2037,0.3509,0.6041,0.0563,0.3396,0.7215,True
P04,1,2038,0.2925,0.6036,0.0563,0.3401,0.752,True
P04,1,2039,0.2674,0.603,0.0565,0.3405,0.7846,True
P04,1,2040,0.2426,0.6024,0.0565,0.341,0.8049,True
P04,1,2041,0.2302,0.6016,0.0567,0.3417,0.8211,True
P04,1,2042,0.2167,0.6009,0.0568,0.3423,0.8415,True
P04,1,2043,0.2084,0.6001,0.0569,0.3429,0.8537,True
P04,1,2044,0.197,0.5995,0.057,0.3434,0.874,True
P04,1,2045,0.1722,0.599,0.0569,0.344,0.8841,True
P04,1,2046,0.1615,0.5985,0.057,0.3444,0.9004,True
P04,1,2047,0.1559,0.598,0.0571,0.3449,0.9065,True
P04,1,2048,0.145,0.5976,0.0572,0.3452,0.9248,True
P04,1,2049,0.1441,0.5971,0.0573,0.3456,0.9248,True
P04,1,2050,0.1357,0.5967,0.0574,0.3459,0.9329,True
P04,2,2025,1.0,0.6783,0.1006,0.2212,0.2764,True
P04,2,2026,0.9145,0.6692,0.0881,0.2427,0.3069,True
P04,2,2027,0.8197,0.659,0.0769,0.2641,0.3394,True
P04,2,2028,0.7311,0.6475,0.067,0.2855,0.3902,True
P04,2,2029,0.6786,0.6353,0.0584,0.3063,0.4329,True
P04,2,2030,0.5617,0.6221,0.0507,0.3271,0.502,True
P04,2,2031,0.515,0.6241,0.0505,0.3254,0.5366,True
P04,2,2032,0.4731,0.6266,0.0501,0.3233,0.5691,True
P04,2,2033,0.4397,0.6288,0.0498,0.3214,0.6016,True
P04,2,2034,0.4066,0.6308,0.0496,0.3196,0.6301,True
P04,2,2035,0.3848,0.6332,0.0494,0.3175,0.6687,True
P04,2,2036,0.3371,0.6354,0.0489,0.3157,0.7053,True
P04,2,2037,0.3208,0.6376,0.0487,0.3137,0.7317,True
P04,2,2038,0.2702,0.64,0.0484,0.3116,0.7602,True
P04,2,2039,0.2444,0.6422,0.0482,0.3096,0.7886,True
P04,2,2040,0.2213,0.6444,0.0479,0.3077,0.8069,True
P04,2,2041,0.2157,0.6462,0.0477,0.3061,0.813,True
P04,2,2042,0.2014,0.6482,0.0474,0.3043,0.8354,True
P04,2,2043,0.1898,0.6501,0.0472,0.3027,0.8496,True
P04,2,2044,0.1806,0.6521,0.0468,0.301,0.8659,True
P04,2,2045,0.1568,0.6542,0.0464,0.2993,0.878,True
P04,2,2046,0.1463,0.6563,0.0462,0.2976,0.8923,True
P04,2,2047,0.1402,0.6582,0.0459,0.2959,0.8984,True
P04,2,2048,0.1292,0.6603,0.0456,0.2941,0.9167,True
P04,2,2049,0.1273,0.6622,0.0454,0.2924,0.9167,True
P04,2,2050,0.1207,0.6642,0.0451,0.2907,0.9228,True
P04,3,2025,1.0,0.6794,0.1002,0.2204,0.2785,False
P04,3,2026,0.9428,0.6671,0.0903,0.2426,0.2988,False
P04,3,2027,0.9014,0.654,0.0811,0.2649,0.315,False
P04,3,2028,0.8696,0.6399,0.0728,0.2873,0.3354,False
P04,3,2029,0.8317,0.625,0.0652,0.3098,0.3659,False
P04,3,2030,0.7732,0.609,0.0584,0.3326,0.4045,False
P04,3,2031,0.7386,0.6072,0.0587,0.3342,0.4289,False
P04,3,2032,0.7013,0.6055,0.0588,0.3356,0.4573,False
P04,3,2033,0.6788,0.6036,0.0591,0.3373,0.4756,False
P04,3,2034,0.6567,0.6017,0.0595,0.3389,0.502,False
P04,3,2035,0.6371,0.5995,0.0598,0.3407,0.5366,False
P04,3,2036,0.5845,0.5976,0.06,0.3423,0.565,False
P04,3,2037,0.5673,0.5956,0.0604,0.344,0.5915,False
P04,3,2038,0.5095,0.5937,0.0607,0.3456,0.6199,False
P04,3,2039,0.4877,0.5916,0.061,0.3474,0.6443,False
P04,3,2040,0.4495,0.5898,0.0613,0.3489,0.6646,False
P04,3,2041,0.4361,0.5879,0.0616,0.3505,0.6728,False
P04,3,2042,0.4223,0.5858,0.0619,0.3523,0.6931,False
P04,3,2043,0.4082,0.5837,0.0623,0.354,0.7114,False
P04,3,2044,0.4011,0.5817,0.0626,0.3557,0.7215,False
P04,3,2045,0.3683,0.5798,0.0629,0.3573,0.7398,False
P04,3,2046,0.3443,0.5777,0.0633,0.3591,0.7622,False
P04,3,2047,0.3279,0.5757,0.0636,0.3607,0.7744,False
P04,3,2048,0.3131,0.5735,0.064,0.3625,0.7988,False
P04,3,2049,0.3066,0.5715,0.0643,0.3642,0.811,False
P04,3,2050,0.3045,0.5695,0.0646,0.3658,0.815,False
P04,4,2025,1.0,0.6781,0.1006,0.2213,0.2846,True
P04,4,2026,0.9176,0.6663,0.0886,0.2452,0.3028,True
P04,4,2027,0.8304,0.6531,0.0777,0.2692,0.3333,True
P04,4,2028,0.7396,0.6388,0.068,0.2932,0.378,True
P04,4,2029,0.6856,0.6235,0.0595,0.317,0.4065,True
P04,4,2030,0.6101,0.6071,0.0518,0.3411,0.4451,True
P04,4,2031,0.5663,0.6069,0.0519,0.3412,0.4695,True
P04,4,2032,0.5208,0.6074,0.0517,0.3409,0.5,True
P04,4,2033,0.4889,0.6074,0.0518,0.3409,0.5224,True
P04,4,2034,0.4549,0.6075,0.0518,0.3407,0.5488,True
P04,4,2035,0.4314,0.6077,0.0518,0.3405,0.5813,True
P04,4,2036,0.3833,0.6081,0.0516,0.3403,0.6118,True
P04,4,2037,0.3644,0.6083,0.0516,0.3401,0.6341,True
P04,4,2038,0.318,0.6086,0.0516,0.3398,0.6585,True
P04,4,2039,0.2981,0.609,0.0516,0.3394,0.6809,True
P04,4,2040,0.2675,0.6095,0.0516,0.3389,0.6992,True
P04,4,2041,0.2527,0.6098,0.0516,0.3387,0.7093,True
P04,4,2042,0.2378,0.6103,0.0516,0.3381,0.7358,True
P04,4,2043,0.2263,0.6107,0.0515,0.3378,0.75,True
P04,4,2044,0.2176,0.6112,0.0515,0.3373,0.7622,True
P04,4,2045,0.2013,0.6121,0.0513,0.3366,0.7785,True
P04,4,2046,0.1848,0.6129,0.0513,0.3359,0.8008,True
P04,4,2047,0.1735,0.6136,0.0512,0.3352,0.811,True
P04,4,2048,0.1632,0.6147,0.0511,0.3342,0.8354,True
P04,4,2049,0.1586,0.6155,0.0511,0.3334,0.8435,True
P04,4,2050,0.1549,0.6164,0.051,0.3326,0.8476,True
P04,5,2025,1.0,0.6798,0.1001,0.2201,0.2764,True
P04,5,2026,0.9427,0.6681,0.091,0.241,0.2866,True
P04,5,2027,0.8877,0.6547,0.0827,0.2625,0.3049,True
P04,5,2028,0.8224,0.6398,0.0753,0.2849,0.3293,True
P04,5,2029,0.7827,0.6233,0.0686,0.3081,0.3476,True
P04,5,2030,0.7132,0.6048,0.0625,0.3327,0.3821,True
P04,5,2031,0.6776,0.6058,0.0624,0.3319,0.4065,True
P04,5,2032,0.6318,0.6071,0.062,0.3309,0.439,True
P04,5,2033,0.605,0.6079,0.0619,0.3303,0.4593,True
P04,5,2034,0.5703,0.6089,0.0617,0.3294,0.4898,True
P04,5,2035,0.5467,0.6095,0.0616,0.3288,0.5224,True
P04,5,2036,0.492,0.6105,0.0613,0.3282,0.5569,True
P04,5,2037,0.4698,0.6112,0.0612,0.3276,0.5833,True
P04,5,2038,0.4169,0.6122,0.061,0.3268,0.6138,True
P04,5,2039,0.3821,0.613,0.0609,0.3261,0.6382,True
P04,5,2040,0.3472,0.6141,0.0607,0.3253,0.6606,True
P04,5,2041,0.3297,0.6148,0.0605,0.3247,0.6748,True
P04,5,2042,0.3065,0.6155,0.0604,0.3241,0.7073,True
P04,5,2043,0.2934,0.6162,0.0603,0.3235,0.7236,True
P04,5,2044,0.2848,0.617,0.0601,0.3229,0.7378,True
P04,5,2045,0.2553,0.6179,0.06,0.3222,0.7581,True
P04,5,2046,0.2363,0.6185,0.0598,0.3217,0.7744,True
P04,5,2047,0.2188,0.6193,0.0597,0.321,0.7866,True
P04,5,2048,0.2035,0.62,0.0596,0.3204,0.813,True
P04,5,2049,0.199,0.6209,0.0595,0.3197,0.8191,True
P04,5,2050,0.1945,0.6217,0.0593,0.319,0.8252,True
P04,6,2025,1.0,0.6797,0.1001,0.2202,0.2866,True
P04,6,2026,0.9001,0.6661,0.0912,0.2427,0.3333,True
P04,6,2027,0.7938,0.6519,0.0828,0.2653,0.376,True
P04,6,2028,0.6909,0.6364,0.0751,0.2886,0.435,True
P04,6,2029,0.6345,0.6203,0.068,0.3117,0.4797,True
P04,6,2030,0.5277,0.6032,0.0615,0.3353,0.5447,True
P04,6,2031,0.4814,0.6022,0.0616,0.3362,0.5793,True
P04,6,2032,0.435,0.6018,0.0616,0.3366,0.6159,True
P04,6,2033,0.4052,0.601,0.0618,0.3372,0.6443,True
P04,6,2034,0.373,0.6003,0.0619,0.3378,0.6728,True
P04,6,2035,0.3462,0.5996,0.0621,0.3383,0.7114,True
P04,6,2036,0.3001,0.599,0.0619,0.339,0.748,True
P04,6,2037,0.2875,0.5983,0.0621,0.3396,0.7683,True
P04,6,2038,0.2408,0.5979,0.0621,0.34,0.7947,True
P04,6,2039,0.2208,0.5973,0.0622,0.3405,0.8211,True
P04,6,2040,0.201,0.5968,0.0623,0.3409,0.8354,True
P04,6,2041,0.196,0.5962,0.0624,0.3415,0.8415,True
P04,6,2042,0.1838,0.5954,0.0625,0.342,0.8618,True
P04,6,2043,0.174,0.5948,0.0626,0.3426,0.874,True
P04,6,2044,0.1656,0.5942,0.0626,0.3432,0.8902,True
P04,6,2045,0.1509,0.5938,0.0626,0.3436,0.9004,True
P04,6,2046,0.1413,0.5932,0.0627,0.3441,0.9167,True
P04,6,2047,0.1365,0.5926,0.0628,0.3446,0.9228,True
P04,6,2048,0.129,0.592,0.0629,0.3451,0.937,True
P04,6,2049,0.1289,0.5914,0.063,0.3456,0.935,True
P04,6,2050,0.1233,0.5909,0.0631,0.346,0.9411,True
P04,7,2025,1.0,0.6795,0.1002,0.2203,0.2764,False
P04,7,2026,0.9417,0.666,0.0906,0.2434,0.2866,False
P04,7,2027,0.8889,0.6511,0.0819,0.267,0.2988,False
P04,7,2028,0.8378,0.6346,0.0741,0.2913,0.311,False
P04,7,2029,0.813,0.6165,0.0671,0.3163,0.3171,False
P04,7,2030,0.7454,0.5962,0.0609,0.3429,0.3415,False
P04,7,2031,0.7119,0.5949,0.0613,0.3439,0.3557,False
P04,7,2032,0.6681,0.5942,0.0613,0.3445,0.3801,False
P04,7,2033,0.6416,0.5928,0.0616,0.3457,0.3902,False
P04,7,2034,0.6029,0.592,0.0619,0.3461,0.4187,False
P04,7,2035,0.5755,0.591,0.0623,0.3467,0.4512,False
P04,7,2036,0.5226,0.5908,0.0619,0.3474,0.4858,False
P04,7,2037,0.4988,0.59,0.0622,0.3479,0.5122,False
P04,7,2038,0.4412,0.5897,0.0622,0.3481,0.5467,False
P04,7,2039,0.4068,0.5895,0.062,0.3485,0.5711,False
P04,7,2040,0.3682,0.5898,0.0618,0.3484,0.5976,False
P04,7,2041,0.3435,0.5895,0.0618,0.3487,0.6179,False
P04,7,2042,0.3233,0.5889,0.0619,0.3492,0.6423,False
P04,7,2043,0.3048,0.5885,0.0621,0.3494,0.6667,False
P04,7,2044,0.293,0.5879,0.0622,0.3499,0.6829,False
P04,7,2045,0.2676,0.5877,0.062,0.3502,0.6992,False
P04,7,2046,0.2476,0.5876,0.0621,0.3503,0.7215,False
P04,7,2047,0.2296,0.5874,0.0622,0.3504,0.7358,False
P04,7,2048,0.2157,0.5877,0.0624,0.3499,0.7642,False
P04,7,2049,0.2084,0.5875,0.0625,0.35,0.7764,False
P04,7,2050,0.2029,0.5869,0.0627,0.3504,0.7825,False
P04,8,2025,1.0,0.6792,0.1003,0.2205,0.2805,True
P04,8,2026,0.917,0.6663,0.0899,0.2438,0.313,True
P04,8,2027,0.8167,0.6525,0.0804,0.2671,0.3516,True
P04,8,2028,0.7289,0.6376,0.0718,0.2906,0.3984,True
P04,8,2029,0.679,0.6219,0.0641,0.3141,0.4329,True
P04,8,2030,0.5872,0.6051,0.0571,0.3378,0.4817,True
P04,8,2031,0.5465,0.604,0.0573,0.3387,0.5081,True
P04,8,2032,0.5024,0.6036,0.0573,0.3392,0.5407,True
P04,8,2033,0.4767,0.6025,0.0574,0.3401,0.5589,True
P04,8,2034,0.4465,0.6016,0.0576,0.3408,0.5793,True
P04,8,2035,0.4281,0.6008,0.0578,0.3414,0.6077,True
P04,8,2036,0.3783,0.6001,0.0576,0.3422,0.6402,True
P04,8,2037,0.3661,0.5991,0.0578,0.3431,0.6524,True
P04,8,2038,0.3145,0.5984,0.058,0.3436,0.6829,True
P04,8,2039,0.2943,0.5975,0.0582,0.3443,0.7053,True
P04,8,2040,0.2643,0.597,0.0583,0.3447,0.7276,True
P04,8,2041,0.2559,0.5961,0.0584,0.3455,0.7378,True
P04,8,2042,0.238,0.5954,0.0586,0.346,0.7703,True
P04,8,2043,0.228,0.5945,0.0587,0.3468,0.7805,True
P04,8,2044,0.2251,0.5938,0.0588,0.3475,0.7866,True
P04,8,2045,0.2094,0.5932,0.0587,0.3481,0.7988,True
P04,8,2046,0.2008,0.5923,0.0589,0.3488,0.815,True
P04,8,2047,0.1897,0.5915,0.059,0.3495,0.8232,True
P04,8,2048,0.177,0.591,0.0591,0.3499,0.8496,True
P04,8,2049,0.1723,0.5903,0.0593,0.3504,0.8537,True
P04,8,2050,0.1678,0.5896,0.0594,0.351,0.8638,True
P04,9,2025,1.0,0.6796,0.1001,0.2202,0.2785,True
P04,9,2026,0.9316,0.6687,0.0899,0.2414,0.2907,True
P04,9,2027,0.8667,0.6558,0.0808,0.2634,0.3089,True
P04,9,2028,0.7909,0.6407,0.0728,0.2865,0.3374,True
P04,9,2029,0.7377,0.6234,0.0658,0.3108,0.3659,True
P04,9,2030,0.6617,0.6035,0.0596,0.3369,0.3984,True
P04,9,2031,0.623,0.6066,0.0591,0.3344,0.4228,True
P04,9,2032,0.5767,0.6104,0.0584,0.3312,0.4533,True
P04,9,2033,0.5469,0.6131,0.0579,0.329,0.4736,True
P04,9,2034,0.5113,0.6164,0.0574,0.3262,0.502,True
P04,9,2035,0.4858,0.6195,0.057,0.3235,0.5346,True
P04,9,2036,0.4346,0.6229,0.0563,0.3208,0.5671,True
P04,9,2037,0.4124,0.6259,0.0558,0.3182,0.5915,True
P04,9,2038,0.3622,0.6292,0.0553,0.3155,0.622,True
P04,9,2039,0.329,0.6324,0.0548,0.3128,0.6463,True
P04,9,2040,0.2964,0.6357,0.0543,0.31,0.6687,True
P04,9,2041,0.2809,0.6385,0.0538,0.3077,0.6789,True
P04,9,2042,0.2609,0.6415,0.0534,0.3051,0.7053,True
P04,9,2043,0.2475,0.6443,0.053,0.3027,0.7215,True
P04,9,2044,0.2407,0.647,0.0526,0.3004,0.7317,True
P04,9,2045,0.2165,0.6499,0.0521,0.298,0.748,True
P04,9,2046,0.1972,0.653,0.0517,0.2954,0.7703,True
P04,9,2047,0.1815,0.6557,0.0512,0.2931,0.7825,True
P04,9,2048,0.1678,0.659,0.0508,0.2902,0.8089,True
P04,9,2049,0.1594,0.6621,0.0502,0.2876,0.8211,True
P04,9,2050,0.1544,0.6648,0.0499,0.2853,0.8272,True
P04,10,2025,1.0,0.6796,0.1001,0.2202,0.2744,True
P04,10,2026,0.9353,0.6629,0.0917,0.2454,0.2846,True
P04,10,2027,0.8609,0.6446,0.0838,0.2716,0.2988,True
P04,10,2028,0.7828,0.6245,0.0767,0.2988,0.3252,True
P04,10,2029,0.7188,0.6029,0.0702,0.3269,0.3476,True
P04,10,2030,0.6331,0.5797,0.0641,0.3562,0.3841,True
P04,10,2031,0.5921,0.5769,0.0647,0.3584,0.4126,True
P04,10,2032,0.5459,0.5747,0.0651,0.3602,0.4451,True
P04,10,2033,0.5136,0.5719,0.0657,0.3625,0.4715,True
P04,10,2034,0.4777,0.5693,0.0663,0.3644,0.502,True
P04,10,2035,0.4525,0.5664,0.067,0.3666,0.5366,True
P04,10,2036,0.4054,0.5647,0.0666,0.3687,0.5752,True
P04,10,2037,0.3857,0.5619,0.0672,0.3709,0.6016,True
P04,10,2038,0.3438,0.5601,0.0675,0.3724,0.6362,True
P04,10,2039,0.3218,0.5574,0.0681,0.3745,0.6606,True
P04,10,2040,0.2954,0.5559,0.068,0.376,0.685,True
P04,10,2041,0.2838,0.553,0.0687,0.3783,0.7033,True
P04,10,2042,0.2641,0.5505,0.0692,0.3802,0.7358,True
P04,10,2043,0.2512,0.5476,0.0699,0.3825,0.7541,True
P04,10,2044,0.2421,0.5446,0.0705,0.3848,0.7744,True
P04,10,2045,0.2198,0.5421,0.0708,0.3871,0.7927,True
P04,10,2046,0.2035,0.5395,0.0714,0.3892,0.815,True
P04,10,2047,0.1901,0.5366,0.0719,0.3915,0.8252,True
P04,10,2048,0.1812,0.534,0.0726,0.3934,0.8496,True
P04,10,2049,0.179,0.5307,0.0733,0.396,0.8537,True
P04,10,2050,0.1762,0.5275,0.074,0.3984,0.8618,True
P04,11,2025,1.0,0.679,0.1003,0.2207,0.2764,False
P04,11,2026,0.9508,0.6681,0.0892,0.2427,0.2866,False
P04,11,2027,0.9071,0.6562,0.0791,0.2647,0.2988,False
P04,11,2028,0.8473,0.6428,0.0702,0.287,0.3272,False
P04,11,2029,0.795,0.6286,0.0622,0.3092,0.3577,False
P04,11,2030,0.7297,0.6131,0.055,0.3318,0.3943,False
P04,11,2031,0.6958,0.613,0.0551,0.332,0.4207,False
P04,11,2032,0.6513,0.6132,0.0549,0.3318,0.4573,False
P04,11,2033,0.6253,0.6129,0.055,0.3321,0.4797,False
P04,11,2034,0.5925,0.6129,0.055,0.3321,0.5081,False
P04,11,2035,0.5717,0.6127,0.0551,0.3322,0.5407,False
P04,11,2036,0.5171,0.6127,0.0549,0.3324,0.5752,False
P04,11,2037,0.4992,0.6126,0.055,0.3325,0.5996,False
P04,11,2038,0.4407,0.6125,0.0551,0.3324,0.6301,False
P04,11,2039,0.4184,0.6124,0.0551,0.3325,0.6524,False
P04,11,2040,0.3786,0.6126,0.0551,0.3323,0.6768,False
P04,11,2041,0.3592,0.6125,0.0551,0.3324,0.6931,False
P04,11,2042,0.3354,0.6124,0.0552,0.3324,0.7256,False
P04,11,2043,0.3239,0.6123,0.0552,0.3325,0.7378,False
P04,11,2044,0.3195,0.6123,0.0551,0.3326,0.748,False
P04,11,2045,0.2895,0.6125,0.055,0.3325,0.7642,False
P04,11,2046,0.2679,0.6125,0.055,0.3325,0.7825,False
P04,11,2047,0.2491,0.6124,0.055,0.3326,0.7927,False
P04,11,2048,0.2314,0.6126,0.055,0.3324,0.8211,False
P04,11,2049,0.2273,0.6125,0.055,0.3324,0.8272,False
P04,11,2050,0.2234,0.6125,0.055,0.3324,0.8333,False
P04,12,2025,1.0,0.6795,0.1002,0.2203,0.2724,False
P04,12,2026,0.9605,0.6691,0.0897,0.2412,0.2805,False
P04,12,2027,0.9335,0.6579,0.0802,0.2618,0.2805,False
P04,12,2028,0.8863,0.6454,0.0718,0.2829,0.2947,False
P04,12,2029,0.8778,0.6317,0.0642,0.304,0.2988,False
P04,12,2030,0.8076,0.6164,0.0575,0.3262,0.3354,False
P04,12,2031,0.7803,0.6164,0.0574,0.3261,0.3557,False
P04,12,2032,0.7447,0.6166,0.0573,0.326,0.378,False
P04,12,2033,0.7143,0.6166,0.0573,0.3261,0.4024,False
P04,12,2034,0.6811,0.6166,0.0573,0.3261,0.4309,False
P04,12,2035,0.6626,0.6165,0.0573,0.3261,0.4614,False
P04,12,2036,0.6066,0.6165,0.0572,0.3263,0.4959,False
P04,12,2037,0.591,0.6164,0.0572,0.3263,0.5163,False
P04,12,2038,0.5104,0.6164,0.0573,0.3263,0.5589,False
P04,12,2039,0.4656,0.6162,0.0573,0.3265,0.5935,False
P04,12,2040,0.4154,0.6163,0.0572,0.3264,0.6301,False
P04,12,2041,0.4022,0.6161,0.0573,0.3266,0.6484,False
P04,12,2042,0.3752,0.6159,0.0573,0.3268,0.685,False
P04,12,2043,0.3423,0.6158,0.0573,0.3269,0.7134,False
P04,12,2044,0.3339,0.6158,0.0573,0.327,0.7317,False
P04,12,2045,0.3024,0.6158,0.0572,0.3269,0.748,False
P04,12,2046,0.2887,0.6156,0.0573,0.3271,0.7683,False
P04,12,2047,0.2596,0.6157,0.0572,0.3271,0.7805,False
P04,12,2048,0.2398,0.6155,0.0573,0.3272,0.811,False
P04,12,2049,0.2333,0.6156,0.0572,0.3272,0.8171,False
P04,12,2050,0.2273,0.6156,0.0572,0.3271,0.8272,False
P04,13,2025,1.0,0.6787,0.1004,0.2209,0.2805,True
P04,13,2026,0.8985,0.6679,0.0891,0.2429,0.3211,True
P04,13,2027,0.7996,0.6568,0.0788,0.2645,0.3598,True
P04,13,2028,0.6967,0.6446,0.0695,0.2859,0.4146,True
P04,13,2029,0.6445,0.6322,0.0611,0.3066,0.4553,True
P04,13,2030,0.5456,0.6191,0.0537,0.3272,0.5183,True
P04,13,2031,0.4966,0.6177,0.0539,0.3284,0.5508,True
P04,13,2032,0.4524,0.6166,0.054,0.3294,0.5833,True
P04,13,2033,0.4193,0.6153,0.0542,0.3306,0.6118,True
P04,13,2034,0.3858,0.6139,0.0544,0.3317,0.6402,True
P04,13,2035,0.3598,0.6126,0.0546,0.3328,0.6728,True
P04,13,2036,0.3082,0.6114,0.0547,0.334,0.7114,True
P04,13,2037,0.2945,0.6101,0.0548,0.335,0.7297,True
P04,13,2038,0.2487,0.609,0.055,0.336,0.7581,True
P04,13,2039,0.2259,0.6078,0.0552,0.3371,0.7866,True
P04,13,2040,0.2005,0.6067,0.0553,0.338,0.8028,True
P04,13,2041,0.1923,0.6054,0.0555,0.339,0.815,True
P04,13,2042,0.1788,0.6041,0.0557,0.3402,0.8415,True
P04,13,2043,0.1694,0.6029,0.0559,0.3412,0.8537,True
P04,13,2044,0.162,0.6017,0.0561,0.3422,0.8699,True
P04,13,2045,0.1481,0.6006,0.0562,0.3432,0.8841,True
P04,13,2046,0.1389,0.5994,0.0564,0.3443,0.9024,True
P04,13,2047,0.1344,0.5982,0.0565,0.3452,0.9085,True
P04,13,2048,0.1271,0.597,0.0567,0.3463,0.9248,True
P04,13,2049,0.1268,0.5959,0.0569,0.3472,0.9228,True
P04,13,2050,0.1222,0.5948,0.0571,0.3481,0.9289,True
P04,14,2025,1.0,0.6797,0.1001,0.2202,0.2785,False
P04,14,2026,0.9437,0.6701,0.0898,0.2401,0.2907,False
P04,14,2027,0.8927,0.659,0.0807,0.2603,0.3069,False
P04,14,2028,0.8338,0.6463,0.0725,0.2812,0.3272,False
P04,14,2029,0.8157,0.6322,0.0653,0.3026,0.3374,False
P04,14,2030,0.754,0.6157,0.0589,0.3254,0.3638,False
P04,14,2031,0.7261,0.6178,0.0585,0.3236,0.3801,False
P04,14,2032,0.6965,0.6202,0.058,0.3217,0.4045,False
P04,14,2033,0.6737,0.6223,0.0577,0.32,0.4167,False
P04,14,2034,0.6383,0.6246,0.0573,0.318,0.4472,False
P04,14,2035,0.6138,0.6267,0.057,0.3163,0.4797,False
P04,14,2036,0.5565,0.6289,0.0565,0.3145,0.5163,False
P04,14,2037,0.5343,0.631,0.0562,0.3128,0.5407,False
P04,14,2038,0.475,0.6333,0.0558,0.3109,0.5752,False
P04,14,2039,0.4385,0.6354,0.0555,0.3091,0.5996,False
P04,14,2040,0.4019,0.6378,0.0551,0.3071,0.622,False
P04,14,2041,0.3797,0.6399,0.0547,0.3054,0.6402,False
P04,14,2042,0.3584,0.6419,0.0544,0.3037,0.6646,False
P04,14,2043,0.3409,0.6439,0.0541,0.3019,0.685,False
P04,14,2044,0.3286,0.646,0.0538,0.3002,0.7012,False
P04,14,2045,0.2999,0.6481,0.0534,0.2985,0.7175,False
P04,14,2046,0.2769,0.6502,0.0531,0.2967,0.7398,False
P04,14,2047,0.2566,0.6522,0.0528,0.295,0.7541,False
P04,14,2048,0.2385,0.6544,0.0524,0.2931,0.7825,False
P04,14,2049,0.2285,0.6567,0.052,0.2913,0.7947,False
P04,14,2050,0.2231,0.6587,0.0517,0.2896,0.8008,False
P04,15,2025,1.0,0.6785,0.1005,0.221,0.2846,True
P04,15,2026,0.9284,0.6681,0.0886,0.2433,0.3049,True
P04,15,2027,0.8541,0.6566,0.0779,0.2656,0.3313,True
P04,15,2028,0.7887,0.6438,0.0684,0.2878,0.3679,True
P04,15,2029,0.742,0.63,0.06,0.31,0.3963,True
P04,15,2030,0.6668,0.615,0.0526,0.3324,0.437,True
P04,15,2031,0.6263,0.6155,0.0525,0.332,0.4614,True
P04,15,2032,0.5829,0.6166,0.0523,0.3312,0.4939,True
P04,15,2033,0.553,0.6171,0.0522,0.3307,0.5163,True
P04,15,2034,0.5184,0.6177,0.0522,0.3301,0.5447,True
P04,15,2035,0.4883,0.6184,0.0521,0.3295,0.5813,True
P04,15,2036,0.4386,0.6192,0.0518,0.329,0.6077,True
P04,15,2037,0.4198,0.62,0.0517,0.3283,0.6321,True
P04,15,2038,0.3678,0.6207,0.0516,0.3276,0.6565,True
P04,15,2039,0.3472,0.6215,0.0516,0.3269,0.6789,True
P04,15,2040,0.3117,0.6226,0.0514,0.326,0.6992,True
P04,15,2041,0.2956,0.6232,0.0514,0.3255,0.7114,True
P04,15,2042,0.2805,0.6238,0.0513,0.3249,0.7337,True
P04,15,2043,0.2669,0.6245,0.0512,0.3243,0.75,True
P04,15,2044,0.2577,0.6251,0.0512,0.3237,0.7642,True
P04,15,2045,0.2396,0.626,0.0509,0.3231,0.7785,True
P04,15,2046,0.2198,0.6269,0.0508,0.3223,0.7988,True
P04,15,2047,0.2055,0.6276,0.0507,0.3217,0.811,True
P04,15,2048,0.1932,0.6287,0.0506,0.3207,0.8333,True
P04,15,2049,0.1868,0.6296,0.0505,0.32,0.8455,True
P04,15,2050,0.1826,0.6302,0.0504,0.3194,0.8516,True
P04,16,2025,1.0,0.6791,0.1003,0.2206,0.2663,True
P04,16,2026,0.9482,0.6627,0.0907,0.2466,0.2805,True
P04,16,2027,0.9126,0.6449,0.0817,0.2735,0.2866,True
P04,16,2028,0.844,0.6254,0.0735,0.3011,0.3089,True
P04,16,2029,0.8063,0.6043,0.0664,0.3293,0.3333,True
P04,16,2030,0.6952,0.5823,0.0597,0.358,0.3862,True
P04,16,2031,0.6584,0.5789,0.0604,0.3606,0.4207,True
P04,16,2032,0.621,0.5761,0.0609,0.363,0.4472,True
P04,16,2033,0.5885,0.5731,0.0616,0.3653,0.4817,True
P04,16,2034,0.5538,0.5703,0.0624,0.3673,0.5142,True
P04,16,2035,0.5336,0.5673,0.0633,0.3694,0.5508,True
P04,16,2036,0.4865,0.5654,0.0628,0.3717,0.5976,True
P04,16,2037,0.4743,0.5622,0.0636,0.3742,0.6179,True
P04,16,2038,0.3888,0.5603,0.0639,0.3758,0.6585,True
P04,16,2039,0.3518,0.5584,0.0637,0.3778,0.689,True
P04,16,2040,0.3249,0.5564,0.0637,0.3799,0.7154,True
P04,16,2041,0.3165,0.5528,0.0643,0.3828,0.7276,True
P04,16,2042,0.299,0.5498,0.0649,0.3853,0.75,True
P04,16,2043,0.2858,0.5463,0.0656,0.3881,0.7663,True
P04,16,2044,0.2761,0.5429,0.0663,0.3908,0.7846,True
P04,16,2045,0.2476,0.5398,0.0665,0.3937,0.7988,True
P04,16,2046,0.2374,0.5365,0.0672,0.3963,0.8171,True
P04,16,2047,0.2206,0.5331,0.0678,0.399,0.8272,True
P04,16,2048,0.2069,0.5302,0.0686,0.4011,0.8537,True
P04,16,2049,0.206,0.5266,0.0694,0.404,0.8557,True
P04,16,2050,0.1956,0.523,0.0701,0.4069,0.8659,True
P04,17,2025,1.0,0.6785,0.1005,0.221,0.2866,True
P04,17,2026,0.906,0.6682,0.0885,0.2433,0.3394,True
P04,17,2027,0.8197,0.657,0.0777,0.2653,0.376,True
P04,17,2028,0.723,0.6448,0.0682,0.287,0.4268,True
P04,17,2029,0.679,0.6316,0.0598,0.3086,0.4614,True
P04,17,2030,0.5814,0.6172,0.0524,0.3303,0.5203,True
P04,17,2031,0.5391,0.6182,0.0523,0.3295,0.5488,True
P04,17,2032,0.5017,0.6199,0.052,0.3281,0.5752,True
P04,17,2033,0.478,0.6209,0.0518,0.3272,0.5935,True
P04,17,2034,0.449,0.6222,0.0517,0.3261,0.6138,True
P04,17,2035,0.436,0.6237,0.0516,0.3247,0.6402,True
P04,17,2036,0.3786,0.6256,0.051,0.3234,0.6789,True
P04,17,2037,0.3669,0.6268,0.0509,0.3223,0.6951,True
P04,17,2038,0.3084,0.6287,0.0507,0.3206,0.7256,True
P04,17,2039,0.2884,0.6302,0.0505,0.3193,0.748,True
P04,17,2040,0.2548,0.6321,0.0502,0.3177,0.7724,True
P04,17,2041,0.2467,0.6334,0.0501,0.3165,0.7825,True
P04,17,2042,0.2296,0.6351,0.0499,0.3151,0.8089,True
P04,17,2043,0.218,0.6364,0.0497,0.3139,0.8211,True
P04,17,2044,0.2119,0.6378,0.0495,0.3128,0.8313,True
P04,17,2045,0.1947,0.6396,0.049,0.3114,0.8415,True
P04,17,2046,0.182,0.6413,0.0488,0.3099,0.8577,True
P04,17,2047,0.1687,0.6429,0.0485,0.3086,0.8659,True
P04,17,2048,0.1546,0.645,0.0483,0.3067,0.8882,True
P04,17,2049,0.1521,0.6465,0.0481,0.3054,0.8902,True
P04,17,2050,0.1431,0.648,0.048,0.304,0.9004,True
P04,18,2025,1.0,0.6796,0.1001,0.2203,0.2764,True
P04,18,2026,0.9314,0.6658,0.0906,0.2436,0.2866,True
P04,18,2027,0.8519,0.65,0.0821,0.268,0.3028,True
P04,18,2028,0.7752,0.6318,0.0745,0.2937,0.3272,True
P04,18,2029,0.7082,0.6113,0.0679,0.3208,0.3476,True
P04,18,2030,0.6254,0.5882,0.062,0.3498,0.3841,True
P04,18,2031,0.5842,0.5886,0.0621,0.3493,0.4106,True
P04,18,2032,0.535,0.5902,0.0619,0.3479,0.4472,True
P04,18,2033,0.5048,0.5903,0.062,0.3477,0.4675,True
P04,18,2034,0.4664,0.5912,0.0621,0.3466,0.5,True
P04,18,2035,0.4356,0.5919,0.0623,0.3458,0.5325,True
P04,18,2036,0.39,0.594,0.061,0.345,0.5671,True
P04,18,2037,0.3665,0.5947,0.0611,0.3442,0.5955,True
P04,18,2038,0.3267,0.5964,0.0607,0.3429,0.626,True
P04,18,2039,0.3023,0.5975,0.0607,0.3418,0.6524,True
P04,18,2040,0.2732,0.6002,0.0598,0.34,0.6768,True
P04,18,2041,0.2555,0.6012,0.0596,0.3392,0.6951,True
P04,18,2042,0.2348,0.6027,0.0594,0.3379,0.7276,True
P04,18,2043,0.2219,0.6033,0.0594,0.3372,0.7439,True
P04,18,2044,0.2116,0.604,0.0594,0.3367,0.7622,True
P04,18,2045,0.1879,0.6059,0.0588,0.3353,0.7825,True
P04,18,2046,0.1713,0.607,0.0586,0.3344,0.8008,True
P04,18,2047,0.1573,0.608,0.0584,0.3336,0.811,True
P04,18,2048,0.1465,0.6102,0.0583,0.3314,0.8374,True
P04,18,2049,0.1422,0.6107,0.0584,0.3308,0.8435,True
P04,18,2050,0.1381,0.6112,0.0585,0.3303,0.8496,True
P04,19,2025,1.0,0.6788,0.1004,0.2208,0.2764,False
P04,19,2026,0.9479,0.6649,0.0898,0.2453,0.2764,False
P04,19,2027,0.8966,0.6496,0.0802,0.2702,0.2846,False
P04,19,2028,0.8499,0.633,0.0715,0.2955,0.2907,False
P04,19,2029,0.8403,0.6151,0.0637,0.3212,0.2927,False
P04,19,2030,0.7875,0.5955,0.0568,0.3477,0.311,False
P04,19,2031,0.7504,0.5925,0.0573,0.3502,0.3272,False
P04,19,2032,0.7074,0.5897,0.0576,0.3527,0.3496,False
P04,19,2033,0.6785,0.5865,0.0581,0.3554,0.3598,False
P04,19,2034,0.6471,0.5838,0.0586,0.3576,0.3882,False
P04,19,2035,0.6247,0.5808,0.0592,0.36,0.4126,False
P04,19,2036,0.5725,0.578,0.0594,0.3627,0.4411,False
P04,19,2037,0.5518,0.575,0.06,0.3651,0.4614,False
P04,19,2038,0.4955,0.572,0.0606,0.3674,0.4919,False
P04,19,2039,0.4563,0.5692,0.061,0.3698,0.5244,False
P04,19,2040,0.4146,0.5666,0.0614,0.372,0.5528,False
P04,19,2041,0.3899,0.5635,0.0619,0.3747,0.5732,False
P04,19,2042,0.3713,0.5602,0.0624,0.3773,0.5955,False
P04,19,2043,0.3449,0.5573,0.0629,0.3798,0.6199,False
P04,19,2044,0.3353,0.5542,0.0634,0.3824,0.6402,False
P04,19,2045,0.3107,0.5511,0.0639,0.3851,0.6565,False
P04,19,2046,0.2922,0.5478,0.0645,0.3876,0.6789,False
P04,19,2047,0.2686,0.5448,0.065,0.3902,0.6951,False
P04,19,2048,0.257,0.5417,0.0657,0.3926,0.7215,False
P04,19,2049,0.2521,0.5384,0.0663,0.3953,0.7317,False
P04,19,2050,0.2489,0.535,0.067,0.398,0.7337,False
P04,20,2025,1.0,0.6793,0.1002,0.2205,0.2805,True
P04,20,2026,0.907,0.6706,0.0889,0.2405,0.3049,True
P04,20,2027,0.8131,0.6609,0.0788,0.2603,0.3313,True
P04,20,2028,0.7207,0.6497,0.0699,0.2804,0.378,True
P04,20,2029,0.6642,0.6377,0.0619,0.3005,0.4167,True
P04,20,2030,0.5543,0.6244,0.0548,0.3208,0.4878,True
P04,20,2031,0.5052,0.6263,0.0545,0.3192,0.5203,True
P04,20,2032,0.4588,0.6288,0.0541,0.3171,0.5528,True
P04,20,2033,0.4243,0.6309,0.0538,0.3154,0.5813,True
P04,20,2034,0.3901,0.633,0.0534,0.3136,0.6077,True
P04,20,2035,0.3669,0.6351,0.0531,0.3117,0.6402,True
P04,20,2036,0.3131,0.6374,0.0527,0.3099,0.6809,True
P04,20,2037,0.2945,0.6396,0.0523,0.308,0.7053,True
P04,20,2038,0.2498,0.6421,0.052,0.306,0.7337,True
P04,20,2039,0.2286,0.6443,0.0517,0.304,0.7602,True
P04,20,2040,0.202,0.6466,0.0513,0.3021,0.7805,True
P04,20,2041,0.1925,0.6488,0.051,0.3002,0.7927,True
P04,20,2042,0.1772,0.6509,0.0507,0.2984,0.8191,True
P04,20,2043,0.1664,0.653,0.0504,0.2966,0.8333,True
P04,20,2044,0.1586,0.6553,0.0499,0.2947,0.8455,True
P04,20,2045,0.1379,0.6577,0.0495,0.2928,0.8618,True
P04,20,2046,0.1272,0.6599,0.0492,0.2909,0.878,True
P04,20,2047,0.1202,0.6621,0.0489,0.289,0.8841,True
P04,20,2048,0.1117,0.6643,0.0485,0.2872,0.9004,True
P04,20,2049,0.1095,0.6666,0.0482,0.2853,0.9004,True
P04,20,2050,0.104,0.6689,0.0478,0.2833,0.9085,True
P04,21,2025,1.0,0.6793,0.1002,0.2205,0.2764,True
P04,21,2026,0.9285,0.6635,0.0907,0.2458,0.2947,True
P04,21,2027,0.8344,0.646,0.082,0.272,0.3252,True
P04,21,2028,0.7496,0.6269,0.0741,0.299,0.3679,True
P04,21,2029,0.6969,0.6061,0.0672,0.3267,0.3963,True
P04,21,2030,0.6103,0.5839,0.0609,0.3552,0.4431,True
P04,21,2031,0.5697,0.5819,0.0614,0.3567,0.4675,True
P04,21,2032,0.5242,0.5811,0.0616,0.3573,0.502,True
P04,21,2033,0.4936,0.5793,0.062,0.3586,0.5264,True
P04,21,2034,0.4599,0.5778,0.0625,0.3597,0.5528,True
P04,21,2035,0.4368,0.5761,0.0631,0.3608,0.5854,True
P04,21,2036,0.3937,0.5757,0.0622,0.3621,0.6159,True
P04,21,2037,0.3744,0.5742,0.0627,0.3631,0.6402,True
P04,21,2038,0.3377,0.5734,0.0627,0.3639,0.6646,True
P04,21,2039,0.3145,0.5722,0.0631,0.3647,0.689,True
P04,21,2040,0.2858,0.5723,0.0625,0.3651,0.7093,True
P04,21,2041,0.2695,0.5713,0.0627,0.3661,0.7236,True
P04,21,2042,0.2521,0.5702,0.063,0.3668,0.7541,True
P04,21,2043,0.2398,0.5687,0.0634,0.3679,0.7683,True
P04,21,2044,0.2331,0.567,0.0638,0.3692,0.7785,True
P04,21,2045,0.2156,0.566,0.0638,0.3702,0.7947,True
P04,21,2046,0.1977,0.5648,0.0641,0.3711,0.813,True
P04,21,2047,0.1859,0.5636,0.0643,0.3721,0.8211,True
P04,21,2048,0.1734,0.5632,0.0647,0.372,0.8496,True
P04,21,2049,0.1704,0.5615,0.0652,0.3733,0.8537,True
P04,21,2050,0.1668,0.5598,0.0657,0.3745,0.8577,True
P04,22,2025,1.0,0.6792,0.1003,0.2206,0.2764,False
P04,22,2026,0.9647,0.6676,0.0895,0.2429,0.2825,False
P04,22,2027,0.9362,0.6547,0.0798,0.2655,0.2886,False
P04,22,2028,0.9062,0.6406,0.0711,0.2883,0.2967,False
P04,22,2029,0.9141,0.6252,0.0633,0.3114,0.3008,False
P04,22,2030,0.8771,0.6081,0.0564,0.3355,0.3211,False
P04,22,2031,0.8549,0.6075,0.0565,0.336,0.3374,False
P04,22,2032,0.8231,0.6071,0.0564,0.3364,0.3598,False
P04,22,2033,0.8086,0.6064,0.0565,0.3371,0.3679,False
P04,22,2034,0.7878,0.606,0.0566,0.3373,0.3963,False
P04,22,2035,0.7751,0.6055,0.0568,0.3377,0.4228,False
P04,22,2036,0.7224,0.605,0.0567,0.3383,0.4512,False
P04,22,2037,0.7105,0.6045,0.0568,0.3387,0.4695,False
P04,22,2038,0.6491,0.6039,0.057,0.3391,0.502,False
P04,22,2039,0.6105,0.6034,0.0571,0.3396,0.5285,False
P04,22,2040,0.5627,0.6031,0.0571,0.3398,0.5569,False
P04,22,2041,0.5395,0.6024,0.0572,0.3404,0.5732,False
P04,22,2042,0.5275,0.6017,0.0573,0.341,0.5915,False
P04,22,2043,0.4942,0.6013,0.0574,0.3413,0.6199,False
P04,22,2044,0.4857,0.6009,0.0574,0.3417,0.6402,False
P04,22,2045,0.4528,0.6005,0.0574,0.3421,0.6565,False
P04,22,2046,0.437,0.5999,0.0575,0.3426,0.6789,False
P04,22,2047,0.4025,0.5993,0.0576,0.3431,0.6951,False
P04,22,2048,0.3876,0.5989,0.0577,0.3434,0.7195,False
P04,22,2049,0.3841,0.5982,0.0578,0.344,0.7276,False
P04,22,2050,0.3823,0.5976,0.0579,0.3445,0.7317,False
P04,23,2025,1.0,0.6798,0.1001,0.2202,0.2724,True
P04,23,2026,0.9427,0.6626,0.0921,0.2453,0.2805,True
P04,23,2027,0.892,0.6431,0.0849,0.2721,0.2866,True
P04,23,2028,0.8205,0.621,0.0783,0.3007,0.3028,True
P04,23,2029,0.7727,0.5961,0.0727,0.3312,0.313,True
P04,23,2030,0.684,0.5684,0.0674,0.3642,0.3455,True
P04,23,2031,0.6482,0.5674,0.0677,0.3649,0.3679,True
P04,23,2032,0.6028,0.5673,0.0677,0.3649,0.4004,True
P04,23,2033,0.5733,0.5665,0.068,0.3656,0.4248,True
P04,23,2034,0.5376,0.5664,0.0683,0.3654,0.4573,True
P04,23,2035,0.5131,0.5655,0.0687,0.3657,0.4898,True
P04,23,2036,0.4637,0.5662,0.0678,0.366,0.5305,True
P04,23,2037,0.4434,0.5655,0.0681,0.3664,0.5569,True
P04,23,2038,0.3846,0.5663,0.0679,0.3658,0.5955,True
P04,23,2039,0.3543,0.5666,0.0674,0.366,0.6199,True
P04,23,2040,0.3238,0.5676,0.0669,0.3655,0.6463,True
P04,23,2041,0.3098,0.567,0.0672,0.3659,0.6667,True
P04,23,2042,0.2878,0.567,0.0673,0.3657,0.7012,True
P04,23,2043,0.2727,0.5665,0.0675,0.3661,0.7215,True
P04,23,2044,0.2634,0.5655,0.0678,0.3667,0.7378,True
P04,23,2045,0.2389,0.5654,0.0675,0.367,0.7541,True
P04,23,2046,0.2195,0.5651,0.0676,0.3673,0.7785,True
P04,23,2047,0.2043,0.5644,0.0677,0.3679,0.7886,True
P04,23,2048,0.1923,0.5644,0.0679,0.3677,0.815,True
P04,23,2049,0.1895,0.5631,0.0682,0.3687,0.8171,True
P04,23,2050,0.1859,0.562,0.0685,0.3695,0.8232,True
P04,24,2025,1.0,0.6798,0.1001,0.2201,0.2703,True
P04,24,2026,0.9444,0.6601,0.093,0.2469,0.2744,True
P04,24,2027,0.8966,0.6383,0.0864,0.2753,0.2744,True
P04,24,2028,0.8203,0.6142,0.0802,0.3056,0.2947,True
P04,24,2029,0.7803,0.5873,0.0751,0.3377,0.3028,True
P04,24,2030,0.6733,0.5586,0.0698,0.3716,0.3455,True
P04,24,2031,0.6328,0.5551,0.0706,0.3744,0.3699,True
P04,24,2032,0.5918,0.5522,0.0711,0.3767,0.3923,True
P04,24,2033,0.5621,0.5486,0.0718,0.3795,0.4146,True
P04,24,2034,0.5236,0.546,0.0727,0.3814,0.4512,True
P04,24,2035,0.498,0.5427,0.0736,0.3836,0.4878,True
P04,24,2036,0.4492,0.5407,0.0732,0.3861,0.5305,True
P04,24,2037,0.4319,0.537,0.0741,0.3889,0.5488,True
P04,24,2038,0.3643,0.535,0.0744,0.3906,0.5894,True
P04,24,2039,0.3365,0.5326,0.0745,0.3929,0.6159,True
P04,24,2040,0.3055,0.531,0.0744,0.3945,0.6504,True
P04,24,2041,0.2929,0.5273,0.0753,0.3975,0.6687,True
P04,24,2042,0.2732,0.5243,0.076,0.3998,0.7033,True
P04,24,2043,0.2589,0.5207,0.0768,0.4025,0.7256,True
P04,24,2044,0.2505,0.517,0.0774,0.4055,0.7419,True
P04,24,2045,0.23,0.5137,0.0778,0.4085,0.7561,True
P04,24,2046,0.2226,0.5097,0.0786,0.4117,0.7744,True
P04,24,2047,0.2061,0.5068,0.0788,0.4143,0.7866,True
P04,24,2048,0.1974,0.5035,0.0797,0.4168,0.813,True
P04,24,2049,0.1951,0.4998,0.0807,0.4195,0.8191,True
P04,24,2050,0.1893,0.496,0.0816,0.4224,0.8313,True
P04,25,2025,1.0,0.6794,0.1002,0.2204,0.2744,True
P04,25,2026,0.9118,0.6669,0.09,0.2431,0.3049,True
P04,25,2027,0.817,0.6534,0.0806,0.266,0.3313,True
P04,25,2028,0.7281,0.638,0.0722,0.2898,0.3801,True
P04,25,2029,0.6611,0.6217,0.0647,0.3136,0.4309,True
P04,25,2030,0.5404,0.6043,0.0578,0.3379,0.5041,True
P04,25,2031,0.491,0.6055,0.0577,0.3369,0.5447,True
P04,25,2032,0.4462,0.6075,0.0572,0.3353,0.5793,True
P04,25,2033,0.4144,0.6089,0.057,0.3341,0.6118,True
P04,25,2034,0.377,0.6103,0.0569,0.3328,0.6484,True
P04,25,2035,0.3518,0.612,0.0567,0.3313,0.6829,True
P04,25,2036,0.3051,0.6139,0.0561,0.33,0.7236,True
P04,25,2037,0.2891,0.6158,0.056,0.3282,0.752,True
P04,25,2038,0.2404,0.6177,0.0557,0.3266,0.7825,True
P04,25,2039,0.2183,0.6195,0.0555,0.325,0.813,True
P04,25,2040,0.1971,0.6212,0.0552,0.3236,0.8313,True
P04,25,2041,0.1871,0.6226,0.055,0.3224,0.8435,True
P04,25,2042,0.1764,0.6241,0.0548,0.3211,0.8598,True
P04,25,2043,0.1703,0.6254,0.0546,0.32,0.8679,True
P04,25,2044,0.1593,0.6271,0.0543,0.3186,0.8882,True
P04,25,2045,0.1371,0.6289,0.0539,0.3172,0.9004,True
P04,25,2046,0.1269,0.6308,0.0536,0.3156,0.9167,True
P04,25,2047,0.1215,0.6324,0.0534,0.3143,0.9228,True
P04,25,2048,0.1125,0.6342,0.0531,0.3127,0.939,True
P04,25,2049,0.1117,0.6357,0.0529,0.3114,0.937,True
P04,25,2050,0.1051,0.6375,0.0526,0.3098,0.9451,True
P04,26,2025,1.0,0.6789,0.1004,0.2207,0.2785,False
P04,26,2026,0.9371,0.671,0.0883,0.2407,0.2947,False
P04,26,2027,0.887,0.6621,0.0777,0.2602,0.3089,False
P04,26,2028,0.848,0.6522,0.0683,0.2795,0.3232,False
P04,26,2029,0.8053,0.6412,0.0601,0.2988,0.3537,False
P04,26,2030,0.7449,0.6291,0.0527,0.3181,0.3821,False
P04,26,2031,0.7075,0.6307,0.0525,0.3168,0.4045,False
P04,26,2032,0.6647,0.6326,0.0521,0.3153,0.4329,False
P04,26,2033,0.6382,0.6341,0.0519,0.314,0.4472,False
P04,26,2034,0.6099,0.6358,0.0516,0.3125,0.4736,False
P04,26,2035,0.5765,0.6375,0.0514,0.3111,0.5122,False
P04,26,2036,0.5224,0.6394,0.051,0.3096,0.5427,False
P04,26,2037,0.5015,0.6413,0.0508,0.308,0.565,False
P04,26,2038,0.4458,0.6432,0.0505,0.3063,0.5935,False
P04,26,2039,0.4224,0.6451,0.0502,0.3047,0.6159,False
P04,26,2040,0.383,0.6472,0.0499,0.3029,0.6402,False
P04,26,2041,0.3667,0.6491,0.0496,0.3013,0.6504,False
P04,26,2042,0.351,0.651,0.0493,0.2997,0.6687,False
P04,26,2043,0.3344,0.6531,0.0491,0.2979,0.689,False
P04,26,2044,0.3222,0.6551,0.0488,0.2961,0.7033,False
P04,26,2045,0.2925,0.6575,0.0483,0.2942,0.7215,False
P04,26,2046,0.2763,0.6598,0.048,0.2922,0.7419,False
P04,26,2047,0.2556,0.662,0.0477,0.2903,0.7561,False
P04,26,2048,0.2413,0.6644,0.0474,0.2882,0.7785,False
P04,26,2049,0.2341,0.6668,0.0469,0.2863,0.7866,False
P04,26,2050,0.2277,0.669,0.0466,0.2844,0.7927,False
P04,27,2025,1.0,0.6786,0.1005,0.2209,0.2642,True
P04,27,2026,0.9184,0.6709,0.088,0.2411,0.2805,True
P04,27,2027,0.8619,0.662,0.0769,0.2611,0.2886,True
P04,27,2028,0.7782,0.6517,0.0672,0.2811,0.313,True
P04,27,2029,0.7278,0.6401,0.0588,0.3011,0.3435,True
P04,27,2030,0.6185,0.6272,0.0513,0.3215,0.4004,True
P04,27,2031,0.5663,0.6299,0.051,0.3191,0.4431,True
P04,27,2032,0.5186,0.6332,0.0503,0.3165,0.4756,True
P04,27,2033,0.4825,0.6361,0.0499,0.314,0.5081,True
P04,27,2034,0.4352,0.6391,0.0496,0.3113,0.5508,True
P04,27,2035,0.4106,0.6423,0.0492,0.3085,0.5854,True
P04,27,2036,0.3593,0.6455,0.0486,0.3059,0.6321,True
P04,27,2037,0.3396,0.6487,0.0482,0.3031,0.6585,True
P04,27,2038,0.2794,0.6516,0.048,0.3004,0.6972,True
P04,27,2039,0.2448,0.6548,0.0474,0.2978,0.7276,True
P04,27,2040,0.2217,0.6579,0.047,0.2951,0.752,True
P04,27,2041,0.2046,0.6609,0.0465,0.2927,0.7744,True
P04,27,2042,0.1897,0.6638,0.0461,0.2902,0.7927,True
P04,27,2043,0.1807,0.6665,0.0457,0.2878,0.8049,True
P04,27,2044,0.1698,0.6694,0.0453,0.2853,0.8272,True
P04,27,2045,0.1516,0.6722,0.0449,0.2829,0.8394,True
P04,27,2046,0.1423,0.6751,0.0445,0.2804,0.8557,True
P04,27,2047,0.1314,0.6779,0.0441,0.2781,0.8638,True
P04,27,2048,0.1191,0.6809,0.0437,0.2754,0.8902,True
P04,27,2049,0.1147,0.6837,0.0433,0.2731,0.8923,True
P04,27,2050,0.1068,0.6864,0.0429,0.2707,0.9045,True
P04,28,2025,1.0,0.6784,0.1005,0.2211,0.2703,False
P04,28,2026,0.9695,0.6676,0.0887,0.2437,0.2683,False
P04,28,2027,0.9434,0.6557,0.0782,0.2662,0.2663,False
P04,28,2028,0.8999,0.6425,0.0688,0.2887,0.2785,False
P04,28,2029,0.8968,0.6283,0.0604,0.3113,0.2805,False
P04,28,2030,0.8165,0.6126,0.053,0.3343,0.315,False
P04,28,2031,0.79,0.6114,0.0532,0.3354,0.3354,False
P04,28,2032,0.7526,0.6103,0.0533,0.3365,0.3618,False
P04,28,2033,0.7232,0.609,0.0535,0.3375,0.3841,False
P04,28,2034,0.6888,0.608,0.0536,0.3383,0.4167,False
P04,28,2035,0.6719,0.607,0.0539,0.3391,0.4472,False
P04,28,2036,0.6166,0.6061,0.0538,0.3401,0.4817,False
P04,28,2037,0.6013,0.6052,0.054,0.3409,0.5041,False
P04,28,2038,0.5158,0.6044,0.0542,0.3413,0.5447,False
P04,28,2039,0.4721,0.6038,0.0543,0.3419,0.5772,False
P04,28,2040,0.4217,0.6033,0.0544,0.3423,0.6098,False
P04,28,2041,0.4068,0.6025,0.0545,0.343,0.6321,False
P04,28,2042,0.381,0.6018,0.0546,0.3435,0.6667,False
P04,28,2043,0.3614,0.6012,0.0548,0.344,0.689,False
P04,28,2044,0.354,0.6008,0.0547,0.3445,0.7093,False
P04,28,2045,0.3223,0.6005,0.0546,0.3448,0.7256,False
P04,28,2046,0.3109,0.6,0.0547,0.3452,0.7459,False
P04,28,2047,0.2793,0.5997,0.0547,0.3456,0.7581,False
P04,28,2048,0.2601,0.5996,0.0548,0.3456,0.7886,False
P04,28,2049,0.2533,0.5993,0.0549,0.3458,0.7947,False
P04,28,2050,0.247,0.5991,0.055,0.3459,0.8049,False
P04,29,2025,1.0,0.6798,0.1001,0.2202,0.2764,False
P04,29,2026,0.9502,0.6612,0.0926,0.2462,0.2886,False
P04,29,2027,0.9029,0.641,0.0855,0.2735,0.3028,False
P04,29,2028,0.8608,0.6191,0.079,0.3018,0.315,False
P04,29,2029,0.8409,0.5954,0.0733,0.3313,0.3272,False
P04,29,2030,0.7764,0.5697,0.0678,0.3625,0.3516,False
P04,29,2031,0.7489,0.5652,0.0688,0.366,0.3699,False
P04,29,2032,0.7103,0.5614,0.0694,0.3692,0.3984,False
P04,29,2033,0.6901,0.5568,0.0704,0.3728,0.4085,False
P04,29,2034,0.665,0.5528,0.0715,0.3758,0.437,False
P04,29,2035,0.6433,0.5482,0.0726,0.3792,0.4695,False
P04,29,2036,0.594,0.5448,0.0726,0.3826,0.5041,False
P04,29,2037,0.5757,0.5403,0.0737,0.3861,0.5285,False
P04,29,2038,0.5123,0.5367,0.0743,0.389,0.565,False
P04,29,2039,0.4812,0.5331,0.0746,0.3923,0.5874,False
P04,29,2040,0.4469,0.5299,0.0749,0.3952,0.6118,False
P04,29,2041,0.4333,0.5254,0.0757,0.3989,0.6199,False
P04,29,2042,0.4197,0.5207,0.0767,0.4026,0.6382,False
P04,29,2043,0.401,0.5165,0.0778,0.4057,0.6626,False
P04,29,2044,0.3897,0.512,0.0788,0.4092,0.6809,False
P04,29,2045,0.3589,0.5078,0.0795,0.4127,0.6992,False
P04,29,2046,0.3353,0.5036,0.0805,0.416,0.7236,False
P04,29,2047,0.3133,0.4993,0.0815,0.4192,0.7378,False
P04,29,2048,0.2997,0.4951,0.0826,0.4223,0.7622,False
P04,29,2049,0.2952,0.4904,0.0836,0.426,0.7703,False
P04,29,2050,0.2913,0.4857,0.0847,0.4296,0.7764,False
